ticker,trade_date,open_price,high_price,low_price,close_price
TCS.NS,2026-08-11,2438.0,2456.60009765625,2428.0,2445.699951171875
TCS.NS,2026-08-12,2445.699951171875,2445.800048828125,2300.10009765625,2349.699951171875
TCS.NS,2026-08-13,2349.699951171875,2375.0,2332.300048828125,2375.0
TCS.NS,2026-08-14,2375.10009765625,2390.0,2333.39990234375,2361.0
TCS.NS,2026-08-17,2351.0,2361.10009765625,2310.60009765625,2313.199951171875
TCS.NS,2026-08-18,2300.0,2307.0,2280.0,2280.0
TCS.NS,2026-08-19,2293.60009765625,2308.199951171875,2258.300048828125,2283.0
RELIANCE.NS,2026-08-11,1326.5999755859375,1328.699951171875,1314.0999755859375,1323.9000244140625
RELIANCE.NS,2026-08-12,1323.9000244140625,1329.0,1309.199951171875,1329.0
RELIANCE.NS,2026-08-13,1327.800048828125,1327.800048828125,1307.199951171875,1317.0
RELIANCE.NS,2026-08-14,1317.0,1317.5,1301.5,1310.0
RELIANCE.NS,2026-08-17,1314.0,1320.800048828125,1298.0999755859375,1316.0
RELIANCE.NS,2026-08-18,1314.0,1328.5999755859375,1311.199951171875,1322.0
RELIANCE.NS,2026-08-19,1320.300048828125,1321.5999755859375,1310.5,1313.4000244140625
TCS.NS,2006-08-21,244.0,244.0,239.25,242.3249969482422
TCS.NS,2006-08-22,243.0,245.75,242.5,243.85000610351562
TCS.NS,2006-08-23,244.0,244.6875,240.02499389648438,240.77499389648438
TCS.NS,2006-08-24,242.5,243.72500610351562,238.3125,242.60000610351562
TCS.NS,2006-08-25,242.75,244.22500610351562,241.91250610351562,243.60000610351562
TCS.NS,2006-08-28,243.75,246.3249969482422,242.0749969482422,245.27499389648438
TCS.NS,2006-08-29,246.25,248.0,245.75,247.52499389648438
TCS.NS,2006-08-30,247.77499389648438,248.75,245.2624969482422,245.9499969482422
TCS.NS,2006-08-31,246.0,251.0,246.0,249.5124969482422
TCS.NS,2006-09-01,249.0,250.25,247.77499389648438,249.8125
TCS.NS,2006-09-04,249.75,255.0,249.75,254.28750610351562
TCS.NS,2006-09-05,255.75,257.5,250.25,251.4499969482422
TCS.NS,2006-09-06,254.375,254.375,247.77499389648438,248.39999389648438
TCS.NS,2006-09-07,245.0749969482422,248.75,245.0749969482422,246.6750030517578
TCS.NS,2006-09-08,251.5,251.5,246.25,247.75
TCS.NS,2006-09-11,249.75,249.75,237.25,238.3625030517578
TCS.NS,2006-09-12,238.75,245.0,238.0,244.47500610351562
TCS.NS,2006-09-13,245.75,252.0,245.25,249.9875030517578
TCS.NS,2006-09-14,252.25,254.0,250.47500610351562,253.35000610351562
TCS.NS,2006-09-15,253.5,253.5,249.1750030517578,250.6750030517578
TCS.NS,2006-09-18,251.75,252.75,248.02499389648438,249.03750610351562
TCS.NS,2006-09-19,249.25,255.0,247.60000610351562,252.5124969482422
TCS.NS,2006-09-20,252.75,258.5,248.52499389648438,257.51251220703125
TCS.NS,2006-09-21,258.0,264.4750061035156,254.5,263.25
TCS.NS,2006-09-22,261.25,263.4624938964844,257.5249938964844,259.88751220703125
TCS.NS,2006-09-25,261.75,262.5,255.5625,256.3999938964844
TCS.NS,2006-09-26,257.5,262.5,256.2250061035156,261.07501220703125
TCS.NS,2006-09-27,262.5,263.75,259.0375061035156,260.6625061035156
TCS.NS,2006-09-28,261.26251220703125,262.25,253.25,255.1125030517578
TCS.NS,2006-09-29,255.52499389648438,258.7749938964844,255.0,255.5124969482422
TCS.NS,2006-10-03,258.75,258.75,252.25,253.5749969482422
TCS.NS,2006-10-04,254.0,254.0,245.83749389648438,246.85000610351562
TCS.NS,2006-10-05,249.5,252.25,248.25,249.9375
TCS.NS,2006-10-06,250.25,251.75,247.0,248.5500030517578
TCS.NS,2006-10-09,246.25,252.25,245.1374969482422,250.53750610351562
TCS.NS,2006-10-10,250.75,254.4499969482422,250.75,252.875
TCS.NS,2006-10-11,257.5,269.8500061035156,257.5,261.1875
TCS.NS,2006-10-12,262.5,271.25,260.25,270.63751220703125
TCS.NS,2006-10-13,272.3500061035156,280.0,270.5249938964844,275.8999938964844
TCS.NS,2006-10-16,281.25,287.5,278.75,282.42498779296875
TCS.NS,2006-10-17,285.5,292.4375,277.5,279.2250061035156
TCS.NS,2006-10-18,277.5249938964844,279.25,275.25,276.5625
TCS.NS,2006-10-19,276.5,278.1875,270.6625061035156,273.1000061035156
TCS.NS,2006-10-20,275.0,275.5,271.5249938964844,272.3999938964844
TCS.NS,2006-10-23,273.7250061035156,273.7250061035156,265.3500061035156,270.0249938964844
TCS.NS,2006-10-26,270.25,272.9750061035156,268.75,269.8125
TCS.NS,2006-10-27,270.2875061035156,272.5,265.6000061035156,268.6625061035156
TCS.NS,2006-10-30,269.0,272.0,265.04998779296875,269.8374938964844
TCS.NS,2006-10-31,270.0,274.70001220703125,268.7749938964844,271.7749938964844
TCS.NS,2006-11-01,274.25,276.4750061035156,270.07501220703125,270.79998779296875
TCS.NS,2006-11-02,272.5,272.5,268.0,270.01251220703125
TCS.NS,2006-11-03,271.25,272.0,264.5,266.73748779296875
TCS.NS,2006-11-06,266.625,267.4750061035156,264.0,264.8500061035156
TCS.NS,2006-11-07,268.5,271.2250061035156,265.04998779296875,266.2875061035156
TCS.NS,2006-11-08,266.25,267.7250061035156,262.7875061035156,265.82501220703125
TCS.NS,2006-11-09,267.25,268.75,263.3374938964844,265.8999938964844
TCS.NS,2006-11-10,267.5,273.67498779296875,266.2749938964844,267.17498779296875
TCS.NS,2006-11-13,267.70001220703125,270.0,266.5249938964844,268.9375
TCS.NS,2006-11-14,270.25,277.5,270.25,276.5625
TCS.NS,2006-11-15,278.75,280.5,272.63751220703125,274.20001220703125
TCS.NS,2006-11-16,275.0,276.5,270.875,271.8374938964844
TCS.NS,2006-11-17,273.5,274.375,270.29998779296875,273.7875061035156
TCS.NS,2006-11-20,271.26251220703125,280.25,266.38751220703125,279.4624938964844
TCS.NS,2006-11-21,279.04998779296875,288.0,278.5,287.13751220703125
TCS.NS,2006-11-22,288.5,292.75,283.8374938964844,287.0249938964844
TCS.NS,2006-11-23,289.0,292.3500061035156,285.0,286.0375061035156
TCS.NS,2006-11-24,287.5,289.2250061035156,284.0375061035156,287.5
TCS.NS,2006-11-27,287.5,291.0,287.5,290.20001220703125
TCS.NS,2006-11-28,287.5,289.0,277.7875061035156,287.4624938964844
TCS.NS,2006-11-29,290.0,292.20001220703125,287.5,291.13751220703125
TCS.NS,2006-11-30,293.20001220703125,301.25,291.5,299.70001220703125
TCS.NS,2006-12-01,300.0,300.0,295.3125,297.3374938964844
TCS.NS,2006-12-04,300.0,302.75,297.5,298.1000061035156
TCS.NS,2006-12-05,302.42498779296875,302.42498779296875,296.25,297.9750061035156
TCS.NS,2006-12-06,293.04998779296875,301.75,293.04998779296875,299.6499938964844
TCS.NS,2006-12-07,301.25,308.61248779296875,296.7749938964844,298.57501220703125
TCS.NS,2006-12-08,299.75,299.75,293.3374938964844,294.2250061035156
TCS.NS,2006-12-11,293.75,297.25,283.5,293.36248779296875
TCS.NS,2006-12-12,292.5,295.0,276.25,280.125
TCS.NS,2006-12-13,280.125,285.25,270.0874938964844,280.2124938964844
TCS.NS,2006-12-14,276.26251220703125,290.0,276.26251220703125,287.3999938964844
TCS.NS,2006-12-15,292.1000061035156,292.1000061035156,287.0,290.04998779296875
TCS.NS,2006-12-18,288.75,297.1000061035156,281.0,295.3125
TCS.NS,2006-12-19,295.25,295.95001220703125,281.25,285.4624938964844
TCS.NS,2006-12-20,287.5,291.9624938964844,278.76251220703125,282.1875
TCS.NS,2006-12-21,284.25,287.5,277.75,284.23748779296875
TCS.NS,2006-12-22,283.75,290.0,282.0249938964844,288.48748779296875
TCS.NS,2006-12-26,288.25,298.6000061035156,288.25,297.8500061035156
TCS.NS,2006-12-27,298.75,301.5,295.26251220703125,299.0
TCS.NS,2006-12-28,301.3500061035156,305.0,297.0,302.9750061035156
TCS.NS,2006-12-29,303.36248779296875,307.3500061035156,300.625,305.5
TCS.NS,2007-01-02,307.3500061035156,314.5,304.0,312.125
TCS.NS,2007-01-03,313.25,322.0,309.7875061035156,320.0375061035156
TCS.NS,2007-01-04,321.25,321.25,312.5249938964844,314.76251220703125
TCS.NS,2007-01-05,316.25,317.1499938964844,313.2749938964844,315.75
TCS.NS,2007-01-08,314.75,314.75,303.75,310.95001220703125
TCS.NS,2007-01-09,311.9750061035156,315.4624938964844,306.3125,314.1000061035156
TCS.NS,2007-01-10,311.13751220703125,313.75,307.5,308.8500061035156
TCS.NS,2007-01-11,299.7250061035156,324.5,299.7250061035156,319.4125061035156
TCS.NS,2007-01-12,322.5375061035156,332.25,322.5375061035156,330.98748779296875
TCS.NS,2007-01-15,337.5,342.0,325.01251220703125,331.5874938964844
TCS.NS,2007-01-16,347.23748779296875,347.23748779296875,329.75,331.0249938964844
TCS.NS,2007-01-17,332.4750061035156,333.75,325.0,326.1625061035156
TCS.NS,2007-01-18,326.25,331.48748779296875,326.25,328.86248779296875
TCS.NS,2007-01-19,328.86248779296875,331.625,323.0375061035156,324.5375061035156
TCS.NS,2007-01-22,325.0249938964844,330.6000061035156,322.51251220703125,328.36248779296875
TCS.NS,2007-01-23,328.2749938964844,328.48748779296875,325.0,325.67498779296875
TCS.NS,2007-01-24,327.875,328.5,324.5375061035156,326.7875061035156
TCS.NS,2007-01-25,331.25,342.25,325.7250061035156,328.86248779296875
TCS.NS,2007-01-29,328.75,328.75,322.75,324.4375
TCS.NS,2007-01-31,324.2749938964844,328.4750061035156,318.0,319.4750061035156
TCS.NS,2007-02-01,322.48748779296875,323.75,318.75,323.01251220703125
TCS.NS,2007-02-02,324.75,326.75,323.76251220703125,325.125
TCS.NS,2007-02-05,326.25,328.4750061035156,323.5,326.45001220703125
TCS.NS,2007-02-06,328.25,328.4750061035156,322.51251220703125,324.6000061035156
TCS.NS,2007-02-07,325.0,328.1000061035156,323.79998779296875,326.57501220703125
TCS.NS,2007-02-08,327.8500061035156,328.7250061035156,324.3374938964844,326.125
TCS.NS,2007-02-09,327.3500061035156,329.36248779296875,320.7875061035156,321.8500061035156
TCS.NS,2007-02-12,312.5,324.67498779296875,312.5,313.95001220703125
TCS.NS,2007-02-13,314.0,321.2250061035156,308.75,313.2250061035156
TCS.NS,2007-02-14,313.25,316.75,310.0,315.1875
TCS.NS,2007-02-15,316.25,325.0,306.2749938964844,323.0625
TCS.NS,2007-02-19,325.3500061035156,329.67498779296875,323.79998779296875,327.45001220703125
TCS.NS,2007-02-20,328.4750061035156,330.95001220703125,323.75,324.88751220703125
TCS.NS,2007-02-21,325.0,327.9375,320.0,320.9624938964844
TCS.NS,2007-02-22,325.0,328.1000061035156,321.5,323.57501220703125
TCS.NS,2007-02-23,323.75,324.875,318.25,319.3374938964844
TCS.NS,2007-02-26,318.0,323.4624938964844,308.125,321.5249938964844
TCS.NS,2007-02-27,313.5,323.54998779296875,313.5,316.0375061035156
TCS.NS,2007-02-28,308.25,311.23748779296875,293.0,298.3500061035156
TCS.NS,2007-03-01,300.0,317.0,297.6000061035156,313.6625061035156
TCS.NS,2007-03-02,313.70001220703125,315.0,300.25,302.13751220703125
TCS.NS,2007-03-05,297.5,299.75,287.5,288.88751220703125
TCS.NS,2007-03-06,302.5,333.75,290.2749938964844,299.3125
TCS.NS,2007-03-07,300.5,306.17498779296875,289.3500061035156,297.95001220703125
TCS.NS,2007-03-08,297.5,307.42498779296875,297.5,304.6000061035156
TCS.NS,2007-03-09,307.07501220703125,308.25,299.5,303.0375061035156
TCS.NS,2007-03-12,306.17498779296875,313.42498779296875,302.75,308.75
TCS.NS,2007-03-13,306.375,317.2250061035156,300.0249938964844,316.3500061035156
TCS.NS,2007-03-14,306.25,310.4750061035156,301.25,303.38751220703125
TCS.NS,2007-03-15,307.5,312.75,307.0,308.57501220703125
TCS.NS,2007-03-16,310.3500061035156,314.4624938964844,303.7875061035156,309.4125061035156
TCS.NS,2007-03-19,304.07501220703125,316.1875,300.45001220703125,315.2250061035156
TCS.NS,2007-03-20,315.0,319.125,312.0,313.25
TCS.NS,2007-03-21,315.25,317.3500061035156,310.0,316.75
TCS.NS,2007-03-22,319.25,326.75,319.25,325.76251220703125
TCS.NS,2007-03-23,328.0,330.0,320.0,322.04998779296875
TCS.NS,2007-03-26,321.25,324.67498779296875,313.8125,315.3374938964844
TCS.NS,2007-03-28,317.4750061035156,317.4750061035156,298.51251220703125,300.25
TCS.NS,2007-03-29,297.23748779296875,314.20001220703125,297.23748779296875,312.0874938964844
TCS.NS,2007-03-30,312.0874938964844,313.70001220703125,305.0625,308.4624938964844
TCS.NS,2007-04-02,302.5,305.0,296.25,297.29998779296875
TCS.NS,2007-04-03,298.75,304.20001220703125,297.0,300.6625061035156
TCS.NS,2007-04-04,304.5,306.17498779296875,297.6000061035156,299.6000061035156
TCS.NS,2007-04-05,299.86248779296875,301.5,296.5249938964844,298.54998779296875
TCS.NS,2007-04-09,300.125,306.6875,300.125,304.29998779296875
TCS.NS,2007-04-10,304.29998779296875,306.25,298.8374938964844,299.3374938964844
TCS.NS,2007-04-11,301.3500061035156,302.36248779296875,296.75,297.63751220703125
TCS.NS,2007-04-12,297.0,302.25,293.0,300.23748779296875
TCS.NS,2007-04-13,302.5,317.1000061035156,298.5,315.5
TCS.NS,2007-04-16,321.0,326.4750061035156,317.5625,320.0625
TCS.NS,2007-04-17,321.42498779296875,328.75,309.5,312.5625
TCS.NS,2007-04-18,313.5,316.25,310.25,311.875
TCS.NS,2007-04-19,307.5,312.0,301.2749938964844,310.7250061035156
TCS.NS,2007-04-20,313.0,316.98748779296875,312.5249938964844,314.4125061035156
TCS.NS,2007-04-23,313.75,317.45001220703125,311.25,311.95001220703125
TCS.NS,2007-04-24,311.0,315.5,304.75,306.2124938964844
TCS.NS,2007-04-25,306.25,306.7250061035156,302.0,305.3374938964844
TCS.NS,2007-04-26,306.75,312.3999938964844,305.0,310.1000061035156
TCS.NS,2007-04-27,308.75,309.125,304.3125,308.625
TCS.NS,2007-04-30,310.26251220703125,317.4750061035156,301.25,316.5
TCS.NS,2007-05-03,318.70001220703125,323.70001220703125,318.13751220703125,322.54998779296875
TCS.NS,2007-05-04,324.75,332.4750061035156,317.25,318.26251220703125
TCS.NS,2007-05-07,320.5,321.2250061035156,316.2875061035156,318.2250061035156
TCS.NS,2007-05-08,317.5,320.0,314.3125,316.63751220703125
TCS.NS,2007-05-09,325.0,325.0,306.25,309.875
TCS.NS,2007-05-10,311.25,322.4750061035156,306.5,307.42498779296875
TCS.NS,2007-05-11,312.5,314.75,302.5,313.13751220703125
TCS.NS,2007-05-14,319.625,319.625,311.5249938964844,312.5625
TCS.NS,2007-05-15,315.0,315.0,306.25,309.51251220703125
TCS.NS,2007-05-16,316.25,316.25,302.63751220703125,306.04998779296875
TCS.NS,2007-05-17,308.2749938964844,313.42498779296875,307.5,312.5
TCS.NS,2007-05-18,314.98748779296875,319.0,312.5,313.2124938964844
TCS.NS,2007-05-21,317.5,317.5,307.5,309.26251220703125
TCS.NS,2007-05-22,309.375,311.0,305.26251220703125,307.6625061035156
TCS.NS,2007-05-23,310.375,310.375,306.2749938964844,308.3500061035156
TCS.NS,2007-05-24,312.5,312.5,305.25,306.1875
TCS.NS,2007-05-25,305.23748779296875,308.75,302.0,307.48748779296875
TCS.NS,2007-05-28,312.5,312.5,305.88751220703125,306.375
TCS.NS,2007-05-29,306.2250061035156,308.75,305.0,307.7875061035156
TCS.NS,2007-05-30,312.5,312.5,302.54998779296875,303.9125061035156
TCS.NS,2007-05-31,307.25,307.25,300.0,302.0874938964844
TCS.NS,2007-06-01,307.2749938964844,307.2749938964844,302.7875061035156,304.67498779296875
TCS.NS,2007-06-04,307.0,312.5,300.5,302.0249938964844
TCS.NS,2007-06-05,304.45001220703125,304.45001220703125,300.0,302.01251220703125
TCS.NS,2007-06-06,303.75,304.25,294.54998779296875,300.0874938964844
TCS.NS,2007-06-07,300.0,303.6000061035156,291.32501220703125,301.75
TCS.NS,2007-06-08,301.625,307.625,297.5,305.0249938964844
TCS.NS,2007-06-11,309.13751220703125,309.8500061035156,304.51251220703125,305.3374938964844
TCS.NS,2007-06-12,302.5,307.5,300.0,304.3374938964844
TCS.NS,2007-06-13,304.75,305.0,298.32501220703125,300.8125
TCS.NS,2007-06-14,302.5,305.0,300.32501220703125,301.13751220703125
TCS.NS,2007-06-15,305.0,305.0,295.0,296.1000061035156
TCS.NS,2007-06-18,298.25,298.75,290.0,290.6499938964844
TCS.NS,2007-06-19,291.2749938964844,291.375,285.82501220703125,290.0
TCS.NS,2007-06-20,290.25,293.25,285.25,286.75
TCS.NS,2007-06-21,286.25,287.70001220703125,282.5,286.3999938964844
TCS.NS,2007-06-22,286.25,288.75,283.625,284.98748779296875
TCS.NS,2007-06-25,284.98748779296875,287.5,279.6875,281.4375
TCS.NS,2007-06-26,282.75,285.0,279.4624938964844,280.4375
TCS.NS,2007-06-27,282.4750061035156,284.67498779296875,281.0,283.2875061035156
TCS.NS,2007-06-28,285.98748779296875,285.98748779296875,281.25,284.2124938964844
TCS.NS,2007-06-29,285.25,289.0,285.01251220703125,287.3374938964844
TCS.NS,2007-07-02,288.25,288.25,282.75,283.61248779296875
TCS.NS,2007-07-03,287.5,287.5,281.0,281.8999938964844
TCS.NS,2007-07-04,282.0,285.0,279.0,279.4125061035156
TCS.NS,2007-07-05,282.04998779296875,282.04998779296875,275.20001220703125,277.9125061035156
TCS.NS,2007-07-06,278.75,291.2250061035156,275.0249938964844,289.6625061035156
TCS.NS,2007-07-09,292.1000061035156,295.6000061035156,291.25,294.1875
TCS.NS,2007-07-10,296.25,300.0,292.0,295.7875061035156
TCS.NS,2007-07-11,295.5,296.25,275.0,287.2250061035156
TCS.NS,2007-07-12,288.75,292.25,283.5,290.63751220703125
TCS.NS,2007-07-13,309.0249938964844,315.375,282.5625,284.0
TCS.NS,2007-07-16,283.75,284.5,278.5,282.07501220703125
TCS.NS,2007-07-17,293.95001220703125,293.95001220703125,287.5,288.9375
TCS.NS,2007-07-18,289.25,292.5,286.8374938964844,291.6625061035156
TCS.NS,2007-07-19,291.75,296.25,291.375,295.54998779296875
TCS.NS,2007-07-20,297.25,297.48748779296875,291.8500061035156,293.9750061035156
TCS.NS,2007-07-23,292.45001220703125,298.75,290.5249938964844,297.73748779296875
TCS.NS,2007-07-24,297.4750061035156,298.0,291.75,292.9750061035156
TCS.NS,2007-07-25,292.0,292.75,286.25,287.04998779296875
TCS.NS,2007-07-26,288.75,302.5,286.2749938964844,297.2749938964844
TCS.NS,2007-07-27,290.0,293.75,281.5,288.25
TCS.NS,2007-07-30,287.5,292.5,282.5625,284.11248779296875
TCS.NS,2007-07-31,287.75,290.5,282.5,289.07501220703125
TCS.NS,2007-08-01,286.25,286.25,277.75,278.7875061035156
TCS.NS,2007-08-02,280.0,281.125,272.5,273.7875061035156
TCS.NS,2007-08-03,278.5,278.5,270.875,274.2250061035156
TCS.NS,2007-08-06,272.5,279.5,268.5,274.86248779296875
TCS.NS,2007-08-07,278.2749938964844,279.45001220703125,273.5249938964844,277.32501220703125
TCS.NS,2007-08-08,287.5,292.25,279.5,288.1499938964844
TCS.NS,2007-08-09,290.0,297.2124938964844,283.79998779296875,286.42498779296875
TCS.NS,2007-08-10,278.75,288.375,270.1000061035156,286.125
TCS.NS,2007-08-13,287.5,287.5,281.2875061035156,283.625
TCS.NS,2007-08-14,283.75,285.0,280.0,282.5625
TCS.NS,2007-08-16,275.0,279.8999938964844,271.25,272.0
TCS.NS,2007-08-17,272.0,273.25,259.79998779296875,264.0375061035156
TCS.NS,2007-08-20,270.875,274.8500061035156,262.7749938964844,263.88751220703125
TCS.NS,2007-08-21,269.125,269.125,251.125,253.8125
TCS.NS,2007-08-22,255.0,258.17498779296875,249.0,256.4750061035156
TCS.NS,2007-08-23,258.0,262.0,251.0,251.97500610351562
TCS.NS,2007-08-24,253.75,256.625,249.875,254.60000610351562
TCS.NS,2007-08-27,256.23748779296875,259.70001220703125,255.0124969482422,256.625
TCS.NS,2007-08-28,259.0,259.75,252.75,257.1875
TCS.NS,2007-08-29,255.0,259.95001220703125,250.25,257.8999938964844
TCS.NS,2007-08-30,260.5,264.75,256.25,261.5
TCS.NS,2007-08-31,263.0,267.42498779296875,261.75,266.0874938964844
TCS.NS,2007-09-03,267.5,268.75,263.3500061035156,265.3125
TCS.NS,2007-09-04,266.25,271.92498779296875,265.25,266.5249938964844
TCS.NS,2007-09-05,266.75,270.73748779296875,266.2749938964844,268.0874938964844
TCS.NS,2007-09-06,266.25,270.25,265.25,269.5
TCS.NS,2007-09-07,269.25,271.125,267.5,269.0625
TCS.NS,2007-09-10,269.0625,269.0625,261.0,261.8125
TCS.NS,2007-09-11,273.61248779296875,273.61248779296875,255.0,255.83749389648438
TCS.NS,2007-09-12,257.5,259.4375,253.375,253.89999389648438
TCS.NS,2007-09-13,256.2250061035156,258.75,252.60000610351562,257.70001220703125
TCS.NS,2007-09-14,262.5,262.5,254.52499389648438,255.6125030517578
TCS.NS,2007-09-17,256.25,257.95001220703125,248.9250030517578,249.41250610351562
TCS.NS,2007-09-18,249.25,251.9250030517578,248.25,250.6125030517578
TCS.NS,2007-09-19,256.25,258.42498779296875,254.3000030517578,255.7624969482422
TCS.NS,2007-09-20,255.0,255.52499389648438,249.3000030517578,250.5124969482422
TCS.NS,2007-09-21,247.75,256.25,244.5,254.4499969482422
TCS.NS,2007-09-24,255.0,257.5,250.0500030517578,251.8125
TCS.NS,2007-09-25,252.5,253.5,249.0500030517578,250.4250030517578
TCS.NS,2007-09-26,252.5,262.20001220703125,251.25,260.1875
TCS.NS,2007-09-27,262.5,266.875,261.75,265.625
TCS.NS,2007-09-28,256.25,270.0,256.25,265.0375061035156
TCS.NS,2007-10-01,265.25,265.25,255.75,260.4125061035156
TCS.NS,2007-10-03,262.5,273.75,262.4750061035156,269.79998779296875
TCS.NS,2007-10-04,271.25,271.25,263.5,269.82501220703125
TCS.NS,2007-10-05,269.82501220703125,269.82501220703125,264.32501220703125,268.20001220703125
TCS.NS,2007-10-08,270.26251220703125,274.70001220703125,265.54998779296875,269.5874938964844
TCS.NS,2007-10-09,270.0,276.20001220703125,268.82501220703125,273.73748779296875
TCS.NS,2007-10-10,276.17498779296875,282.5625,274.6000061035156,281.375
TCS.NS,2007-10-11,283.75,283.8500061035156,265.0,268.0
TCS.NS,2007-10-12,263.0,268.75,257.57501220703125,265.875
TCS.NS,2007-10-15,267.5,272.9125061035156,264.9375,268.5375061035156
TCS.NS,2007-10-16,275.0,278.75,265.25,267.1000061035156
TCS.NS,2007-10-17,265.0,278.75,250.0,273.67498779296875
TCS.NS,2007-10-18,283.75,287.4750061035156,269.32501220703125,280.9624938964844
TCS.NS,2007-10-19,286.9624938964844,287.5,270.6000061035156,277.2124938964844
TCS.NS,2007-10-22,279.25,279.25,266.2749938964844,267.98748779296875
TCS.NS,2007-10-23,267.0,275.0,264.75,265.8999938964844
TCS.NS,2007-10-24,275.0,275.0,260.82501220703125,262.0
TCS.NS,2007-10-25,264.75,265.0,259.5375061035156,262.3999938964844
TCS.NS,2007-10-26,262.5,271.0,260.54998779296875,267.82501220703125
TCS.NS,2007-10-29,272.25,272.5,265.3500061035156,267.0
TCS.NS,2007-10-30,268.0,268.75,260.07501220703125,262.125
TCS.NS,2007-10-31,261.75,265.92498779296875,254.25,259.5
TCS.NS,2007-11-01,263.75,263.75,254.875,255.7624969482422
TCS.NS,2007-11-02,252.5,257.5,250.75,255.3000030517578
TCS.NS,2007-11-05,255.25,257.70001220703125,251.3125,252.8249969482422
TCS.NS,2007-11-06,253.75,254.9499969482422,250.0,251.0749969482422
TCS.NS,2007-11-07,251.27499389648438,252.28750610351562,246.52499389648438,249.2624969482422
TCS.NS,2007-11-08,247.52499389648438,249.9499969482422,245.0,247.41250610351562
TCS.NS,2007-11-12,246.3125,246.3125,240.0,240.96249389648438
TCS.NS,2007-11-13,240.96249389648438,243.1750030517578,231.66250610351562,236.83749389648438
TCS.NS,2007-11-14,240.0,261.2749938964844,240.0,246.6750030517578
TCS.NS,2007-11-15,247.75,249.47500610351562,242.5,245.0500030517578
TCS.NS,2007-11-16,245.0,249.5,241.78750610351562,245.72500610351562
TCS.NS,2007-11-19,240.02499389648438,251.75,240.02499389648438,248.375
TCS.NS,2007-11-20,247.25,247.25,239.52499389648438,240.3249969482422
TCS.NS,2007-11-21,240.3249969482422,245.0,234.0,236.1999969482422
TCS.NS,2007-11-22,242.4250030517578,242.4250030517578,233.75,237.5500030517578
TCS.NS,2007-11-23,238.125,241.5,237.4375,240.2375030517578
TCS.NS,2007-11-26,245.0,248.5,242.5,246.27499389648438
TCS.NS,2007-11-27,247.625,249.72500610351562,242.52499389648438,248.9875030517578
TCS.NS,2007-11-28,250.0,250.9499969482422,242.5,244.125
TCS.NS,2007-11-29,250.0,250.125,238.75,241.5124969482422
TCS.NS,2007-11-30,241.5124969482422,254.5,241.5124969482422,253.0500030517578
TCS.NS,2007-12-03,254.0,266.5,252.60000610351562,262.4750061035156
TCS.NS,2007-12-04,262.4750061035156,262.5,256.26251220703125,257.42498779296875
TCS.NS,2007-12-05,257.5,261.25,255.125,258.29998779296875
TCS.NS,2007-12-06,260.0,262.92498779296875,257.79998779296875,258.88751220703125
TCS.NS,2007-12-07,260.0,268.01251220703125,256.5625,265.6499938964844
TCS.NS,2007-12-10,267.5249938964844,268.5,257.5,258.8999938964844
TCS.NS,2007-12-11,262.25,262.25,256.3125,260.32501220703125
TCS.NS,2007-12-12,257.04998779296875,265.0,256.5249938964844,263.3500061035156
TCS.NS,2007-12-13,262.42498779296875,265.5249938964844,256.92498779296875,257.3999938964844
TCS.NS,2007-12-14,253.8249969482422,263.75,253.8249969482422,260.1000061035156
TCS.NS,2007-12-17,268.1000061035156,268.1000061035156,251.25,253.10000610351562
TCS.NS,2007-12-18,252.5,260.0,250.8249969482422,251.22500610351562
TCS.NS,2007-12-19,253.0,257.20001220703125,252.0,256.125
TCS.NS,2007-12-20,257.375,263.48748779296875,255.75,261.3374938964844
TCS.NS,2007-12-24,270.0,280.0,262.5,277.42498779296875
TCS.NS,2007-12-26,278.75,279.92498779296875,271.5375061035156,275.07501220703125
TCS.NS,2007-12-27,276.2749938964844,280.0,271.63751220703125,277.6875
TCS.NS,2007-12-28,275.0,275.0,265.0,270.5375061035156
TCS.NS,2007-12-31,270.75,274.01251220703125,263.0,269.3500061035156
TCS.NS,2008-01-01,269.25,269.25,263.0,263.63751220703125
TCS.NS,2008-01-02,265.0,265.25,257.875,262.5
TCS.NS,2008-01-03,257.5249938964844,261.25,251.33749389648438,252.7624969482422
TCS.NS,2008-01-04,252.7624969482422,255.72500610351562,250.5749969482422,251.3000030517578
TCS.NS,2008-01-07,250.0,252.1999969482422,243.125,243.89999389648438
TCS.NS,2008-01-08,245.0,248.0,242.3249969482422,246.96249389648438
TCS.NS,2008-01-09,248.6999969482422,251.5,247.47500610351562,249.0749969482422
TCS.NS,2008-01-10,249.5,252.375,240.5,245.41250610351562
TCS.NS,2008-01-11,228.83749389648438,251.0,228.83749389648438,247.4375
TCS.NS,2008-01-14,249.9499969482422,249.9499969482422,238.89999389648438,240.28750610351562
TCS.NS,2008-01-15,241.25,242.0,233.5,235.0
TCS.NS,2008-01-16,235.0,241.6750030517578,231.25,236.2375030517578
TCS.NS,2008-01-17,241.4499969482422,241.5,229.75,230.6750030517578
TCS.NS,2008-01-18,232.375,235.0,224.27499389648438,225.8000030517578
TCS.NS,2008-01-21,226.0,226.1750030517578,201.3125,207.7624969482422
TCS.NS,2008-01-22,203.6750030517578,247.5,181.25,200.0625
TCS.NS,2008-01-23,214.75,222.5,201.25,217.9875030517578
TCS.NS,2008-01-24,217.5,222.0,206.4375,210.8125
TCS.NS,2008-01-25,213.25,224.4250030517578,212.52499389648438,221.14999389648438
TCS.NS,2008-01-28,217.5,217.5,206.25,213.5749969482422
TCS.NS,2008-01-29,214.0,221.14999389648438,213.75,216.9250030517578
TCS.NS,2008-01-30,220.5,223.0,215.0,217.46249389648438
TCS.NS,2008-01-31,217.5,222.5,208.83749389648438,218.4375
TCS.NS,2008-02-01,221.25,235.27499389648438,218.3249969482422,232.375
TCS.NS,2008-02-04,236.25,247.25,234.75,243.91250610351562
TCS.NS,2008-02-05,240.0,243.75,233.91250610351562,238.7624969482422
TCS.NS,2008-02-06,232.5,232.5,223.625,226.52499389648438
TCS.NS,2008-02-07,226.52499389648438,226.52499389648438,217.7624969482422,219.7624969482422
TCS.NS,2008-02-08,221.0,231.25,220.0,224.60000610351562
TCS.NS,2008-02-11,224.60000610351562,233.0,215.02499389648438,226.52499389648438
TCS.NS,2008-02-12,226.25,231.25,215.0,216.16250610351562
TCS.NS,2008-02-13,218.75,224.25,212.8249969482422,217.2375030517578
TCS.NS,2008-02-14,221.25,225.0,215.25,218.4499969482422
TCS.NS,2008-02-15,215.0,221.7624969482422,215.0,218.1750030517578
TCS.NS,2008-02-18,218.1750030517578,218.75,212.5,213.3000030517578
TCS.NS,2008-02-19,214.0,221.0,213.75,218.8625030517578
TCS.NS,2008-02-20,219.97500610351562,223.66250610351562,218.3125,221.52499389648438
TCS.NS,2008-02-21,224.5,232.75,220.5,228.66250610351562
TCS.NS,2008-02-22,230.0,230.22500610351562,221.25,225.1374969482422
TCS.NS,2008-02-25,232.0,232.25,222.5625,225.1875
TCS.NS,2008-02-26,231.0,231.0,223.75,224.60000610351562
TCS.NS,2008-02-27,227.0,228.71249389648438,218.5124969482422,219.3874969482422
TCS.NS,2008-02-28,221.25,222.5,218.0,220.22500610351562
TCS.NS,2008-02-29,220.0,222.9250030517578,215.875,219.35000610351562
TCS.NS,2008-03-03,216.5,217.1750030517578,210.0,212.14999389648438
TCS.NS,2008-03-04,214.5,217.5,211.77499389648438,214.6999969482422
TCS.NS,2008-03-05,211.25,220.6999969482422,211.25,218.8249969482422
TCS.NS,2008-03-07,215.64999389648438,216.52499389648438,210.5625,211.53750610351562
TCS.NS,2008-03-10,211.53750610351562,213.5,207.5,208.41250610351562
TCS.NS,2008-03-11,210.0,210.0,205.0,205.875
TCS.NS,2008-03-12,209.75,212.5,202.5625,205.8874969482422
TCS.NS,2008-03-13,203.75,203.75,190.25,194.9250030517578
TCS.NS,2008-03-14,195.0,203.22500610351562,187.5,200.96249389648438
TCS.NS,2008-03-17,193.75,199.4250030517578,192.1875,197.96249389648438
TCS.NS,2008-03-18,197.5,207.1999969482422,192.5,204.4250030517578
TCS.NS,2008-03-19,207.0,210.0,201.3874969482422,202.8625030517578
TCS.NS,2008-03-24,202.8625030517578,209.375,202.8625030517578,205.9250030517578
TCS.NS,2008-03-25,210.0,224.96249389648438,208.75,219.125
TCS.NS,2008-03-26,235.0,235.0,212.8874969482422,219.58749389648438
TCS.NS,2008-03-27,218.0,219.0,210.27499389648438,213.125
TCS.NS,2008-03-28,213.25,218.6750030517578,213.0,217.7624969482422
TCS.NS,2008-03-31,217.7624969482422,217.7624969482422,199.25,202.6125030517578
TCS.NS,2008-04-01,205.0,213.22500610351562,202.5,208.08749389648438
TCS.NS,2008-04-02,212.5,217.25,212.3125,212.8125
TCS.NS,2008-04-03,212.5,223.0,212.5,221.35000610351562
TCS.NS,2008-04-04,221.5,222.47500610351562,215.0124969482422,218.22500610351562
TCS.NS,2008-04-07,223.75,230.02499389648438,219.5500030517578,226.02499389648438
TCS.NS,2008-04-08,226.25,226.75,218.75,221.83749389648438
TCS.NS,2008-04-09,220.0,223.0,217.25,219.0625
TCS.NS,2008-04-10,220.0,229.91250610351562,219.25,224.8874969482422
TCS.NS,2008-04-11,225.7624969482422,231.25,223.3125,227.0
TCS.NS,2008-04-15,230.5,246.25,220.10000610351562,243.53750610351562
TCS.NS,2008-04-16,246.25,250.5,240.5,242.97500610351562
TCS.NS,2008-04-17,249.9250030517578,252.5,244.8874969482422,250.22500610351562
TCS.NS,2008-04-21,252.25,258.75,246.64999389648438,248.35000610351562
TCS.NS,2008-04-22,246.2375030517578,246.2375030517578,220.5,221.8000030517578
TCS.NS,2008-04-23,221.75,226.4250030517578,220.0124969482422,222.28750610351562
TCS.NS,2008-04-24,226.0,226.22500610351562,216.0,222.6875
TCS.NS,2008-04-25,228.0,228.0,221.25,222.3249969482422
TCS.NS,2008-04-28,202.25,224.0,180.0,220.4250030517578
TCS.NS,2008-04-29,220.5124969482422,232.5,217.53750610351562,227.6374969482422
TCS.NS,2008-04-30,229.02499389648438,233.9375,226.625,230.25
TCS.NS,2008-05-02,231.25,240.5,231.0,235.9375
TCS.NS,2008-05-05,236.25,237.375,230.28750610351562,231.8625030517578
TCS.NS,2008-05-06,227.5,237.5,218.14999389648438,234.2624969482422
TCS.NS,2008-05-07,237.5,244.97500610351562,237.5,241.6875
TCS.NS,2008-05-08,241.22500610351562,241.25,229.5,236.75
TCS.NS,2008-05-09,239.75,239.75,227.5,229.25
TCS.NS,2008-05-12,229.25,233.71249389648438,227.5749969482422,231.72500610351562
TCS.NS,2008-05-13,232.5,235.35000610351562,222.25,226.2624969482422
TCS.NS,2008-05-14,226.25,244.7375030517578,222.78750610351562,242.78750610351562
TCS.NS,2008-05-15,243.25,250.5,240.02499389648438,246.1875
TCS.NS,2008-05-16,248.5,248.5,242.125,245.2624969482422
TCS.NS,2008-05-20,243.75,247.5,236.8125,239.02499389648438
TCS.NS,2008-05-21,232.0,242.0,228.75,241.27499389648438
TCS.NS,2008-05-22,239.125,246.375,237.75,240.28750610351562
TCS.NS,2008-05-23,243.72500610351562,244.9250030517578,231.52499389648438,233.10000610351562
TCS.NS,2008-05-26,230.0,240.72500610351562,229.0,238.8625030517578
TCS.NS,2008-05-27,245.0,248.5,236.5,242.22500610351562
TCS.NS,2008-05-28,242.52499389648438,253.8125,242.52499389648438,252.3625030517578
TCS.NS,2008-05-29,252.25,257.0874938964844,246.0,248.66250610351562
TCS.NS,2008-05-30,247.75,262.25,244.5,259.7875061035156
TCS.NS,2008-06-02,253.75,264.3500061035156,241.25,245.96249389648438
TCS.NS,2008-06-03,240.0,247.5,234.53750610351562,243.78750610351562
TCS.NS,2008-06-04,247.4499969482422,247.4499969482422,236.58749389648438,239.1875
TCS.NS,2008-06-05,241.02499389648438,249.1999969482422,241.0,245.46249389648438
TCS.NS,2008-06-06,247.5,249.66250610351562,239.4499969482422,241.5500030517578
TCS.NS,2008-06-09,225.5625,241.22500610351562,222.5,228.52499389648438
TCS.NS,2008-06-10,227.5,229.75,216.75,219.75
TCS.NS,2008-06-11,222.5,227.5,220.0,222.58749389648438
TCS.NS,2008-06-12,223.5,225.60000610351562,214.25,222.0625
TCS.NS,2008-06-13,220.0,230.47500610351562,220.0,227.39999389648438
TCS.NS,2008-06-16,229.75,232.0,225.8125,227.6999969482422
TCS.NS,2008-06-17,226.25,231.75,226.25,230.3249969482422
TCS.NS,2008-06-18,230.1999969482422,230.25,222.75,225.22500610351562
TCS.NS,2008-06-19,220.0625,224.5,220.0,222.0
TCS.NS,2008-06-20,224.97500610351562,224.97500610351562,210.3874969482422,215.96249389648438
TCS.NS,2008-06-23,215.96249389648438,219.8625030517578,210.75,214.6125030517578
TCS.NS,2008-06-24,212.5,216.9250030517578,205.85000610351562,211.10000610351562
TCS.NS,2008-06-25,210.0,221.25,207.8249969482422,219.1999969482422
TCS.NS,2008-06-26,221.0,224.5,215.10000610351562,220.33749389648438
TCS.NS,2008-06-27,220.33749389648438,220.33749389648438,212.78750610351562,216.375
TCS.NS,2008-06-30,217.75,219.5,212.5,214.5500030517578
TCS.NS,2008-07-01,216.25,218.0,208.7624969482422,211.9250030517578
TCS.NS,2008-07-02,212.5,222.0,210.0,219.125
TCS.NS,2008-07-03,220.25,220.25,205.1374969482422,214.16250610351562
TCS.NS,2008-07-04,217.47500610351562,217.5124969482422,208.875,211.125
TCS.NS,2008-07-07,211.25,216.0,208.0,213.0625
TCS.NS,2008-07-08,207.53750610351562,211.25,204.5,207.5500030517578
TCS.NS,2008-07-09,212.5,222.4875030517578,212.5,219.1875
TCS.NS,2008-07-10,217.5,222.25,213.08749389648438,217.10000610351562
TCS.NS,2008-07-11,229.25,235.75,196.35000610351562,199.64999389648438
TCS.NS,2008-07-14,200.0,200.0,190.25,191.96249389648438
TCS.NS,2008-07-15,191.96249389648438,196.6125030517578,184.28750610351562,187.66250610351562
TCS.NS,2008-07-16,188.66250610351562,193.41250610351562,178.97500610351562,182.02499389648438
TCS.NS,2008-07-17,183.75,196.72500610351562,182.5124969482422,195.8125
TCS.NS,2008-07-18,195.0,200.5,187.25,198.46249389648438
TCS.NS,2008-07-21,199.75,203.75,195.75,203.1999969482422
TCS.NS,2008-07-22,204.0,210.9875030517578,201.5124969482422,207.96249389648438
TCS.NS,2008-07-23,207.5,217.5,204.72500610351562,215.1374969482422
TCS.NS,2008-07-24,218.625,218.625,198.08749389648438,200.6374969482422
TCS.NS,2008-07-25,199.8000030517578,212.375,195.5,199.8000030517578
TCS.NS,2008-07-28,200.0,204.2375030517578,196.25,201.5625
TCS.NS,2008-07-29,201.6750030517578,203.4499969482422,198.0,202.2375030517578
TCS.NS,2008-07-30,211.5,211.5,200.0,209.7375030517578
TCS.NS,2008-07-31,210.0,210.5,205.375,208.4375
TCS.NS,2008-08-01,206.25,214.2375030517578,202.8125,210.16250610351562
TCS.NS,2008-08-04,203.75,210.0,202.75,203.83749389648438
TCS.NS,2008-08-05,203.85000610351562,208.75,201.3125,207.4250030517578
TCS.NS,2008-08-06,209.97500610351562,217.4875030517578,209.10000610351562,215.1374969482422
TCS.NS,2008-08-07,214.75,217.47500610351562,211.25,213.33749389648438
TCS.NS,2008-08-08,211.2375030517578,214.25,208.35000610351562,211.27499389648438
TCS.NS,2008-08-11,213.0,214.4499969482422,206.125,208.4875030517578
TCS.NS,2008-08-12,208.75,210.9250030517578,203.75,204.8125
TCS.NS,2008-08-13,200.0,209.4250030517578,200.0,207.0749969482422
TCS.NS,2008-08-14,207.25,211.16250610351562,202.75,208.3000030517578
TCS.NS,2008-08-18,210.0,213.10000610351562,208.75,210.3874969482422
TCS.NS,2008-08-19,211.125,212.75,208.77499389648438,210.3125
TCS.NS,2008-08-20,210.6750030517578,212.25,208.75,210.39999389648438
TCS.NS,2008-08-21,209.0,210.5,203.8000030517578,204.46249389648438
TCS.NS,2008-08-22,204.75,206.1875,200.875,204.75
TCS.NS,2008-08-25,206.0,208.75,204.0,204.5500030517578
TCS.NS,2008-08-26,202.4875030517578,209.2375030517578,202.4875030517578,208.5124969482422
TCS.NS,2008-08-27,205.02499389648438,209.0,203.27499389648438,204.6125030517578
TCS.NS,2008-08-28,205.0,206.0625,195.66250610351562,198.08749389648438
TCS.NS,2008-08-29,200.0,204.9875030517578,200.0,203.0500030517578
TCS.NS,2008-09-01,203.75,205.0,201.75,203.7375030517578
TCS.NS,2008-09-02,203.7375030517578,213.25,203.7375030517578,212.1999969482422
TCS.NS,2008-09-04,211.25,213.6999969482422,208.08749389648438,211.0500030517578
TCS.NS,2008-09-05,212.5,212.5,206.25,209.60000610351562
TCS.NS,2008-09-08,215.0,218.60000610351562,210.5,214.1750030517578
TCS.NS,2008-09-09,213.75,217.9250030517578,210.0,216.1999969482422
TCS.NS,2008-09-10,215.28750610351562,217.5500030517578,212.02499389648438,212.72500610351562
TCS.NS,2008-09-11,212.72500610351562,217.0,207.25,209.1750030517578
TCS.NS,2008-09-12,216.25,216.25,200.2375030517578,202.6374969482422
TCS.NS,2008-09-15,195.0,199.75,186.25,190.14999389648438
TCS.NS,2008-09-16,187.375,187.75,181.25,187.21249389648438
TCS.NS,2008-09-17,187.0,191.16250610351562,182.0,182.52499389648438
TCS.NS,2008-09-18,182.0,187.25,167.75,180.28750610351562
TCS.NS,2008-09-19,194.9250030517578,194.9250030517578,182.52499389648438,191.71249389648438
TCS.NS,2008-09-22,217.0,217.0,188.25,191.6999969482422
TCS.NS,2008-09-23,178.83749389648438,191.9250030517578,178.83749389648438,180.25
TCS.NS,2008-09-24,181.1374969482422,187.0,172.5749969482422,178.2624969482422
TCS.NS,2008-09-25,178.27499389648438,179.96249389648438,167.7624969482422,172.10000610351562
TCS.NS,2008-09-26,175.0,175.0,166.5500030517578,169.0500030517578
TCS.NS,2008-09-29,169.6999969482422,169.6999969482422,153.0,155.0
TCS.NS,2008-09-30,148.0,169.1750030517578,147.5,166.39999389648438
TCS.NS,2008-10-01,167.39999389648438,171.22500610351562,161.33749389648438,167.9375
TCS.NS,2008-10-03,166.2375030517578,166.2375030517578,160.58749389648438,164.375
TCS.NS,2008-10-06,162.8125,162.8125,150.0,154.75
TCS.NS,2008-10-07,157.78750610351562,166.25,141.5,143.97500610351562
TCS.NS,2008-10-08,138.75,140.7375030517578,127.0,136.64999389648438
TCS.NS,2008-10-10,135.0,137.5,120.0999984741211,131.1999969482422
TCS.NS,2008-10-13,131.9875030517578,150.72500610351562,131.1999969482422,143.21249389648438
TCS.NS,2008-10-14,149.75,154.85000610351562,145.33749389648438,148.1750030517578
TCS.NS,2008-10-15,146.25,147.16250610351562,133.8249969482422,135.77499389648438
TCS.NS,2008-10-16,131.25,132.1750030517578,116.9749984741211,123.75
TCS.NS,2008-10-17,125.0,132.25,111.25,113.4625015258789
TCS.NS,2008-10-20,124.1624984741211,126.25,113.8125,122.8375015258789
TCS.NS,2008-10-21,134.60000610351562,141.97500610351562,123.3375015258789,139.77499389648438
TCS.NS,2008-10-22,138.75,138.75,127.7750015258789,136.66250610351562
TCS.NS,2008-10-23,131.16250610351562,147.0,125.3125,136.8249969482422
TCS.NS,2008-10-24,125.92500305175781,134.10000610351562,110.0,124.7125015258789
TCS.NS,2008-10-27,120.25,129.5,103.8375015258789,124.1875
TCS.NS,2008-10-29,140.5,143.75,132.5625,135.1999969482422
TCS.NS,2008-10-31,142.25,148.75,132.4375,134.375
TCS.NS,2008-11-03,139.9875030517578,145.75,131.7624969482422,136.85000610351562
TCS.NS,2008-11-04,149.14999389648438,149.14999389648438,122.5,127.125
TCS.NS,2008-11-05,128.75,137.22500610351562,125.0,126.5999984741211
TCS.NS,2008-11-06,132.125,132.125,120.5250015258789,125.05000305175781
TCS.NS,2008-11-07,125.0,133.75,121.4375,131.28750610351562
TCS.NS,2008-11-10,137.47500610351562,138.125,128.7624969482422,136.6125030517578
TCS.NS,2008-11-11,135.5,136.9375,130.0,132.21249389648438
TCS.NS,2008-11-12,132.21249389648438,138.6125030517578,128.7624969482422,133.72500610351562
TCS.NS,2008-11-14,136.25,137.125,130.875,132.71249389648438
TCS.NS,2008-11-17,132.25,134.25,126.375,129.75
TCS.NS,2008-11-18,130.0,130.0,120.0,120.7874984741211
TCS.NS,2008-11-19,122.5,124.0,117.92500305175781,120.6624984741211
TCS.NS,2008-11-20,120.0,120.0,115.0,118.25
TCS.NS,2008-11-21,117.42500305175781,129.25,115.0,126.61250305175781
TCS.NS,2008-11-24,126.0,132.91250610351562,122.5625,129.97500610351562
TCS.NS,2008-11-25,129.77499389648438,134.9875030517578,125.01249694824219,126.0
TCS.NS,2008-11-26,125.8125,132.5,124.2874984741211,131.8625030517578
TCS.NS,2008-11-27,131.8625030517578,131.8625030517578,131.8625030517578,131.8625030517578
TCS.NS,2008-11-28,129.5,142.0,129.5,139.85000610351562
TCS.NS,2008-12-01,139.85000610351562,148.4375,139.08749389648438,141.03750610351562
TCS.NS,2008-12-02,142.5,142.5,130.7624969482422,133.21249389648438
TCS.NS,2008-12-03,134.08749389648438,137.9250030517578,130.39999389648438,133.6999969482422
TCS.NS,2008-12-04,133.75,138.4250030517578,125.8375015258789,137.35000610351562
TCS.NS,2008-12-05,134.60000610351562,136.3249969482422,129.5625,130.4499969482422
TCS.NS,2008-12-08,133.75,136.5625,128.10000610351562,130.5625
TCS.NS,2008-12-10,137.4499969482422,139.1999969482422,132.375,135.2624969482422
TCS.NS,2008-12-11,137.4250030517578,137.4250030517578,125.5,126.9124984741211
TCS.NS,2008-12-12,127.48750305175781,127.48750305175781,118.8125,120.32499694824219
TCS.NS,2008-12-15,125.5,125.5,116.8125,117.4124984741211
TCS.NS,2008-12-16,117.5,121.2249984741211,116.25,119.8375015258789
TCS.NS,2008-12-17,121.3375015258789,123.0,118.0,119.32499694824219
TCS.NS,2008-12-18,118.7249984741211,128.52499389648438,118.0,127.625
TCS.NS,2008-12-19,125.75,133.5,123.5250015258789,128.3874969482422
TCS.NS,2008-12-22,129.875,129.875,125.8499984741211,127.63749694824219
TCS.NS,2008-12-23,123.80000305175781,127.9000015258789,123.0625,125.1500015258789
TCS.NS,2008-12-24,124.17500305175781,126.1875,118.0625,119.5374984741211
TCS.NS,2008-12-26,116.30000305175781,123.75,116.30000305175781,117.9124984741211
TCS.NS,2008-12-29,119.0,119.875,115.0,119.19999694824219
TCS.NS,2008-12-30,121.25,123.375,117.5,120.63749694824219
TCS.NS,2008-12-31,123.07499694824219,123.07499694824219,118.0625,119.4749984741211
TCS.NS,2009-01-02,124.26249694824219,127.17500305175781,123.5374984741211,124.57499694824219
TCS.NS,2009-01-05,125.5,130.75,124.5,128.8125
TCS.NS,2009-01-06,128.75,130.5,124.5625,126.5999984741211
TCS.NS,2009-01-07,129.75,129.9499969482422,116.1500015258789,126.19999694824219
TCS.NS,2009-01-09,124.9749984741211,137.4499969482422,121.25,134.2375030517578
TCS.NS,2009-01-12,127.9124984741211,132.5,126.2750015258789,128.1374969482422
TCS.NS,2009-01-13,124.9000015258789,134.25,122.05000305175781,131.41250610351562
TCS.NS,2009-01-14,132.0,139.39999389648438,132.0,134.7375030517578
TCS.NS,2009-01-15,130.0,130.75,124.5875015258789,127.61250305175781
TCS.NS,2009-01-16,127.17500305175781,129.75,121.625,125.75
TCS.NS,2009-01-19,129.47500610351562,129.47500610351562,121.82499694824219,125.1875
TCS.NS,2009-01-20,123.67500305175781,126.9749984741211,122.5,124.11250305175781
TCS.NS,2009-01-21,122.75,125.25,121.25,123.07499694824219
TCS.NS,2009-01-22,123.75,126.01249694824219,120.7874984741211,124.1500015258789
TCS.NS,2009-01-23,122.5250015258789,124.7249984741211,120.82499694824219,121.5374984741211
TCS.NS,2009-01-27,122.75,128.75,122.75,124.7750015258789
TCS.NS,2009-01-28,118.80000305175781,127.5,118.80000305175781,126.86250305175781
TCS.NS,2009-01-29,128.0124969482422,129.5,124.0250015258789,128.5
TCS.NS,2009-01-30,126.25,128.75,124.57499694824219,127.9000015258789
TCS.NS,2009-02-02,127.19999694824219,127.19999694824219,121.7874984741211,122.82499694824219
TCS.NS,2009-02-03,123.25,127.44999694824219,123.25,124.9625015258789
TCS.NS,2009-02-04,125.75,128.22500610351562,123.25,124.6624984741211
TCS.NS,2009-02-05,125.0,125.6500015258789,119.5625,120.7249984741211
TCS.NS,2009-02-06,122.5,126.9749984741211,121.75,125.69999694824219
TCS.NS,2009-02-09,125.0,130.91250610351562,124.1624984741211,128.75
TCS.NS,2009-02-10,129.25,132.0,127.75,131.14999389648438
TCS.NS,2009-02-11,129.5,130.75,128.0,128.6875
TCS.NS,2009-02-12,128.0,128.9250030517578,126.0250015258789,127.4749984741211
TCS.NS,2009-02-13,127.5,130.0,126.75,127.80000305175781
TCS.NS,2009-02-16,126.9000015258789,128.7375030517578,124.5,125.1875
TCS.NS,2009-02-17,124.0,124.94999694824219,120.0,121.3125
TCS.NS,2009-02-18,120.3375015258789,122.7249984741211,119.25,120.1875
TCS.NS,2009-02-19,120.5,123.19999694824219,119.75,122.375
TCS.NS,2009-02-20,121.625,121.875,116.07499694824219,118.51249694824219
TCS.NS,2009-02-24,117.5,118.92500305175781,115.125,117.2249984741211
TCS.NS,2009-02-25,117.5,121.19999694824219,117.5,120.1875
TCS.NS,2009-02-26,120.25,122.6500015258789,119.25,120.55000305175781
TCS.NS,2009-02-27,120.5,122.25,113.8125,120.7750015258789
TCS.NS,2009-03-02,118.5250015258789,120.5,113.69999694824219,114.9625015258789
TCS.NS,2009-03-03,113.0,116.5,109.8375015258789,111.55000305175781
TCS.NS,2009-03-04,112.0,116.11250305175781,111.55000305175781,115.13749694824219
TCS.NS,2009-03-05,116.23750305175781,117.7249984741211,114.5,115.80000305175781
TCS.NS,2009-03-06,115.0,121.2125015258789,114.4124984741211,120.42500305175781
TCS.NS,2009-03-09,117.7750015258789,120.0,114.75,115.75
TCS.NS,2009-03-12,115.4124984741211,121.25,115.4124984741211,119.3499984741211
TCS.NS,2009-03-13,118.3375015258789,127.5,118.3375015258789,126.7125015258789
TCS.NS,2009-03-16,127.5,130.6999969482422,125.5999984741211,129.9499969482422
TCS.NS,2009-03-17,128.75,129.5,123.26249694824219,124.38749694824219
TCS.NS,2009-03-18,125.0,128.625,125.0,126.2874984741211
TCS.NS,2009-03-19,126.375,129.5,125.4000015258789,128.7375030517578
TCS.NS,2009-03-20,132.22500610351562,132.22500610351562,126.375,127.44999694824219
TCS.NS,2009-03-23,131.125,132.39999389648438,127.75,129.91250610351562
TCS.NS,2009-03-24,130.5500030517578,133.125,128.0500030517578,130.41250610351562
TCS.NS,2009-03-25,125.9124984741211,132.47500610351562,125.9124984741211,131.5
TCS.NS,2009-03-26,128.16250610351562,144.4875030517578,128.16250610351562,139.6125030517578
TCS.NS,2009-03-27,134.16250610351562,146.25,134.16250610351562,143.71249389648438
TCS.NS,2009-03-30,133.4375,142.5,129.5,130.8125
TCS.NS,2009-03-31,131.25,135.97500610351562,131.25,134.6374969482422
TCS.NS,2009-04-01,134.0,138.4499969482422,130.125,136.125
TCS.NS,2009-04-02,136.41250610351562,146.75,136.41250610351562,144.6875
TCS.NS,2009-04-06,146.1999969482422,148.5,143.9250030517578,144.8874969482422
TCS.NS,2009-04-08,146.27499389648438,153.4250030517578,140.25,151.03750610351562
TCS.NS,2009-04-09,153.0,154.97500610351562,148.5625,150.6374969482422
TCS.NS,2009-04-13,151.125,152.25,143.8000030517578,148.0625
TCS.NS,2009-04-15,137.8874969482422,145.4499969482422,137.5124969482422,144.4250030517578
TCS.NS,2009-04-16,145.0,147.25,141.8000030517578,143.0124969482422
TCS.NS,2009-04-17,144.1999969482422,149.875,141.27499389648438,143.27499389648438
TCS.NS,2009-04-20,138.1875,145.4499969482422,138.1875,140.35000610351562
TCS.NS,2009-04-21,144.89999389648438,147.125,136.25,137.6875
TCS.NS,2009-04-22,140.0,141.14999389648438,134.28750610351562,135.7375030517578
TCS.NS,2009-04-23,137.375,143.21249389648438,136.3000030517578,142.02499389648438
TCS.NS,2009-04-24,139.9875030517578,146.75,139.9875030517578,145.97500610351562
TCS.NS,2009-04-27,145.96249389648438,152.1999969482422,143.125,150.47500610351562
TCS.NS,2009-04-28,149.77499389648438,151.96249389648438,144.08749389648438,149.625
TCS.NS,2009-04-29,150.5,157.25,150.5,155.89999389648438
TCS.NS,2009-04-30,155.52499389648438,155.52499389648438,155.52499389648438,155.52499389648438
TCS.NS,2009-05-04,157.75,174.89999389648438,157.53750610351562,166.60000610351562
TCS.NS,2009-05-05,167.25,168.7375030517578,159.02499389648438,162.75
TCS.NS,2009-05-06,159.5625,162.4250030517578,153.75,158.83749389648438
TCS.NS,2009-05-07,159.0,161.25,154.8249969482422,157.9250030517578
TCS.NS,2009-05-08,157.0,160.5,154.625,157.7375030517578
TCS.NS,2009-05-11,159.625,159.91250610351562,152.25,153.8125
TCS.NS,2009-05-12,152.5,161.4499969482422,152.5,160.27499389648438
TCS.NS,2009-05-13,160.5,161.22500610351562,153.75,155.4250030517578
TCS.NS,2009-05-14,154.5,156.75,151.3249969482422,154.9499969482422
TCS.NS,2009-05-15,156.0,163.71249389648438,156.0,161.0124969482422
TCS.NS,2009-05-18,191.64999389648438,197.89999389648438,173.75,185.96249389648438
TCS.NS,2009-05-19,187.5,187.5,163.89999389648438,167.4375
TCS.NS,2009-05-20,167.5,175.4875030517578,165.75,169.16250610351562
TCS.NS,2009-05-21,167.5,171.25,161.0,161.8625030517578
TCS.NS,2009-05-22,157.5,161.25,157.5,158.5124969482422
TCS.NS,2009-05-25,159.0,161.0,155.66250610351562,157.83749389648438
TCS.NS,2009-05-26,158.7375030517578,159.91250610351562,155.125,156.1125030517578
TCS.NS,2009-05-27,157.6999969482422,163.0,157.6999969482422,162.1374969482422
TCS.NS,2009-05-28,155.85000610351562,168.47500610351562,155.85000610351562,165.8000030517578
TCS.NS,2009-05-29,167.1875,177.5,163.16250610351562,176.14999389648438
TCS.NS,2009-06-01,168.33749389648438,177.46249389648438,168.33749389648438,174.41250610351562
TCS.NS,2009-06-02,175.0,177.5,172.5,173.6875
TCS.NS,2009-06-03,172.5,176.1875,170.77499389648438,174.21249389648438
TCS.NS,2009-06-04,171.75,177.25,171.58749389648438,176.8000030517578
TCS.NS,2009-06-05,177.25,182.1750030517578,174.08749389648438,180.33749389648438
TCS.NS,2009-06-08,181.1750030517578,187.4375,180.0,185.52499389648438
TCS.NS,2009-06-09,182.77499389648438,198.75,182.77499389648438,195.53750610351562
TCS.NS,2009-06-10,196.25,201.25,191.8125,195.4499969482422
TCS.NS,2009-06-11,197.0,198.1125030517578,192.5,193.77499389648438
TCS.NS,2009-06-12,196.25,198.6999969482422,190.3000030517578,191.1374969482422
TCS.NS,2009-06-15,191.1750030517578,196.25,188.75,194.5
TCS.NS,2009-06-16,191.64999389648438,196.75,185.60000610351562,194.5749969482422
TCS.NS,2009-06-17,196.0,197.5,187.5,189.375
TCS.NS,2009-06-18,189.0,196.5,186.02499389648438,188.1999969482422
TCS.NS,2009-06-19,188.5,196.0,187.5,189.89999389648438
TCS.NS,2009-06-22,192.1999969482422,193.89999389648438,184.0,184.8249969482422
TCS.NS,2009-06-23,180.0,188.875,179.0,183.3249969482422
TCS.NS,2009-06-24,186.47500610351562,194.25,180.10000610351562,190.875
TCS.NS,2009-06-25,191.0,196.0,185.14999389648438,190.25
TCS.NS,2009-06-26,191.25,202.1999969482422,188.27499389648438,198.6999969482422
TCS.NS,2009-06-29,199.9250030517578,201.0,191.6750030517578,193.10000610351562
TCS.NS,2009-06-30,193.75,199.0,191.5749969482422,194.9250030517578
TCS.NS,2009-07-01,193.5500030517578,197.5,191.22500610351562,196.47500610351562
TCS.NS,2009-07-02,195.0,197.64999389648438,190.60000610351562,195.0
TCS.NS,2009-07-03,192.5,196.1999969482422,192.5,195.47500610351562
TCS.NS,2009-07-06,198.5,199.22500610351562,189.1750030517578,190.35000610351562
TCS.NS,2009-07-07,192.0,196.625,190.0,194.5749969482422
TCS.NS,2009-07-08,194.35000610351562,194.4499969482422,184.125,190.5749969482422
TCS.NS,2009-07-09,191.0500030517578,195.5500030517578,185.5,194.0749969482422
TCS.NS,2009-07-10,195.5,200.72500610351562,195.0,197.5749969482422
TCS.NS,2009-07-13,195.0,200.5,194.125,198.75
TCS.NS,2009-07-14,202.5,205.5500030517578,200.1999969482422,203.47500610351562
TCS.NS,2009-07-15,205.4499969482422,213.64999389648438,205.0,211.5749969482422
TCS.NS,2009-07-16,214.0,217.39999389648438,206.60000610351562,209.89999389648438
TCS.NS,2009-07-17,210.6999969482422,222.875,210.5,217.0500030517578
TCS.NS,2009-07-20,222.5,257.45001220703125,222.5,250.27499389648438
TCS.NS,2009-07-21,251.5,256.57501220703125,237.02499389648438,238.8000030517578
TCS.NS,2009-07-22,241.85000610351562,242.5,226.14999389648438,233.14999389648438
TCS.NS,2009-07-23,235.5,241.4499969482422,235.0,237.8249969482422
TCS.NS,2009-07-24,245.0,245.0,238.0,242.27499389648438
TCS.NS,2009-07-27,241.0,244.47500610351562,238.5500030517578,240.14999389648438
TCS.NS,2009-07-28,242.1750030517578,242.47500610351562,235.64999389648438,240.3249969482422
TCS.NS,2009-07-29,240.0,252.35000610351562,237.5,249.89999389648438
TCS.NS,2009-07-30,252.625,272.5,245.125,266.54998779296875
TCS.NS,2009-07-31,269.5,270.0,260.70001220703125,262.9750061035156
TCS.NS,2009-08-03,265.0,267.42498779296875,260.54998779296875,265.82501220703125
TCS.NS,2009-08-04,260.25,270.6000061035156,260.25,265.07501220703125
TCS.NS,2009-08-05,264.75,268.4750061035156,253.77499389648438,264.5
TCS.NS,2009-08-06,264.5,267.20001220703125,257.1000061035156,258.70001220703125
TCS.NS,2009-08-07,258.29998779296875,260.9750061035156,253.0500030517578,254.5500030517578
TCS.NS,2009-08-10,257.57501220703125,275.875,257.0,269.5249938964844
TCS.NS,2009-08-11,268.75,279.0,267.04998779296875,270.95001220703125
TCS.NS,2009-08-12,267.5,268.0,255.5,259.82501220703125
TCS.NS,2009-08-13,267.20001220703125,267.20001220703125,259.79998779296875,263.375
TCS.NS,2009-08-14,265.0,265.0,259.0,260.75
TCS.NS,2009-08-17,258.3999938964844,258.75,252.625,255.0749969482422
TCS.NS,2009-08-18,252.5,257.42498779296875,249.75,254.4250030517578
TCS.NS,2009-08-19,256.3999938964844,257.3500061035156,247.0,249.02499389648438
TCS.NS,2009-08-20,252.4499969482422,254.1999969482422,249.0500030517578,250.5
TCS.NS,2009-08-21,251.0,256.25,247.5,254.625
TCS.NS,2009-08-24,257.9750061035156,262.92498779296875,256.7749938964844,260.7749938964844
TCS.NS,2009-08-25,259.0,265.5,257.04998779296875,264.1499938964844
TCS.NS,2009-08-26,263.3500061035156,277.5,263.2749938964844,274.25
TCS.NS,2009-08-27,275.0,283.0,270.5,273.875
TCS.NS,2009-08-28,272.875,275.0,265.54998779296875,270.3999938964844
TCS.NS,2009-08-31,265.5,266.8999938964844,260.6499938964844,263.5249938964844
TCS.NS,2009-09-01,267.5,268.17498779296875,259.54998779296875,263.45001220703125
TCS.NS,2009-09-02,260.5,271.45001220703125,260.5,267.29998779296875
TCS.NS,2009-09-03,269.95001220703125,272.20001220703125,265.2250061035156,266.82501220703125
TCS.NS,2009-09-04,270.0,272.0,263.6000061035156,265.95001220703125
TCS.NS,2009-09-07,267.8999938964844,276.7749938964844,266.79998779296875,275.4750061035156
TCS.NS,2009-09-08,275.95001220703125,285.25,274.82501220703125,277.32501220703125
TCS.NS,2009-09-09,278.0,282.3999938964844,271.57501220703125,280.2250061035156
TCS.NS,2009-09-10,282.0,284.5,276.0249938964844,278.2749938964844
TCS.NS,2009-09-11,280.5,284.5,277.75,280.17498779296875
TCS.NS,2009-09-14,266.82501220703125,281.95001220703125,266.82501220703125,279.54998779296875
TCS.NS,2009-09-15,282.0,287.8500061035156,281.0,285.95001220703125
TCS.NS,2009-09-16,289.5,289.9750061035156,282.6000061035156,285.25
TCS.NS,2009-09-17,287.5,294.0,286.5,291.4750061035156
TCS.NS,2009-09-18,292.5,295.0,289.5,292.0
TCS.NS,2009-09-22,294.9750061035156,303.0,291.125,301.32501220703125
TCS.NS,2009-09-23,304.0,305.82501220703125,293.625,295.45001220703125
TCS.NS,2009-09-24,294.0,304.6499938964844,291.0,301.2749938964844
TCS.NS,2009-09-25,277.5,299.0,277.5,293.70001220703125
TCS.NS,2009-09-29,297.4750061035156,307.2250061035156,295.5,305.20001220703125
TCS.NS,2009-09-30,307.4750061035156,311.3999938964844,306.1000061035156,310.5
TCS.NS,2009-10-01,309.0,324.95001220703125,307.5249938964844,314.92498779296875
TCS.NS,2009-10-05,309.3500061035156,319.5,305.5,307.6499938964844
TCS.NS,2009-10-06,312.4750061035156,314.20001220703125,302.5,307.1000061035156
TCS.NS,2009-10-07,309.45001220703125,309.45001220703125,294.32501220703125,295.8500061035156
TCS.NS,2009-10-08,297.5,299.375,284.25,285.70001220703125
TCS.NS,2009-10-09,287.5249938964844,295.20001220703125,278.32501220703125,280.875
TCS.NS,2009-10-12,283.5,292.125,281.7749938964844,289.92498779296875
TCS.NS,2009-10-13,290.5,290.5,290.5,290.5
TCS.NS,2009-10-14,292.4750061035156,299.0,290.3500061035156,296.4750061035156
TCS.NS,2009-10-15,297.0,298.95001220703125,287.5,290.8999938964844
TCS.NS,2009-10-16,283.0,302.20001220703125,283.0,299.1499938964844
TCS.NS,2009-10-20,307.0,312.8999938964844,306.0249938964844,310.5249938964844
TCS.NS,2009-10-21,310.0,319.70001220703125,309.0,316.3999938964844
TCS.NS,2009-10-22,316.0,321.9750061035156,307.67498779296875,312.92498779296875
TCS.NS,2009-10-23,315.04998779296875,322.95001220703125,314.79998779296875,319.8999938964844
TCS.NS,2009-10-26,321.5,328.82501220703125,317.5,322.2749938964844
TCS.NS,2009-10-27,328.95001220703125,328.95001220703125,317.2749938964844,321.375
TCS.NS,2009-10-28,321.20001220703125,324.45001220703125,317.5,321.42498779296875
TCS.NS,2009-10-29,318.0,322.75,315.6000061035156,317.0249938964844
TCS.NS,2009-10-30,321.0,324.375,310.0,314.1499938964844
TCS.NS,2009-11-03,318.0,318.0,300.5,303.0249938964844
TCS.NS,2009-11-04,305.54998779296875,314.0,305.0,312.8500061035156
TCS.NS,2009-11-05,315.0,315.0,302.79998779296875,312.25
TCS.NS,2009-11-06,310.0,317.4750061035156,306.82501220703125,311.07501220703125
TCS.NS,2009-11-09,312.5,314.0,307.5,311.375
TCS.NS,2009-11-10,313.0,314.5,310.0,313.32501220703125
TCS.NS,2009-11-11,313.5249938964844,323.5,309.25,322.625
TCS.NS,2009-11-12,322.5,330.75,321.7749938964844,327.67498779296875
TCS.NS,2009-11-13,327.4750061035156,337.45001220703125,323.7749938964844,335.07501220703125
TCS.NS,2009-11-16,335.0,338.5,330.0,332.875
TCS.NS,2009-11-17,334.0,346.45001220703125,329.6499938964844,345.2250061035156
TCS.NS,2009-11-18,345.5,352.8500061035156,341.75,343.45001220703125
TCS.NS,2009-11-19,344.95001220703125,346.20001220703125,334.75,339.95001220703125
TCS.NS,2009-11-20,339.0,348.0,335.04998779296875,346.57501220703125
TCS.NS,2009-11-23,347.5,350.0,343.0,347.04998779296875
TCS.NS,2009-11-24,352.0,352.0,341.0,349.5249938964844
TCS.NS,2009-11-25,349.5249938964844,355.82501220703125,346.0,351.3999938964844
TCS.NS,2009-11-26,352.4750061035156,353.67498779296875,342.5,343.95001220703125
TCS.NS,2009-11-27,338.2749938964844,343.20001220703125,327.5,335.2250061035156
TCS.NS,2009-11-30,337.0,346.4750061035156,337.0,344.20001220703125
TCS.NS,2009-12-01,351.70001220703125,351.70001220703125,340.125,342.875
TCS.NS,2009-12-02,347.4750061035156,347.4750061035156,338.5249938964844,342.1499938964844
TCS.NS,2009-12-03,343.875,347.95001220703125,339.625,345.0249938964844
TCS.NS,2009-12-04,340.5,350.5,340.5,347.6000061035156
TCS.NS,2009-12-07,349.0,352.95001220703125,347.5,349.70001220703125
TCS.NS,2009-12-08,349.92498779296875,350.42498779296875,345.125,349.1499938964844
TCS.NS,2009-12-09,349.0,355.45001220703125,346.6000061035156,353.3500061035156
TCS.NS,2009-12-10,352.5,355.0,350.9750061035156,352.82501220703125
TCS.NS,2009-12-11,353.57501220703125,357.20001220703125,350.0,353.04998779296875
TCS.NS,2009-12-14,350.5,355.9750061035156,350.42498779296875,352.54998779296875
TCS.NS,2009-12-15,354.0,356.0,348.6000061035156,350.4750061035156
TCS.NS,2009-12-16,350.8500061035156,358.875,347.5,356.57501220703125
TCS.NS,2009-12-17,359.0,364.0,357.5,361.375
TCS.NS,2009-12-18,361.375,365.75,359.7749938964844,363.75
TCS.NS,2009-12-21,365.04998779296875,374.5,363.25,367.0249938964844
TCS.NS,2009-12-22,370.0,371.25,359.6000061035156,362.0249938964844
TCS.NS,2009-12-23,364.2250061035156,374.75,362.7749938964844,373.2749938964844
TCS.NS,2009-12-24,375.0,378.5,370.5249938964844,374.6499938964844
TCS.NS,2009-12-29,375.0,375.8999938964844,368.32501220703125,370.70001220703125
TCS.NS,2009-12-30,371.0,374.375,357.625,371.375
TCS.NS,2009-12-31,373.125,377.5,371.8999938964844,375.125
TCS.NS,2010-01-04,377.3999938964844,379.45001220703125,374.5249938964844,375.82501220703125
TCS.NS,2010-01-05,377.5,379.7749938964844,373.2749938964844,375.92498779296875
TCS.NS,2010-01-06,375.92498779296875,376.1000061035156,366.5,367.42498779296875
TCS.NS,2010-01-07,367.75,369.70001220703125,355.5,357.20001220703125
TCS.NS,2010-01-08,358.0,359.25,348.25,349.8999938964844
TCS.NS,2010-01-11,352.0,360.04998779296875,350.20001220703125,357.1000061035156
TCS.NS,2010-01-12,366.0,377.0,363.5,375.0249938964844
TCS.NS,2010-01-13,372.5,398.20001220703125,372.32501220703125,394.2749938964844
TCS.NS,2010-01-14,399.2250061035156,399.2250061035156,384.67498779296875,389.92498779296875
TCS.NS,2010-01-15,398.0,399.79998779296875,386.125,395.70001220703125
TCS.NS,2010-01-18,400.0,414.5,396.5,401.1000061035156
TCS.NS,2010-01-19,401.1000061035156,401.1000061035156,389.32501220703125,390.3500061035156
TCS.NS,2010-01-20,396.1000061035156,396.1000061035156,385.45001220703125,389.70001220703125
TCS.NS,2010-01-21,386.125,395.9750061035156,383.95001220703125,385.32501220703125
TCS.NS,2010-01-22,380.5,382.5,372.3500061035156,378.92498779296875
TCS.NS,2010-01-25,378.75,382.75,370.57501220703125,378.1000061035156
TCS.NS,2010-01-27,375.0,379.8500061035156,370.07501220703125,371.6499938964844
TCS.NS,2010-01-28,374.75,378.9750061035156,363.8500061035156,370.875
TCS.NS,2010-01-29,367.0,369.8999938964844,356.07501220703125,368.1000061035156
TCS.NS,2010-02-01,367.17498779296875,381.3999938964844,360.0,373.07501220703125
TCS.NS,2010-02-02,377.5,381.32501220703125,367.5,369.20001220703125
TCS.NS,2010-02-03,372.0,378.45001220703125,367.75,376.4750061035156
TCS.NS,2010-02-04,376.4750061035156,376.95001220703125,366.25,369.3500061035156
TCS.NS,2010-02-05,367.5,367.5,358.29998779296875,361.75
TCS.NS,2010-02-08,364.5,367.375,354.07501220703125,362.07501220703125
TCS.NS,2010-02-09,362.5,370.9750061035156,360.5249938964844,367.57501220703125
TCS.NS,2010-02-10,369.95001220703125,371.8500061035156,364.04998779296875,366.1499938964844
TCS.NS,2010-02-11,368.9750061035156,373.9750061035156,367.5,371.3500061035156
TCS.NS,2010-02-15,375.0,375.0,369.2749938964844,373.07501220703125
TCS.NS,2010-02-16,373.625,382.4750061035156,371.1000061035156,379.07501220703125
TCS.NS,2010-02-17,382.45001220703125,383.9750061035156,376.2749938964844,379.32501220703125
TCS.NS,2010-02-18,380.0,383.4750061035156,377.75,379.3999938964844
TCS.NS,2010-02-19,377.45001220703125,379.75,372.8999938964844,375.2749938964844
TCS.NS,2010-02-22,378.5,381.8500061035156,376.8999938964844,378.625
TCS.NS,2010-02-23,379.5,382.5,375.625,381.04998779296875
TCS.NS,2010-02-24,378.0,385.3500061035156,376.04998779296875,382.67498779296875
TCS.NS,2010-02-25,384.8999938964844,384.8999938964844,380.625,383.125
TCS.NS,2010-02-26,383.54998779296875,389.2749938964844,373.07501220703125,380.8999938964844
TCS.NS,2010-03-02,381.0,384.5,377.5,381.6000061035156
TCS.NS,2010-03-03,384.5,387.0,382.07501220703125,384.375
TCS.NS,2010-03-04,384.0,385.0,378.5,381.95001220703125
TCS.NS,2010-03-05,382.5,383.4750061035156,380.07501220703125,381.29998779296875
TCS.NS,2010-03-08,383.79998779296875,385.0,380.1499938964844,381.3500061035156
TCS.NS,2010-03-09,381.5,389.25,381.5,384.3500061035156
TCS.NS,2010-03-10,381.8500061035156,392.2250061035156,380.0,390.0249938964844
TCS.NS,2010-03-11,390.0249938964844,397.45001220703125,385.9750061035156,395.79998779296875
TCS.NS,2010-03-12,400.0,400.0,396.0,398.4750061035156
TCS.NS,2010-03-15,398.4750061035156,410.0,395.57501220703125,409.0
TCS.NS,2010-03-16,410.75,415.9750061035156,407.8999938964844,414.5
TCS.NS,2010-03-17,417.0,422.95001220703125,415.0,420.3500061035156
TCS.NS,2010-03-18,422.5,422.5,410.25,412.92498779296875
TCS.NS,2010-03-19,402.625,417.2250061035156,402.625,410.45001220703125
TCS.NS,2010-03-22,407.45001220703125,416.8999938964844,403.07501220703125,413.79998779296875
TCS.NS,2010-03-23,415.0,416.5,411.04998779296875,414.32501220703125
TCS.NS,2010-03-25,412.04998779296875,418.3999938964844,409.0,414.8999938964844
TCS.NS,2010-03-26,415.0,418.0,411.1499938964844,412.5249938964844
TCS.NS,2010-03-29,412.0,414.6499938964844,404.2749938964844,405.9750061035156
TCS.NS,2010-03-30,404.29998779296875,408.04998779296875,398.57501220703125,400.0
TCS.NS,2010-03-31,400.0,403.625,388.6499938964844,390.32501220703125
TCS.NS,2010-04-01,393.17498779296875,404.8999938964844,391.04998779296875,403.8999938964844
TCS.NS,2010-04-05,408.5,408.5,399.625,401.67498779296875
TCS.NS,2010-04-06,404.45001220703125,404.45001220703125,396.07501220703125,398.0249938964844
TCS.NS,2010-04-07,395.0,404.5,390.57501220703125,399.0249938964844
TCS.NS,2010-04-08,398.0,403.75,395.0,399.7250061035156
TCS.NS,2010-04-09,401.0,403.95001220703125,394.125,395.79998779296875
TCS.NS,2010-04-12,395.5,400.0,395.04998779296875,399.04998779296875
TCS.NS,2010-04-13,400.0,411.8999938964844,393.625,410.42498779296875
TCS.NS,2010-04-15,411.0,417.45001220703125,409.5249938964844,410.8500061035156
TCS.NS,2010-04-16,409.5,414.0,405.92498779296875,407.54998779296875
TCS.NS,2010-04-19,405.0,412.5,400.375,405.9750061035156
TCS.NS,2010-04-20,412.5,416.32501220703125,393.5,394.75
TCS.NS,2010-04-21,397.5,399.5,390.125,392.5
TCS.NS,2010-04-22,394.54998779296875,396.82501220703125,390.5,392.9750061035156
TCS.NS,2010-04-23,394.0249938964844,396.0,388.75,390.1000061035156
TCS.NS,2010-04-26,393.0,395.5,390.1000061035156,392.54998779296875
TCS.NS,2010-04-27,392.9750061035156,394.95001220703125,390.5249938964844,393.6499938964844
TCS.NS,2010-04-28,390.0,391.9750061035156,382.5,385.1499938964844
TCS.NS,2010-04-29,387.54998779296875,387.625,377.79998779296875,379.875
TCS.NS,2010-04-30,382.5,386.3999938964844,381.2749938964844,382.70001220703125
TCS.NS,2010-05-03,380.625,385.70001220703125,377.04998779296875,383.3999938964844
TCS.NS,2010-05-04,387.42498779296875,387.42498779296875,378.3999938964844,380.5
TCS.NS,2010-05-05,375.0,384.0,370.07501220703125,382.875
TCS.NS,2010-05-06,383.9750061035156,385.45001220703125,379.6000061035156,383.54998779296875
TCS.NS,2010-05-07,378.5,381.29998779296875,367.5,370.70001220703125
TCS.NS,2010-05-10,380.0,421.5,372.5,385.125
TCS.NS,2010-05-11,387.5,389.5,376.95001220703125,378.1499938964844
TCS.NS,2010-05-12,378.5,383.9750061035156,375.54998779296875,379.7250061035156
TCS.NS,2010-05-13,382.54998779296875,386.6000061035156,380.7250061035156,382.79998779296875
TCS.NS,2010-05-14,383.0,388.5,377.5,381.92498779296875
TCS.NS,2010-05-17,387.4750061035156,387.4750061035156,367.04998779296875,372.875
TCS.NS,2010-05-18,373.0,373.0,363.1499938964844,367.54998779296875
TCS.NS,2010-05-19,365.0,366.5,358.1499938964844,360.75
TCS.NS,2010-05-20,364.5,366.1499938964844,358.07501220703125,365.0
TCS.NS,2010-05-21,355.0,362.95001220703125,342.625,359.3500061035156
TCS.NS,2010-05-24,362.5,365.0,356.3500061035156,358.79998779296875
TCS.NS,2010-05-25,354.0,357.0,345.7749938964844,349.7749938964844
TCS.NS,2010-05-26,354.0,372.3999938964844,352.04998779296875,369.0
TCS.NS,2010-05-27,367.5,374.9750061035156,363.6000061035156,370.92498779296875
TCS.NS,2010-05-28,374.8999938964844,376.75,367.75,375.3999938964844
TCS.NS,2010-05-31,374.25,376.45001220703125,369.0,371.5249938964844
TCS.NS,2010-06-01,371.5249938964844,375.9750061035156,367.3500061035156,369.6000061035156
TCS.NS,2010-06-02,368.8999938964844,379.75,368.1499938964844,377.125
TCS.NS,2010-06-03,380.0,384.5,372.54998779296875,382.7250061035156
TCS.NS,2010-06-04,382.7250061035156,384.8500061035156,377.6000061035156,382.67498779296875
TCS.NS,2010-06-07,374.95001220703125,378.8999938964844,368.0,376.625
TCS.NS,2010-06-08,377.0,381.0,373.5,375.1000061035156
TCS.NS,2010-06-09,376.0,379.2749938964844,365.5,366.5249938964844
TCS.NS,2010-06-10,365.0,376.5,365.0,375.25
TCS.NS,2010-06-11,380.8999938964844,381.6499938964844,375.5,379.54998779296875
TCS.NS,2010-06-14,381.67498779296875,393.54998779296875,379.0,390.5
TCS.NS,2010-06-15,378.32501220703125,388.8500061035156,378.32501220703125,383.04998779296875
TCS.NS,2010-06-16,388.54998779296875,389.9750061035156,383.6499938964844,387.3999938964844
TCS.NS,2010-06-17,388.5,392.3999938964844,381.8500061035156,387.6499938964844
TCS.NS,2010-06-18,387.6499938964844,394.45001220703125,386.125,391.6000061035156
TCS.NS,2010-06-21,396.45001220703125,397.0,392.29998779296875,393.8500061035156
TCS.NS,2010-06-22,392.5,393.25,386.6499938964844,389.32501220703125
TCS.NS,2010-06-23,385.0,394.4750061035156,384.92498779296875,393.1499938964844
TCS.NS,2010-06-24,393.1499938964844,394.25,383.8500061035156,386.7250061035156
TCS.NS,2010-06-25,387.8999938964844,387.8999938964844,378.04998779296875,379.25
TCS.NS,2010-06-28,379.2250061035156,383.57501220703125,378.79998779296875,382.375
TCS.NS,2010-06-29,382.5,382.5,374.5,376.8999938964844
TCS.NS,2010-06-30,377.5,379.95001220703125,370.625,375.5
TCS.NS,2010-07-01,375.0,375.0,362.875,366.0
TCS.NS,2010-07-02,367.3999938964844,373.0,365.42498779296875,371.8999938964844
TCS.NS,2010-07-05,374.3999938964844,374.45001220703125,368.54998779296875,369.5
TCS.NS,2010-07-06,368.25,380.95001220703125,367.92498779296875,379.57501220703125
TCS.NS,2010-07-07,380.70001220703125,383.70001220703125,374.4750061035156,382.29998779296875
TCS.NS,2010-07-08,386.0,389.5,384.82501220703125,388.3999938964844
TCS.NS,2010-07-09,390.0,392.0,385.375,387.2250061035156
TCS.NS,2010-07-12,389.8999938964844,397.0,389.8999938964844,395.8500061035156
TCS.NS,2010-07-13,396.0,396.0,384.7749938964844,387.32501220703125
TCS.NS,2010-07-14,389.0,392.3500061035156,385.125,387.32501220703125
TCS.NS,2010-07-15,385.5,392.45001220703125,382.625,391.04998779296875
TCS.NS,2010-07-16,397.5,419.25,397.5,416.82501220703125
TCS.NS,2010-07-19,415.7250061035156,417.3500061035156,411.625,413.3500061035156
TCS.NS,2010-07-20,413.3500061035156,417.2749938964844,412.5,413.625
TCS.NS,2010-07-21,416.0,422.3999938964844,414.79998779296875,421.5
TCS.NS,2010-07-22,421.5,423.0,416.25,421.8500061035156
TCS.NS,2010-07-23,425.0,425.0,417.54998779296875,419.6499938964844
TCS.NS,2010-07-26,421.20001220703125,425.79998779296875,420.20001220703125,424.625
TCS.NS,2010-07-27,427.5,429.8999938964844,423.1000061035156,424.57501220703125
TCS.NS,2010-07-28,425.5,428.9750061035156,423.5,427.2250061035156
TCS.NS,2010-07-29,427.5,427.5,424.5,425.0
TCS.NS,2010-07-30,424.5,425.0,417.5,419.8999938964844
TCS.NS,2010-08-02,421.5,424.2250061035156,418.5,419.1499938964844
TCS.NS,2010-08-03,420.5,422.25,414.2749938964844,416.0249938964844
TCS.NS,2010-08-04,418.0,436.0,417.92498779296875,434.3999938964844
TCS.NS,2010-08-05,436.0,441.20001220703125,432.82501220703125,438.92498779296875
TCS.NS,2010-08-06,440.0,441.75,430.32501220703125,432.3500061035156
TCS.NS,2010-08-09,430.57501220703125,441.8500061035156,423.04998779296875,439.92498779296875
TCS.NS,2010-08-10,442.5,442.5,430.70001220703125,432.25
TCS.NS,2010-08-11,431.0,436.5,427.3999938964844,429.07501220703125
TCS.NS,2010-08-12,428.45001220703125,428.45001220703125,423.1000061035156,426.7250061035156
TCS.NS,2010-08-13,428.5,431.45001220703125,419.0,427.20001220703125
TCS.NS,2010-08-16,428.5,431.2749938964844,424.3999938964844,427.04998779296875
TCS.NS,2010-08-17,425.04998779296875,430.5,422.0,425.1000061035156
TCS.NS,2010-08-18,426.5,437.8999938964844,425.0,435.54998779296875
TCS.NS,2010-08-19,437.0,440.45001220703125,433.6499938964844,436.0249938964844
TCS.NS,2010-08-20,434.5,439.95001220703125,431.5,434.4750061035156
TCS.NS,2010-08-23,430.0,437.7250061035156,428.5249938964844,435.20001220703125
TCS.NS,2010-08-24,435.0,440.95001220703125,432.5,435.3500061035156
TCS.NS,2010-08-25,436.0,440.75,433.1499938964844,435.6000061035156
TCS.NS,2010-08-26,437.0,439.5,430.125,438.25
TCS.NS,2010-08-27,436.04998779296875,436.5,425.5,428.0249938964844
TCS.NS,2010-08-30,431.3999938964844,431.3999938964844,420.04998779296875,422.82501220703125
TCS.NS,2010-08-31,420.0,423.8500061035156,415.1000061035156,421.875
TCS.NS,2010-09-01,421.0,430.5,420.0,429.20001220703125
TCS.NS,2010-09-02,433.75,433.75,420.75,422.04998779296875
TCS.NS,2010-09-03,425.0,425.75,417.54998779296875,418.6499938964844
TCS.NS,2010-09-06,419.0,428.75,419.0,427.67498779296875
TCS.NS,2010-09-07,429.0,437.45001220703125,428.0,435.67498779296875
TCS.NS,2010-09-08,432.0,441.45001220703125,429.45001220703125,439.5249938964844
TCS.NS,2010-09-09,441.0,441.25,435.67498779296875,437.3500061035156
TCS.NS,2010-09-13,435.67498779296875,444.5,435.3500061035156,439.875
TCS.NS,2010-09-14,441.5,449.5,440.1499938964844,447.67498779296875
TCS.NS,2010-09-15,450.0,459.70001220703125,449.5,457.3999938964844
TCS.NS,2010-09-16,454.0,456.7250061035156,432.25,447.70001220703125
TCS.NS,2010-09-17,450.04998779296875,459.375,450.04998779296875,456.8999938964844
TCS.NS,2010-09-20,458.5,460.95001220703125,453.3500061035156,456.125
TCS.NS,2010-09-21,456.0,479.0,455.1499938964844,476.9750061035156
TCS.NS,2010-09-22,478.0,480.0,465.0,467.625
TCS.NS,2010-09-23,470.0,472.6499938964844,463.8999938964844,465.67498779296875
TCS.NS,2010-09-24,466.54998779296875,468.95001220703125,462.5,465.9750061035156
TCS.NS,2010-09-27,467.5,470.7250061035156,461.0,463.79998779296875
TCS.NS,2010-09-28,462.625,465.1499938964844,457.04998779296875,459.82501220703125
TCS.NS,2010-09-29,462.5,468.625,457.45001220703125,460.17498779296875
TCS.NS,2010-09-30,462.5,465.0,457.57501220703125,463.4750061035156
TCS.NS,2010-10-01,463.5,483.0,461.0,480.79998779296875
TCS.NS,2010-10-04,483.375,487.5,476.5,477.8999938964844
TCS.NS,2010-10-05,475.0,482.9750061035156,473.07501220703125,475.125
TCS.NS,2010-10-06,475.0,483.95001220703125,475.0,479.82501220703125
TCS.NS,2010-10-07,480.0,483.0,469.20001220703125,474.3999938964844
TCS.NS,2010-10-08,472.0249938964844,477.3500061035156,434.5,471.29998779296875
TCS.NS,2010-10-11,471.29998779296875,476.9750061035156,464.5249938964844,470.45001220703125
TCS.NS,2010-10-12,471.32501220703125,477.8999938964844,469.54998779296875,475.3500061035156
TCS.NS,2010-10-13,477.9750061035156,498.8500061035156,474.54998779296875,496.42498779296875
TCS.NS,2010-10-14,498.45001220703125,502.0,491.17498779296875,493.0249938964844
TCS.NS,2010-10-15,499.5,505.5,472.5,475.1499938964844
TCS.NS,2010-10-18,485.0,492.0,465.0,490.625
TCS.NS,2010-10-19,491.0,493.70001220703125,482.04998779296875,483.875
TCS.NS,2010-10-20,482.25,490.25,478.1000061035156,481.625
TCS.NS,2010-10-21,487.0249938964844,496.92498779296875,485.0,493.1000061035156
TCS.NS,2010-10-22,511.0,524.7000122070312,511.0,520.0999755859375
TCS.NS,2010-10-25,521.5,536.4749755859375,518.5999755859375,533.4749755859375
TCS.NS,2010-10-26,531.75,533.875,520.7750244140625,531.2999877929688
TCS.NS,2010-10-27,530.0,533.4000244140625,521.7750244140625,524.0999755859375
TCS.NS,2010-10-28,525.0,533.7750244140625,520.0,526.4500122070312
TCS.NS,2010-10-29,530.0,530.0,515.5,526.4500122070312
TCS.NS,2010-11-01,526.0250244140625,533.2000122070312,524.5499877929688,526.7000122070312
TCS.NS,2010-11-02,527.5,530.0,521.8499755859375,524.7249755859375
TCS.NS,2010-11-03,525.4500122070312,539.5,524.2000122070312,526.4000244140625
TCS.NS,2010-11-04,531.0,539.2999877929688,530.75,534.5750122070312
TCS.NS,2010-11-08,540.0,541.2000122070312,531.0499877929688,534.0750122070312
TCS.NS,2010-11-09,536.9500122070312,549.3499755859375,534.25,545.5499877929688
TCS.NS,2010-11-10,546.125,554.0,543.0499877929688,546.1500244140625
TCS.NS,2010-11-11,545.0,545.0,529.125,532.375
TCS.NS,2010-11-12,530.0,534.9500122070312,524.0999755859375,527.9500122070312
TCS.NS,2010-11-15,532.5,539.9249877929688,526.5,533.0
TCS.NS,2010-11-16,533.0,533.2000122070312,521.0999755859375,524.4500122070312
TCS.NS,2010-11-18,536.0,536.0,520.0,521.4000244140625
TCS.NS,2010-11-19,522.4500122070312,524.5,503.0,507.70001220703125
TCS.NS,2010-11-22,508.0,521.5,505.75,519.5499877929688
TCS.NS,2010-11-23,517.0,522.5,506.20001220703125,515.0250244140625
TCS.NS,2010-11-24,512.5,517.25,499.4750061035156,502.375
TCS.NS,2010-11-25,505.0249938964844,520.9500122070312,503.54998779296875,510.8999938964844
TCS.NS,2010-11-26,512.5,527.0,512.5,523.625
TCS.NS,2010-11-29,527.5,539.25,525.125,535.6500244140625
TCS.NS,2010-11-30,530.25,543.0250244140625,526.5499877929688,538.0
TCS.NS,2010-12-01,532.0,546.5999755859375,532.0,540.9500122070312
TCS.NS,2010-12-02,545.5,549.5999755859375,537.5250244140625,547.9000244140625
TCS.NS,2010-12-03,546.5250244140625,556.5,545.5750122070312,548.6749877929688
TCS.NS,2010-12-06,550.0,555.0,547.6500244140625,550.8499755859375
TCS.NS,2010-12-07,550.0,550.0,541.0499877929688,543.75
TCS.NS,2010-12-08,545.4749755859375,546.4749755859375,535.625,539.5750122070312
TCS.NS,2010-12-09,541.8499755859375,548.6500244140625,534.0499877929688,536.2999877929688
TCS.NS,2010-12-10,533.5,541.9249877929688,528.5,537.4500122070312
TCS.NS,2010-12-13,535.5,540.3499755859375,524.2000122070312,538.0499877929688
TCS.NS,2010-12-14,536.5999755859375,544.7999877929688,532.0750122070312,540.4749755859375
TCS.NS,2010-12-15,542.5499877929688,554.2000122070312,540.75,551.8250122070312
TCS.NS,2010-12-16,554.5,572.0,552.0750122070312,570.3499755859375
TCS.NS,2010-12-20,567.4000244140625,588.5,557.4249877929688,583.3499755859375
TCS.NS,2010-12-21,584.5,586.125,577.0,580.4000244140625
TCS.NS,2010-12-22,583.5,584.5,568.875,574.875
TCS.NS,2010-12-23,575.0,579.7750244140625,566.0499877929688,570.0
TCS.NS,2010-12-24,567.0,574.4000244140625,562.875,570.5499877929688
TCS.NS,2010-12-27,572.5,579.7249755859375,569.0999755859375,570.5999755859375
TCS.NS,2010-12-28,570.5999755859375,575.4500122070312,570.0250244140625,573.1749877929688
TCS.NS,2010-12-29,574.5,581.0,573.5250244140625,578.4749755859375
TCS.NS,2010-12-30,576.25,587.4000244140625,576.25,585.0999755859375
TCS.NS,2010-12-31,586.25,590.0,580.9000244140625,582.8250122070312
TCS.NS,2011-01-03,583.5,588.4749755859375,577.2750244140625,579.0250244140625
TCS.NS,2011-01-04,581.9500122070312,583.0750122070312,569.0499877929688,572.375
TCS.NS,2011-01-05,572.625,582.9500122070312,570.875,579.4749755859375
TCS.NS,2011-01-06,584.0,591.0,576.5499877929688,585.8499755859375
TCS.NS,2011-01-07,588.0,593.4249877929688,569.0750122070312,571.3250122070312
TCS.NS,2011-01-10,573.75,574.5,560.5,565.4500122070312
TCS.NS,2011-01-11,561.5,567.7750244140625,543.9000244140625,549.25
TCS.NS,2011-01-12,554.9500122070312,575.7999877929688,554.0,567.9749755859375
TCS.NS,2011-01-13,564.4749755859375,577.9749755859375,558.0999755859375,562.125
TCS.NS,2011-01-14,564.9500122070312,575.0,560.0,560.0750122070312
TCS.NS,2011-01-17,560.5999755859375,573.2750244140625,560.0,568.7000122070312
TCS.NS,2011-01-18,587.0,604.4500122070312,582.1749877929688,601.2750244140625
TCS.NS,2011-01-19,601.7249755859375,604.5,592.5,596.5
TCS.NS,2011-01-20,590.0,609.375,590.0,606.0999755859375
TCS.NS,2011-01-21,605.0,610.0,602.0,605.8250122070312
TCS.NS,2011-01-24,600.0,610.0,599.125,604.5999755859375
TCS.NS,2011-01-25,607.4000244140625,609.6500244140625,590.0,594.2750244140625
TCS.NS,2011-01-27,593.7750244140625,604.9749755859375,590.7999877929688,599.7000122070312
TCS.NS,2011-01-28,597.5,601.7999877929688,582.625,590.6749877929688
TCS.NS,2011-01-31,584.5,584.5,564.2750244140625,579.75
TCS.NS,2011-02-01,582.5,582.5,566.5,575.0750122070312
TCS.NS,2011-02-02,585.0,599.4500122070312,581.1749877929688,591.2249755859375
TCS.NS,2011-02-03,592.3499755859375,597.8499755859375,585.3250122070312,591.8499755859375
TCS.NS,2011-02-04,588.0,591.5499877929688,570.125,574.4000244140625
TCS.NS,2011-02-07,586.75,586.75,563.25,565.5750122070312
TCS.NS,2011-02-08,566.0,574.9500122070312,559.25,562.5499877929688
TCS.NS,2011-02-09,561.25,564.7999877929688,541.8499755859375,549.1500244140625
TCS.NS,2011-02-10,550.0,557.25,536.0,545.375
TCS.NS,2011-02-11,542.0499877929688,552.0999755859375,527.9500122070312,544.7999877929688
TCS.NS,2011-02-14,545.5,560.0,543.5,556.1500244140625
TCS.NS,2011-02-15,559.5,559.5,538.2750244140625,548.8499755859375
TCS.NS,2011-02-16,552.5,554.8499755859375,540.5,548.25
TCS.NS,2011-02-17,552.5,557.2249755859375,546.2000122070312,554.5999755859375
TCS.NS,2011-02-18,555.125,566.2000122070312,541.0499877929688,544.8499755859375
TCS.NS,2011-02-21,545.0,574.0,529.0999755859375,569.2999877929688
TCS.NS,2011-02-22,561.3250122070312,573.8499755859375,560.0,569.375
TCS.NS,2011-02-23,564.0750122070312,572.4749755859375,561.5499877929688,562.7750244140625
TCS.NS,2011-02-24,559.5,569.375,545.6500244140625,555.9000244140625
TCS.NS,2011-02-25,552.6500244140625,558.5,544.125,555.0250244140625
TCS.NS,2011-02-28,550.5999755859375,574.125,550.0,555.125
TCS.NS,2011-03-01,556.5,566.0,548.7999877929688,562.25
TCS.NS,2011-03-03,559.9500122070312,577.5,553.5,575.0999755859375
TCS.NS,2011-03-04,581.6749877929688,581.6749877929688,566.25,567.7750244140625
TCS.NS,2011-03-07,562.0,562.5,547.2249755859375,554.125
TCS.NS,2011-03-08,552.5750122070312,564.4000244140625,552.5750122070312,558.8499755859375
TCS.NS,2011-03-09,561.2750244140625,569.0,559.25,563.3499755859375
TCS.NS,2011-03-10,561.0,561.0,550.0,554.2750244140625
TCS.NS,2011-03-11,550.0,551.2000122070312,531.6500244140625,538.5250244140625
TCS.NS,2011-03-14,535.5,551.0,529.2000122070312,548.7750244140625
TCS.NS,2011-03-15,537.5,547.7249755859375,532.8250122070312,544.9000244140625
TCS.NS,2011-03-16,546.0,561.7249755859375,545.5750122070312,557.4249877929688
TCS.NS,2011-03-17,552.5,559.4500122070312,546.3250122070312,549.0
TCS.NS,2011-03-18,546.75,554.5,538.0499877929688,541.375
TCS.NS,2011-03-21,545.75,545.75,533.25,535.4000244140625
TCS.NS,2011-03-22,537.5499877929688,540.0,531.5,534.75
TCS.NS,2011-03-23,535.5,535.5,528.625,532.1749877929688
TCS.NS,2011-03-24,535.5,547.7750244140625,535.0,546.7000122070312
TCS.NS,2011-03-25,558.4249877929688,564.25,551.875,559.8250122070312
TCS.NS,2011-03-28,561.9249877929688,563.3499755859375,554.0,559.9500122070312
TCS.NS,2011-03-29,560.0,575.9500122070312,559.5750122070312,569.3499755859375
TCS.NS,2011-03-30,574.0,582.0,572.4500122070312,575.9749755859375
TCS.NS,2011-03-31,576.0,599.0,576.0,591.9500122070312
TCS.NS,2011-04-01,592.5,599.375,586.2750244140625,590.0750122070312
TCS.NS,2011-04-04,592.5,608.0,592.0,606.5999755859375
TCS.NS,2011-04-05,607.5250244140625,621.9749755859375,601.875,619.9249877929688
TCS.NS,2011-04-06,619.5,623.4749755859375,607.0750122070312,610.9249877929688
TCS.NS,2011-04-07,610.0,610.0,597.5750122070312,599.5999755859375
TCS.NS,2011-04-08,598.4500122070312,607.0,592.375,598.0
TCS.NS,2011-04-11,590.0750122070312,597.5,587.6500244140625,589.2000122070312
TCS.NS,2011-04-13,587.5,610.7000122070312,587.1500244140625,605.0499877929688
TCS.NS,2011-04-15,608.4500122070312,609.9500122070312,590.0,595.7000122070312
TCS.NS,2011-04-18,599.0,606.25,570.0250244140625,572.2999877929688
TCS.NS,2011-04-19,572.2999877929688,584.7000122070312,570.0,582.3499755859375
TCS.NS,2011-04-20,589.9000244140625,612.0,589.7750244140625,609.3499755859375
TCS.NS,2011-04-21,620.5,622.9000244140625,585.4249877929688,596.0499877929688
TCS.NS,2011-04-25,598.5,602.0,586.3250122070312,598.9249877929688
TCS.NS,2011-04-26,600.0,601.0,590.1749877929688,594.5
TCS.NS,2011-04-27,597.4749755859375,597.4749755859375,588.0250244140625,590.2999877929688
TCS.NS,2011-04-28,590.0750122070312,591.75,577.7999877929688,579.3250122070312
TCS.NS,2011-04-29,586.0,586.0,575.125,582.8250122070312
TCS.NS,2011-05-02,585.0,588.75,576.25,579.2249755859375
TCS.NS,2011-05-03,581.0,581.0,565.5,569.2249755859375
TCS.NS,2011-05-04,573.0,573.0,557.5750122070312,568.5250244140625
TCS.NS,2011-05-05,572.5,572.5,554.0499877929688,557.5
TCS.NS,2011-05-06,560.0,576.75,559.875,574.4749755859375
TCS.NS,2011-05-09,575.0,575.9749755859375,562.25,567.7750244140625
TCS.NS,2011-05-10,566.5,579.9749755859375,564.0,569.9500122070312
TCS.NS,2011-05-11,569.5,575.8499755859375,563.0499877929688,570.125
TCS.NS,2011-05-12,566.9500122070312,566.9500122070312,554.1749877929688,555.875
TCS.NS,2011-05-13,556.0,571.1500244140625,556.0,563.5499877929688
TCS.NS,2011-05-16,560.5,573.7000122070312,560.0,565.5499877929688
TCS.NS,2011-05-17,561.0250244140625,574.5999755859375,561.0250244140625,570.8499755859375
TCS.NS,2011-05-18,571.125,580.75,571.125,577.5250244140625
TCS.NS,2011-05-19,582.5,585.0,578.0,582.4249877929688
TCS.NS,2011-05-20,586.875,591.7000122070312,581.625,587.5
TCS.NS,2011-05-23,582.0,585.25,575.0,583.2750244140625
TCS.NS,2011-05-24,581.3250122070312,586.4000244140625,569.5750122070312,574.9500122070312
TCS.NS,2011-05-25,574.5499877929688,574.9500122070312,560.0,564.2999877929688
TCS.NS,2011-05-26,569.5,571.5,560.0,567.875
TCS.NS,2011-05-27,574.2750244140625,574.9500122070312,568.1500244140625,572.2750244140625
TCS.NS,2011-05-30,575.5,579.9749755859375,571.1500244140625,575.9749755859375
TCS.NS,2011-05-31,577.5,588.8499755859375,575.0499877929688,578.5750122070312
TCS.NS,2011-06-01,578.5,588.5,578.5,587.7000122070312
TCS.NS,2011-06-02,579.4500122070312,586.0,578.3250122070312,583.875
TCS.NS,2011-06-03,583.0,587.5,575.0,576.0499877929688
TCS.NS,2011-06-06,570.0,584.0,570.0,582.1749877929688
TCS.NS,2011-06-07,581.5,591.5750122070312,579.0,589.6500244140625
TCS.NS,2011-06-08,585.9500122070312,592.5,581.75,590.7000122070312
TCS.NS,2011-06-09,587.5,596.9000244140625,587.5,593.1749877929688
TCS.NS,2011-06-10,593.2750244140625,598.75,592.5499877929688,594.5999755859375
TCS.NS,2011-06-13,594.5999755859375,595.25,586.2750244140625,587.6500244140625
TCS.NS,2011-06-14,589.0,597.4500122070312,589.0,595.5250244140625
TCS.NS,2011-06-15,593.0,602.5,590.625,592.125
TCS.NS,2011-06-16,591.5,592.9500122070312,574.125,575.5750122070312
TCS.NS,2011-06-17,577.5,578.5,552.0,554.5999755859375
TCS.NS,2011-06-20,557.5,559.5,529.0,534.6500244140625
TCS.NS,2011-06-21,537.5,555.3499755859375,531.5999755859375,553.375
TCS.NS,2011-06-22,558.0,558.4500122070312,540.0,541.75
TCS.NS,2011-06-23,540.9000244140625,550.5,535.0499877929688,548.5
TCS.NS,2011-06-24,550.0,570.375,549.5,568.875
TCS.NS,2011-06-27,561.0,577.3499755859375,561.0,575.2999877929688
TCS.NS,2011-06-28,580.0,581.0,567.8250122070312,577.0
TCS.NS,2011-06-29,577.3499755859375,589.4500122070312,577.3499755859375,584.9249877929688
TCS.NS,2011-06-30,584.9000244140625,596.0,583.5,592.0999755859375
TCS.NS,2011-07-01,599.0,599.0,589.8499755859375,595.9500122070312
TCS.NS,2011-07-04,596.5,600.0,590.0,592.8499755859375
TCS.NS,2011-07-05,594.9000244140625,595.5,586.7000122070312,589.7249755859375
TCS.NS,2011-07-06,589.125,596.4500122070312,585.8499755859375,591.4000244140625
TCS.NS,2011-07-07,591.5499877929688,600.0,591.5499877929688,597.9500122070312
TCS.NS,2011-07-08,598.0,602.5,584.625,585.8250122070312
TCS.NS,2011-07-11,585.0,588.9000244140625,573.2999877929688,578.3250122070312
TCS.NS,2011-07-12,567.8499755859375,574.4000244140625,556.0499877929688,572.6749877929688
TCS.NS,2011-07-13,575.0,584.0,565.5,574.5250244140625
TCS.NS,2011-07-14,575.0,579.2999877929688,559.5499877929688,561.8499755859375
TCS.NS,2011-07-15,584.0,588.9500122070312,570.5499877929688,573.0250244140625
TCS.NS,2011-07-18,574.0,576.0,561.1500244140625,562.5250244140625
TCS.NS,2011-07-19,560.7999877929688,574.0750122070312,560.125,570.0250244140625
TCS.NS,2011-07-20,575.0,575.9000244140625,562.5,566.2249755859375
TCS.NS,2011-07-21,566.0,566.25,560.0250244140625,561.2750244140625
TCS.NS,2011-07-22,563.375,570.6500244140625,563.25,566.7000122070312
TCS.NS,2011-07-25,567.5,572.0,561.5750122070312,569.9500122070312
TCS.NS,2011-07-26,569.9000244140625,575.9749755859375,563.625,572.3250122070312
TCS.NS,2011-07-27,574.4749755859375,577.3250122070312,569.0750122070312,573.5750122070312
TCS.NS,2011-07-28,570.0,572.4500122070312,560.1500244140625,564.7750244140625
TCS.NS,2011-07-29,566.5,571.0,560.8250122070312,568.5
TCS.NS,2011-08-01,571.2000122070312,574.9500122070312,562.5499877929688,567.625
TCS.NS,2011-08-02,565.25,567.0,561.125,565.3250122070312
TCS.NS,2011-08-03,560.0,562.8499755859375,547.6749877929688,555.1749877929688
TCS.NS,2011-08-04,555.0250244140625,559.75,545.5499877929688,547.9249877929688
TCS.NS,2011-08-05,536.5750122070312,537.0,514.0,528.9749755859375
TCS.NS,2011-08-08,505.6000061035156,516.6749877929688,498.29998779296875,502.67498779296875
TCS.NS,2011-08-09,482.5,492.6000061035156,473.8500061035156,482.3999938964844
TCS.NS,2011-08-10,499.5,506.0,486.8999938964844,492.0249938964844
TCS.NS,2011-08-11,490.0,491.70001220703125,481.5,489.17498779296875
TCS.NS,2011-08-12,495.2749938964844,495.95001220703125,468.75,473.57501220703125
TCS.NS,2011-08-16,483.5,489.17498779296875,478.0249938964844,486.79998779296875
TCS.NS,2011-08-17,487.25,504.70001220703125,485.0,499.95001220703125
TCS.NS,2011-08-18,502.95001220703125,504.6499938964844,479.0,481.17498779296875
TCS.NS,2011-08-19,471.5,473.4750061035156,452.5,464.4750061035156
TCS.NS,2011-08-22,464.5,465.0,451.0,459.0249938964844
TCS.NS,2011-08-23,460.42498779296875,494.0,460.17498779296875,490.79998779296875
TCS.NS,2011-08-24,489.0,489.0,477.5,481.29998779296875
TCS.NS,2011-08-25,484.8500061035156,486.5,469.0,475.20001220703125
TCS.NS,2011-08-26,475.54998779296875,484.75,470.0,474.2250061035156
TCS.NS,2011-08-29,482.04998779296875,512.0,482.04998779296875,509.79998779296875
TCS.NS,2011-08-30,515.0,525.1500244140625,512.0750122070312,521.2000122070312
TCS.NS,2011-09-02,536.5,537.375,506.0,511.04998779296875
TCS.NS,2011-09-05,507.8999938964844,516.5999755859375,499.2250061035156,513.8499755859375
TCS.NS,2011-09-06,509.0,521.0,502.5,516.9500122070312
TCS.NS,2011-09-07,517.0499877929688,525.0,512.5,515.5
TCS.NS,2011-09-08,516.5,527.4749755859375,514.5,518.0250244140625
TCS.NS,2011-09-09,520.0,525.7999877929688,505.32501220703125,508.0249938964844
TCS.NS,2011-09-12,500.0,501.92498779296875,489.32501220703125,492.8500061035156
TCS.NS,2011-09-13,498.8999938964844,512.0,494.375,496.875
TCS.NS,2011-09-14,500.5,514.5,496.875,507.54998779296875
TCS.NS,2011-09-15,514.0,522.9000244140625,505.0,520.875
TCS.NS,2011-09-16,524.0,536.2000122070312,510.6499938964844,513.875
TCS.NS,2011-09-19,510.75,516.25,506.25,509.0249938964844
TCS.NS,2011-09-20,511.04998779296875,532.0,511.04998779296875,528.9749755859375
TCS.NS,2011-09-21,533.9749755859375,533.9749755859375,518.4500122070312,521.75
TCS.NS,2011-09-22,511.5,517.0,493.1000061035156,497.20001220703125
TCS.NS,2011-09-23,494.0,507.5,491.125,495.1499938964844
TCS.NS,2011-09-26,498.0,504.0,484.5,498.4750061035156
TCS.NS,2011-09-27,506.8999938964844,522.5,503.0,520.2750244140625
TCS.NS,2011-09-28,524.25,532.3499755859375,518.5,523.9500122070312
TCS.NS,2011-09-29,521.625,534.0,517.8499755859375,530.7249755859375
TCS.NS,2011-09-30,524.9500122070312,532.0,516.5499877929688,518.6500244140625
TCS.NS,2011-10-03,510.0,524.9500122070312,507.6499938964844,521.6500244140625
TCS.NS,2011-10-04,519.2000122070312,529.5,514.5499877929688,522.9749755859375
TCS.NS,2011-10-05,527.25,531.5,520.5,521.7750244140625
TCS.NS,2011-10-07,537.5499877929688,538.9000244140625,518.75,524.2750244140625
TCS.NS,2011-10-10,524.0,537.0,524.0,532.3499755859375
TCS.NS,2011-10-11,537.5,539.0,517.25,520.4249877929688
TCS.NS,2011-10-12,533.0,544.7000122070312,531.0,539.5250244140625
TCS.NS,2011-10-13,548.25,552.4749755859375,540.0499877929688,546.375
TCS.NS,2011-10-14,544.7000122070312,570.375,544.4500122070312,567.125
TCS.NS,2011-10-17,575.75,577.0,555.6500244140625,560.125
TCS.NS,2011-10-18,531.0,532.125,510.25,516.7750244140625
TCS.NS,2011-10-19,521.5,527.2000122070312,517.5999755859375,524.4749755859375
TCS.NS,2011-10-20,518.0,523.5,515.1500244140625,522.4500122070312
TCS.NS,2011-10-21,527.4500122070312,530.0,521.5,524.9249877929688
TCS.NS,2011-10-24,530.0,546.1500244140625,529.75,539.875
TCS.NS,2011-10-25,544.5,553.5,535.7249755859375,549.3250122070312
TCS.NS,2011-10-28,564.5,569.5499877929688,555.5,560.75
TCS.NS,2011-10-31,560.0,566.0,556.0,557.9000244140625
TCS.NS,2011-11-01,554.0,561.5,548.125,554.2249755859375
TCS.NS,2011-11-02,550.625,560.9249877929688,550.0,553.4249877929688
TCS.NS,2011-11-03,548.9000244140625,554.7000122070312,543.5,552.5
TCS.NS,2011-11-04,560.5,562.5,543.5999755859375,549.9000244140625
TCS.NS,2011-11-08,548.0,557.4000244140625,548.0,552.625
TCS.NS,2011-11-09,555.0,573.0,553.1500244140625,561.4749755859375
TCS.NS,2011-11-11,555.0,570.5,553.625,565.5
TCS.NS,2011-11-14,570.0,578.0,562.25,564.2000122070312
TCS.NS,2011-11-15,562.5250244140625,569.4749755859375,560.0,562.2000122070312
TCS.NS,2011-11-16,563.0,566.4000244140625,552.5999755859375,558.625
TCS.NS,2011-11-17,557.5,561.75,553.7999877929688,557.5750122070312
TCS.NS,2011-11-18,552.875,554.9000244140625,538.1500244140625,543.2999877929688
TCS.NS,2011-11-21,542.5,544.1500244140625,530.0499877929688,533.5999755859375
TCS.NS,2011-11-22,534.4500122070312,547.5,528.5,540.9249877929688
TCS.NS,2011-11-23,540.9749755859375,540.9749755859375,520.5,531.1500244140625
TCS.NS,2011-11-24,531.0,548.2000122070312,522.5,545.9000244140625
TCS.NS,2011-11-25,542.5,543.9500122070312,528.5499877929688,531.9500122070312
TCS.NS,2011-11-28,538.9749755859375,548.0,537.0,544.25
TCS.NS,2011-11-29,546.5,552.9500122070312,543.0999755859375,546.6500244140625
TCS.NS,2011-11-30,540.5750122070312,561.4749755859375,540.5750122070312,557.7750244140625
TCS.NS,2011-12-01,570.0,574.2750244140625,563.0999755859375,567.4000244140625
TCS.NS,2011-12-02,567.4249877929688,592.5,564.7999877929688,589.0
TCS.NS,2011-12-05,586.25,591.9500122070312,581.2750244140625,590.4749755859375
TCS.NS,2011-12-07,590.0,596.4500122070312,586.7999877929688,589.7750244140625
TCS.NS,2011-12-08,585.0,594.5,583.5750122070312,588.7999877929688
TCS.NS,2011-12-09,580.5,591.4000244140625,580.5,586.2000122070312
TCS.NS,2011-12-12,588.0,595.0,577.5499877929688,590.1749877929688
TCS.NS,2011-12-13,587.5,598.4500122070312,583.3250122070312,589.3499755859375
TCS.NS,2011-12-14,590.25,594.5,585.0,591.2249755859375
TCS.NS,2011-12-15,589.8499755859375,594.9500122070312,577.2999877929688,591.25
TCS.NS,2011-12-16,588.2750244140625,591.2750244140625,566.1500244140625,573.1500244140625
TCS.NS,2011-12-19,569.5,578.7000122070312,557.2000122070312,571.8250122070312
TCS.NS,2011-12-20,572.6749877929688,575.5499877929688,564.125,566.6749877929688
TCS.NS,2011-12-21,575.0,583.0,561.2249755859375,579.3499755859375
TCS.NS,2011-12-22,576.0,581.9249877929688,567.125,575.8499755859375
TCS.NS,2011-12-23,575.5,581.0,569.5499877929688,578.5750122070312
TCS.NS,2011-12-26,578.5750122070312,595.0999755859375,576.75,594.2000122070312
TCS.NS,2011-12-27,592.7000122070312,595.0,585.0,589.7249755859375
TCS.NS,2011-12-28,589.3499755859375,591.7750244140625,582.9500122070312,584.5999755859375
TCS.NS,2011-12-29,581.75,589.0499877929688,579.75,582.8499755859375
TCS.NS,2011-12-30,589.0,591.25,578.25,580.3250122070312
TCS.NS,2012-01-02,580.5,592.9749755859375,576.5,589.2999877929688
TCS.NS,2012-01-03,591.625,604.9500122070312,590.0,598.7999877929688
TCS.NS,2012-01-04,602.4500122070312,602.5,584.6500244140625,586.5
TCS.NS,2012-01-05,586.4000244140625,592.5,583.6749877929688,586.0
TCS.NS,2012-01-06,583.0,594.1749877929688,578.4000244140625,584.7000122070312
TCS.NS,2012-01-09,585.5,589.8499755859375,582.625,585.6749877929688
TCS.NS,2012-01-10,587.5,592.75,579.25,582.7000122070312
TCS.NS,2012-01-11,585.7000122070312,587.5,566.5750122070312,568.5
TCS.NS,2012-01-12,550.5,557.5,534.3250122070312,544.75
TCS.NS,2012-01-13,548.5750122070312,551.6749877929688,536.5,542.875
TCS.NS,2012-01-16,542.0,557.0,539.4500122070312,554.7000122070312
TCS.NS,2012-01-17,559.9500122070312,562.3499755859375,547.0,551.9749755859375
TCS.NS,2012-01-18,540.0,548.1500244140625,522.6500244140625,538.0750122070312
TCS.NS,2012-01-19,543.5,544.4500122070312,532.7000122070312,537.7750244140625
TCS.NS,2012-01-20,539.9749755859375,545.4749755859375,536.5,539.75
TCS.NS,2012-01-23,543.0,545.7249755859375,537.0750122070312,538.8499755859375
TCS.NS,2012-01-24,544.0,547.5,539.0,544.3499755859375
TCS.NS,2012-01-25,547.4500122070312,554.9749755859375,545.5250244140625,549.0
TCS.NS,2012-01-27,552.5,560.2750244140625,550.0499877929688,554.375
TCS.NS,2012-01-30,551.25,559.4749755859375,550.375,555.875
TCS.NS,2012-01-31,556.5,567.9500122070312,556.5,566.2000122070312
TCS.NS,2012-02-01,564.7000122070312,567.5,554.125,564.3499755859375
TCS.NS,2012-02-02,568.0,576.3250122070312,565.1500244140625,574.0
TCS.NS,2012-02-03,572.5,588.0,570.5,585.7750244140625
TCS.NS,2012-02-06,591.8499755859375,600.0250244140625,586.6749877929688,596.9249877929688
TCS.NS,2012-02-07,604.8499755859375,604.8499755859375,595.9500122070312,599.0
TCS.NS,2012-02-08,608.2000122070312,613.4249877929688,605.5,609.8250122070312
TCS.NS,2012-02-09,605.5499877929688,616.0,594.0,614.2999877929688
TCS.NS,2012-02-10,614.0,619.0,606.0,616.7000122070312
TCS.NS,2012-02-13,611.0999755859375,618.9749755859375,607.0,612.8499755859375
TCS.NS,2012-02-14,612.5,614.7750244140625,607.5,610.0
TCS.NS,2012-02-15,613.5750122070312,624.4000244140625,609.75,620.7999877929688
TCS.NS,2012-02-16,619.0,621.0,609.0,612.6749877929688
TCS.NS,2012-02-17,617.4249877929688,627.0,610.5,614.375
TCS.NS,2012-02-21,611.7750244140625,620.0,602.375,618.5250244140625
TCS.NS,2012-02-22,617.5,633.4249877929688,614.5,626.1749877929688
TCS.NS,2012-02-23,624.5250244140625,637.4500122070312,622.0,629.9000244140625
TCS.NS,2012-02-24,629.5,640.4249877929688,628.625,635.0
TCS.NS,2012-02-27,639.5,639.9749755859375,622.7999877929688,626.0250244140625
TCS.NS,2012-02-28,627.625,630.2000122070312,609.5499877929688,613.2750244140625
TCS.NS,2012-02-29,620.0,620.0,606.125,610.9749755859375
TCS.NS,2012-03-01,611.5,613.4749755859375,605.0250244140625,609.7999877929688
TCS.NS,2012-03-02,613.0,613.5,603.5,608.625
TCS.NS,2012-03-05,607.0,611.2249755859375,600.5,603.6500244140625
TCS.NS,2012-03-06,601.5,610.6500244140625,594.5,601.0
TCS.NS,2012-03-07,597.5,603.0,593.2750244140625,596.4249877929688
TCS.NS,2012-03-09,613.5,613.5,601.4749755859375,604.2750244140625
TCS.NS,2012-03-12,607.9500122070312,609.4249877929688,591.5999755859375,594.5250244140625
TCS.NS,2012-03-13,595.0,607.4749755859375,595.0,598.5
TCS.NS,2012-03-14,605.0499877929688,607.0,575.5,577.2750244140625
TCS.NS,2012-03-15,579.5,585.4749755859375,572.5,581.8499755859375
TCS.NS,2012-03-16,584.9749755859375,590.0,579.0,584.7750244140625
TCS.NS,2012-03-19,584.7750244140625,584.7750244140625,555.9000244140625,561.0
TCS.NS,2012-03-20,564.5,572.5,560.0,567.4249877929688
TCS.NS,2012-03-21,568.4749755859375,589.9000244140625,568.2750244140625,587.875
TCS.NS,2012-03-22,587.3499755859375,594.8499755859375,580.0,583.875
TCS.NS,2012-03-23,587.5,595.9500122070312,582.4000244140625,592.3250122070312
TCS.NS,2012-03-26,588.5,592.5,577.0,580.7999877929688
TCS.NS,2012-03-27,586.5,589.8250122070312,575.9749755859375,587.375
TCS.NS,2012-03-28,587.0,587.3250122070312,577.2249755859375,582.5499877929688
TCS.NS,2012-03-29,575.5,582.0,566.2000122070312,570.5999755859375
TCS.NS,2012-03-30,572.75,587.875,572.75,584.4000244140625
TCS.NS,2012-04-02,585.0,599.5,585.0,597.125
TCS.NS,2012-04-03,600.0999755859375,603.6749877929688,587.6500244140625,589.0
TCS.NS,2012-04-04,584.5,594.9000244140625,583.5,589.2249755859375
TCS.NS,2012-04-09,585.0,594.0,579.125,582.0499877929688
TCS.NS,2012-04-10,583.1500244140625,587.8250122070312,576.125,578.0999755859375
TCS.NS,2012-04-11,574.8499755859375,577.5,567.5999755859375,569.0499877929688
TCS.NS,2012-04-12,570.125,574.0,564.5499877929688,565.8250122070312
TCS.NS,2012-04-13,545.6749877929688,552.3499755859375,530.625,534.1749877929688
TCS.NS,2012-04-16,532.625,537.1500244140625,526.6500244140625,534.875
TCS.NS,2012-04-17,542.5,547.4749755859375,536.9000244140625,545.4249877929688
TCS.NS,2012-04-18,550.0,557.3499755859375,546.9249877929688,548.7750244140625
TCS.NS,2012-04-19,550.4500122070312,553.4000244140625,545.5499877929688,551.4749755859375
TCS.NS,2012-04-20,546.625,553.9749755859375,538.7000122070312,544.2249755859375
TCS.NS,2012-04-23,546.9749755859375,551.2000122070312,523.8250122070312,532.125
TCS.NS,2012-04-24,561.0,602.5,558.6500244140625,597.0999755859375
TCS.NS,2012-04-25,594.5,595.0,583.75,585.5250244140625
TCS.NS,2012-04-26,585.0,600.9500122070312,582.25,597.3250122070312
TCS.NS,2012-04-27,595.0,606.0,595.0,602.0
TCS.NS,2012-04-30,602.0,625.0,602.0,623.2999877929688
TCS.NS,2012-05-02,621.0499877929688,637.2000122070312,621.0499877929688,633.625
TCS.NS,2012-05-03,631.3499755859375,642.0499877929688,629.2750244140625,639.75
TCS.NS,2012-05-04,640.0,647.625,631.5250244140625,638.4000244140625
TCS.NS,2012-05-07,630.0,639.25,624.2000122070312,636.625
TCS.NS,2012-05-08,612.5,617.3499755859375,597.8250122070312,600.3499755859375
TCS.NS,2012-05-09,597.5,617.2999877929688,597.0499877929688,612.7750244140625
TCS.NS,2012-05-10,612.7750244140625,620.9000244140625,612.5,616.2750244140625
TCS.NS,2012-05-11,612.0,618.4500122070312,610.5999755859375,615.375
TCS.NS,2012-05-14,613.6500244140625,617.0,610.0,612.9749755859375
TCS.NS,2012-05-15,612.0,616.5,609.9000244140625,613.1500244140625
TCS.NS,2012-05-16,610.0,620.9500122070312,603.375,611.7000122070312
TCS.NS,2012-05-17,611.0,617.5,599.5250244140625,611.0
TCS.NS,2012-05-18,602.4000244140625,612.4500122070312,601.3250122070312,605.3250122070312
TCS.NS,2012-05-21,605.5,612.5,602.0250244140625,604.5999755859375
TCS.NS,2012-05-22,610.5,620.0,606.5,612.0250244140625
TCS.NS,2012-05-23,616.5,617.7750244140625,607.0499877929688,612.5750122070312
TCS.NS,2012-05-24,612.5,614.4749755859375,603.5499877929688,610.7249755859375
TCS.NS,2012-05-25,606.0499877929688,612.5,604.5499877929688,610.4000244140625
TCS.NS,2012-05-28,612.0,615.0,607.5250244140625,612.3499755859375
TCS.NS,2012-05-29,614.0,624.0,609.2000122070312,620.1749877929688
TCS.NS,2012-05-30,615.625,628.5,615.625,620.2750244140625
TCS.NS,2012-05-31,610.5,627.9500122070312,610.5,622.6749877929688
TCS.NS,2012-06-01,620.0,622.5,609.25,612.2999877929688
TCS.NS,2012-06-04,605.0,608.0,598.0999755859375,606.625
TCS.NS,2012-06-05,607.0,615.4500122070312,607.0,613.25
TCS.NS,2012-06-06,615.0,631.875,614.5499877929688,625.5750122070312
TCS.NS,2012-06-07,623.5,624.9500122070312,615.7750244140625,620.0999755859375
TCS.NS,2012-06-08,615.5999755859375,621.2999877929688,612.0750122070312,615.4500122070312
TCS.NS,2012-06-11,616.5,623.0250244140625,613.5499877929688,616.7750244140625
TCS.NS,2012-06-12,610.5499877929688,626.5,610.5499877929688,624.0499877929688
TCS.NS,2012-06-13,624.5,630.0,621.2999877929688,625.2000122070312
TCS.NS,2012-06-14,624.5,630.75,622.5,627.0
TCS.NS,2012-06-15,627.0250244140625,640.0,624.5,636.2249755859375
TCS.NS,2012-06-18,638.0,643.1749877929688,625.0,628.5750122070312
TCS.NS,2012-06-19,628.4500122070312,639.625,627.5499877929688,636.9749755859375
TCS.NS,2012-06-20,637.0,637.0,621.6500244140625,626.4000244140625
TCS.NS,2012-06-21,622.5250244140625,626.0,604.5,612.0250244140625
TCS.NS,2012-06-22,607.125,619.9500122070312,607.125,616.7249755859375
TCS.NS,2012-06-25,618.5,619.25,605.5,608.375
TCS.NS,2012-06-26,608.75,618.5,608.5250244140625,617.5499877929688
TCS.NS,2012-06-27,618.125,629.4000244140625,618.125,623.3499755859375
TCS.NS,2012-06-28,623.4749755859375,631.9500122070312,618.125,629.4249877929688
TCS.NS,2012-06-29,631.6749877929688,643.5,631.4500122070312,638.7249755859375
TCS.NS,2012-07-02,639.5,639.5,628.2249755859375,629.7249755859375
TCS.NS,2012-07-03,632.5,634.9000244140625,615.1500244140625,619.7000122070312
TCS.NS,2012-07-04,621.75,624.75,615.7750244140625,623.9249877929688
TCS.NS,2012-07-05,623.9249877929688,623.9249877929688,617.5999755859375,620.2999877929688
TCS.NS,2012-07-06,620.0,626.4000244140625,613.5,623.875
TCS.NS,2012-07-09,622.5,632.2750244140625,621.6749877929688,629.7000122070312
TCS.NS,2012-07-10,632.5,635.125,624.7750244140625,630.8499755859375
TCS.NS,2012-07-11,626.625,637.25,626.625,629.1500244140625
TCS.NS,2012-07-12,612.5,625.0,609.6500244140625,618.0
TCS.NS,2012-07-13,636.9000244140625,642.0,621.5,624.7000122070312
TCS.NS,2012-07-16,624.5,629.625,601.4500122070312,603.6749877929688
TCS.NS,2012-07-17,609.0,612.0,587.5999755859375,592.9500122070312
TCS.NS,2012-07-18,597.5,602.2000122070312,589.25,597.6500244140625
TCS.NS,2012-07-19,601.5,605.0,597.625,600.5
TCS.NS,2012-07-20,600.5,614.0,600.1500244140625,611.5250244140625
TCS.NS,2012-07-23,604.0,613.5999755859375,600.5,607.125
TCS.NS,2012-07-24,604.0499877929688,609.3250122070312,598.5499877929688,604.5750122070312
TCS.NS,2012-07-25,602.0,608.5,598.4500122070312,606.5750122070312
TCS.NS,2012-07-26,606.5,610.5,595.0999755859375,599.2249755859375
TCS.NS,2012-07-27,607.5,615.0999755859375,601.625,612.6500244140625
TCS.NS,2012-07-30,617.4500122070312,621.4249877929688,607.2750244140625,615.5
TCS.NS,2012-07-31,617.5,624.625,613.125,621.8250122070312
TCS.NS,2012-08-01,619.0499877929688,622.4000244140625,611.0499877929688,612.3250122070312
TCS.NS,2012-08-02,614.9749755859375,618.3499755859375,611.0,616.4000244140625
TCS.NS,2012-08-03,614.0,620.125,609.0499877929688,618.4500122070312
TCS.NS,2012-08-06,622.5,624.0,612.5999755859375,614.4500122070312
TCS.NS,2012-08-07,619.5,633.0999755859375,617.3250122070312,632.0250244140625
TCS.NS,2012-08-08,632.5,633.3250122070312,623.2000122070312,624.5999755859375
TCS.NS,2012-08-09,625.125,633.9249877929688,625.125,629.0750122070312
TCS.NS,2012-08-10,628.0,642.5,627.875,640.0250244140625
TCS.NS,2012-08-13,639.5499877929688,639.5499877929688,628.625,633.1500244140625
TCS.NS,2012-08-14,630.0,636.625,629.625,634.2000122070312
TCS.NS,2012-08-16,635.0750122070312,635.7750244140625,626.0499877929688,631.7750244140625
TCS.NS,2012-08-17,632.5250244140625,642.25,632.0,639.2999877929688
TCS.NS,2012-08-21,639.9500122070312,652.5,638.5499877929688,649.3250122070312
TCS.NS,2012-08-22,647.9500122070312,654.5,644.0499877929688,645.8250122070312
TCS.NS,2012-08-23,645.875,663.0,645.875,661.7249755859375
TCS.NS,2012-08-24,660.0,664.2000122070312,656.5,661.4249877929688
TCS.NS,2012-08-27,658.0999755859375,665.4500122070312,657.5,660.2249755859375
TCS.NS,2012-08-28,663.4749755859375,677.3250122070312,657.5,675.4500122070312
TCS.NS,2012-08-29,675.0,679.0,667.5,671.6500244140625
TCS.NS,2012-08-30,669.9500122070312,694.4000244140625,661.7000122070312,683.5750122070312
TCS.NS,2012-08-31,678.5,679.5,667.3250122070312,671.875
TCS.NS,2012-09-03,675.0,677.4500122070312,666.5,668.9249877929688
TCS.NS,2012-09-04,666.4500122070312,673.5,661.0250244140625,670.4249877929688
TCS.NS,2012-09-05,669.75,685.5,666.0,682.25
TCS.NS,2012-09-06,682.0499877929688,689.9500122070312,676.8250122070312,687.7999877929688
TCS.NS,2012-09-07,695.0,698.4000244140625,689.4500122070312,693.3499755859375
TCS.NS,2012-09-10,691.5999755859375,691.9500122070312,682.9749755859375,685.7249755859375
TCS.NS,2012-09-11,684.5,697.7999877929688,682.0250244140625,696.3250122070312
TCS.NS,2012-09-12,698.4749755859375,710.5,694.9500122070312,707.4500122070312
TCS.NS,2012-09-13,706.5,711.9749755859375,704.7750244140625,708.8499755859375
TCS.NS,2012-09-14,714.0,719.9000244140625,701.0750122070312,706.5499877929688
TCS.NS,2012-09-17,709.125,710.7750244140625,667.75,671.0499877929688
TCS.NS,2012-09-18,672.5,672.5,646.2750244140625,649.9000244140625
TCS.NS,2012-09-20,647.5,668.4500122070312,645.7999877929688,661.0
TCS.NS,2012-09-21,662.4500122070312,666.1500244140625,649.1500244140625,652.0250244140625
TCS.NS,2012-09-24,655.0,656.5,638.5,644.7249755859375
TCS.NS,2012-09-25,645.0499877929688,654.875,641.1500244140625,646.5999755859375
TCS.NS,2012-09-26,647.5999755859375,652.5,641.0,642.7999877929688
TCS.NS,2012-09-27,640.0499877929688,649.75,630.5499877929688,635.7750244140625
TCS.NS,2012-09-28,639.4000244140625,652.5,638.25,647.9500122070312
TCS.NS,2012-10-01,647.5,654.9000244140625,646.5250244140625,651.4749755859375
TCS.NS,2012-10-03,650.5,662.5,650.5,661.3250122070312
TCS.NS,2012-10-04,660.0,660.8250122070312,654.3250122070312,658.5750122070312
TCS.NS,2012-10-05,655.125,659.6749877929688,527.5,652.0
TCS.NS,2012-10-08,655.0,657.625,642.7249755859375,646.3499755859375
TCS.NS,2012-10-09,648.9500122070312,649.4000244140625,642.5,647.4249877929688
TCS.NS,2012-10-10,643.0,650.875,642.5,644.6749877929688
TCS.NS,2012-10-11,645.125,650.7750244140625,643.0250244140625,644.7249755859375
TCS.NS,2012-10-12,639.4000244140625,656.8250122070312,636.5999755859375,649.2249755859375
TCS.NS,2012-10-15,647.0,651.2000122070312,643.75,647.3250122070312
TCS.NS,2012-10-16,648.5,655.0999755859375,643.9000244140625,647.9500122070312
TCS.NS,2012-10-17,650.6500244140625,652.4500122070312,636.0,641.5750122070312
TCS.NS,2012-10-18,643.125,655.5,640.0999755859375,653.6749877929688
TCS.NS,2012-10-19,654.5,655.7000122070312,641.0,644.8499755859375
TCS.NS,2012-10-22,662.5499877929688,667.4500122070312,651.5,659.4500122070312
TCS.NS,2012-10-23,662.0,662.0,655.9500122070312,657.2999877929688
TCS.NS,2012-10-25,657.5,661.9500122070312,652.125,657.6749877929688
TCS.NS,2012-10-29,655.5,659.9000244140625,650.4000244140625,654.2000122070312
TCS.NS,2012-10-30,652.2000122070312,661.0,652.2000122070312,655.75
TCS.NS,2012-10-31,654.5499877929688,658.4000244140625,652.0,657.75
TCS.NS,2012-11-01,657.4500122070312,660.1749877929688,655.0999755859375,657.625
TCS.NS,2012-11-02,662.4500122070312,669.0,659.2000122070312,665.5999755859375
TCS.NS,2012-11-05,667.9500122070312,671.6749877929688,662.6500244140625,664.7999877929688
TCS.NS,2012-11-06,662.5,668.7000122070312,659.7249755859375,660.2750244140625
TCS.NS,2012-11-07,662.5,666.6749877929688,660.75,665.75
TCS.NS,2012-11-08,662.0,667.3499755859375,658.2999877929688,665.5999755859375
TCS.NS,2012-11-09,665.0,666.625,660.4500122070312,662.4749755859375
TCS.NS,2012-11-12,660.0,674.0,660.0,667.25
TCS.NS,2012-11-15,660.0499877929688,661.0,645.5,647.0750122070312
TCS.NS,2012-11-16,649.9000244140625,653.4000244140625,640.0499877929688,643.4000244140625
TCS.NS,2012-11-19,645.0499877929688,647.5,629.25,631.1749877929688
TCS.NS,2012-11-20,637.5,641.4500122070312,628.0250244140625,636.4000244140625
TCS.NS,2012-11-21,638.125,647.3499755859375,638.125,641.0999755859375
TCS.NS,2012-11-22,641.0499877929688,642.0499877929688,635.5,638.2249755859375
TCS.NS,2012-11-23,641.0,645.7000122070312,635.625,644.2999877929688
TCS.NS,2012-11-26,644.0,647.8499755859375,642.5,646.8499755859375
TCS.NS,2012-11-27,649.9500122070312,649.9500122070312,644.1500244140625,647.5999755859375
TCS.NS,2012-11-29,655.0,656.0,646.1749877929688,649.0499877929688
TCS.NS,2012-11-30,647.5,662.5,645.5499877929688,657.0
TCS.NS,2012-12-03,657.5,661.0,652.5999755859375,658.4000244140625
TCS.NS,2012-12-04,657.5499877929688,660.9000244140625,646.4500122070312,649.7249755859375
TCS.NS,2012-12-05,650.0,653.7750244140625,644.2999877929688,648.9500122070312
TCS.NS,2012-12-06,647.5,647.5,634.5,640.3499755859375
TCS.NS,2012-12-07,638.3250122070312,640.3499755859375,628.5250244140625,632.0750122070312
TCS.NS,2012-12-10,631.0499877929688,633.4000244140625,615.5999755859375,618.5999755859375
TCS.NS,2012-12-11,617.5,621.5,605.1749877929688,609.8499755859375
TCS.NS,2012-12-12,612.4500122070312,620.5,610.5499877929688,612.9000244140625
TCS.NS,2012-12-13,615.0499877929688,617.2999877929688,608.5499877929688,611.2750244140625
TCS.NS,2012-12-14,608.5,622.5,608.0750122070312,621.4500122070312
TCS.NS,2012-12-17,619.5750122070312,624.4500122070312,601.0499877929688,602.75
TCS.NS,2012-12-18,607.3499755859375,612.5,598.5,605.3250122070312
TCS.NS,2012-12-19,608.0499877929688,618.2750244140625,608.0499877929688,616.3250122070312
TCS.NS,2012-12-20,613.5750122070312,627.5,613.5750122070312,626.0250244140625
TCS.NS,2012-12-21,625.0,632.2000122070312,618.8499755859375,629.3499755859375
TCS.NS,2012-12-24,631.0,635.5499877929688,630.0499877929688,633.0999755859375
TCS.NS,2012-12-26,633.5,634.5750122070312,627.6500244140625,631.0999755859375
TCS.NS,2012-12-27,632.4500122070312,632.4500122070312,623.8250122070312,625.4749755859375
TCS.NS,2012-12-28,627.0,636.0,625.375,633.75
TCS.NS,2012-12-31,630.5,632.7999877929688,626.0,627.9249877929688
TCS.NS,2013-01-01,633.4749755859375,633.9500122070312,630.0,632.0750122070312
TCS.NS,2013-01-02,633.5,636.2000122070312,627.7750244140625,631.6500244140625
TCS.NS,2013-01-03,632.5,642.0,629.9749755859375,640.2999877929688
TCS.NS,2013-01-04,642.5,650.5,640.4500122070312,649.5999755859375
TCS.NS,2013-01-07,650.0,652.0,645.125,647.4249877929688
TCS.NS,2013-01-08,647.5,652.1500244140625,647.1500244140625,650.125
TCS.NS,2013-01-09,650.5,653.7000122070312,636.5750122070312,638.2999877929688
TCS.NS,2013-01-10,639.9500122070312,641.0499877929688,627.6500244140625,629.2000122070312
TCS.NS,2013-01-11,645.0,661.25,645.0,653.1749877929688
TCS.NS,2013-01-14,659.5,674.2249755859375,653.6749877929688,667.25
TCS.NS,2013-01-15,695.0,700.0,663.5,668.7249755859375
TCS.NS,2013-01-16,668.4500122070312,677.5,654.5,673.875
TCS.NS,2013-01-17,674.8499755859375,685.9000244140625,671.5,681.0
TCS.NS,2013-01-18,681.25,683.0250244140625,669.0250244140625,675.5
TCS.NS,2013-01-21,676.25,677.4500122070312,663.5499877929688,665.0
TCS.NS,2013-01-22,663.0,665.8499755859375,654.0499877929688,658.75
TCS.NS,2013-01-23,657.875,661.875,649.2000122070312,655.9749755859375
TCS.NS,2013-01-24,652.5,668.4500122070312,652.5,664.2750244140625
TCS.NS,2013-01-25,661.875,672.5,661.875,670.25
TCS.NS,2013-01-28,670.1500244140625,674.9749755859375,668.9749755859375,672.5250244140625
TCS.NS,2013-01-29,670.5999755859375,678.2750244140625,670.1500244140625,672.4749755859375
TCS.NS,2013-01-30,670.5,674.9249877929688,667.9000244140625,673.0750122070312
TCS.NS,2013-01-31,674.4249877929688,676.2249755859375,663.2000122070312,672.0750122070312
TCS.NS,2013-02-01,672.0,676.0,671.0750122070312,674.0499877929688
TCS.NS,2013-02-04,674.5,683.9000244140625,672.5750122070312,678.1749877929688
TCS.NS,2013-02-05,672.5499877929688,682.5,672.5499877929688,680.0250244140625
TCS.NS,2013-02-06,681.25,687.9500122070312,681.0,685.2750244140625
TCS.NS,2013-02-07,680.5,695.0,680.5,693.5750122070312
TCS.NS,2013-02-08,693.0,718.5,692.5499877929688,711.2999877929688
TCS.NS,2013-02-11,712.0,714.4500122070312,706.125,707.3499755859375
TCS.NS,2013-02-12,704.5250244140625,707.5,700.9249877929688,705.0250244140625
TCS.NS,2013-02-13,704.9000244140625,720.8250122070312,702.5499877929688,717.7000122070312
TCS.NS,2013-02-14,715.0499877929688,727.9000244140625,714.5,723.8499755859375
TCS.NS,2013-02-15,722.0,725.9000244140625,715.3250122070312,721.0750122070312
TCS.NS,2013-02-18,720.0499877929688,720.9500122070312,710.0,712.6749877929688
TCS.NS,2013-02-19,710.7999877929688,724.4500122070312,706.3499755859375,721.7750244140625
TCS.NS,2013-02-20,720.75,728.5,720.75,726.4000244140625
TCS.NS,2013-02-21,720.3499755859375,728.4249877929688,720.3499755859375,725.5250244140625
TCS.NS,2013-02-22,725.0,732.0250244140625,721.1500244140625,727.5499877929688
TCS.NS,2013-02-25,726.5,737.5,725.75,736.8499755859375
TCS.NS,2013-02-26,733.5,749.9749755859375,733.0,748.2000122070312
TCS.NS,2013-02-27,747.625,751.5250244140625,738.6500244140625,741.5999755859375
TCS.NS,2013-02-28,743.125,762.5,742.625,758.5
TCS.NS,2013-03-01,757.5499877929688,758.0,749.0,750.9249877929688
TCS.NS,2013-03-04,745.5,759.9500122070312,745.5,756.5999755859375
TCS.NS,2013-03-05,758.5,771.5,754.2999877929688,770.0750122070312
TCS.NS,2013-03-06,768.0750122070312,782.75,768.0750122070312,780.5999755859375
TCS.NS,2013-03-07,780.5,798.7999877929688,779.6749877929688,794.9500122070312
TCS.NS,2013-03-08,795.0,797.8250122070312,787.4500122070312,791.5750122070312
TCS.NS,2013-03-11,787.5,794.7750244140625,778.3250122070312,783.0999755859375
TCS.NS,2013-03-12,779.0,783.9749755859375,774.0,780.25
TCS.NS,2013-03-13,778.0250244140625,779.3499755859375,774.0,775.8499755859375
TCS.NS,2013-03-14,778.5,788.5,771.9000244140625,783.8499755859375
TCS.NS,2013-03-15,786.0,790.2000122070312,780.2999877929688,785.125
TCS.NS,2013-03-18,779.9249877929688,786.8250122070312,777.2000122070312,783.4749755859375
TCS.NS,2013-03-19,782.25,782.25,770.2249755859375,773.375
TCS.NS,2013-03-20,770.0,786.3250122070312,769.9749755859375,778.8250122070312
TCS.NS,2013-03-21,781.5,787.2000122070312,776.8499755859375,779.9749755859375
TCS.NS,2013-03-22,780.7000122070312,781.0499877929688,766.0,771.0750122070312
TCS.NS,2013-03-25,774.25,776.0,764.2000122070312,771.6749877929688
TCS.NS,2013-03-26,770.0499877929688,785.0,768.0750122070312,778.1749877929688
TCS.NS,2013-03-28,778.0,791.7000122070312,770.8250122070312,787.875
TCS.NS,2013-04-01,782.5,786.8499755859375,775.625,778.4249877929688
TCS.NS,2013-04-02,778.0,785.5999755859375,770.625,783.6749877929688
TCS.NS,2013-04-03,785.0,787.5,765.5,771.7000122070312
TCS.NS,2013-04-04,770.0499877929688,770.0499877929688,750.5,753.9000244140625
TCS.NS,2013-04-05,752.5,754.6749877929688,742.0499877929688,749.1749877929688
TCS.NS,2013-04-08,749.4500122070312,749.4500122070312,737.5,740.375
TCS.NS,2013-04-09,740.0,756.5,738.7999877929688,748.7000122070312
TCS.NS,2013-04-10,754.9500122070312,769.4500122070312,750.5,765.2249755859375
TCS.NS,2013-04-11,770.0,775.0499877929688,760.3499755859375,768.4500122070312
TCS.NS,2013-04-12,740.9500122070312,762.25,739.1749877929688,755.875
TCS.NS,2013-04-15,756.75,757.0,724.1749877929688,736.2249755859375
TCS.NS,2013-04-16,735.0,746.7249755859375,728.9749755859375,741.5750122070312
TCS.NS,2013-04-17,747.5,749.5,715.5,728.3250122070312
TCS.NS,2013-04-18,743.9749755859375,747.4500122070312,713.7249755859375,726.375
TCS.NS,2013-04-22,723.0,729.9000244140625,712.5,712.6500244140625
TCS.NS,2013-04-23,712.2249755859375,724.0,712.0,715.2750244140625
TCS.NS,2013-04-25,715.2750244140625,715.2750244140625,699.3250122070312,701.1500244140625
TCS.NS,2013-04-26,696.5,696.7249755859375,682.5499877929688,684.6749877929688
TCS.NS,2013-04-29,682.5,692.3499755859375,682.5,685.375
TCS.NS,2013-04-30,684.0,691.0,682.5,689.2000122070312
TCS.NS,2013-05-02,686.75,719.4000244140625,686.75,716.9500122070312
TCS.NS,2013-05-03,713.0,723.625,703.9500122070312,709.25
TCS.NS,2013-05-06,710.0,736.2000122070312,710.0,733.5999755859375
TCS.NS,2013-05-07,733.5499877929688,739.4249877929688,728.7000122070312,735.7999877929688
TCS.NS,2013-05-08,736.0,743.9000244140625,735.0,740.0499877929688
TCS.NS,2013-05-09,741.5999755859375,751.7249755859375,741.5,749.2249755859375
TCS.NS,2013-05-10,749.2249755859375,755.4500122070312,745.5499877929688,747.9500122070312
TCS.NS,2013-05-13,740.0,740.5,722.8499755859375,725.7999877929688
TCS.NS,2013-05-14,727.5499877929688,735.2750244140625,721.875,728.9749755859375
TCS.NS,2013-05-15,729.0499877929688,738.5999755859375,725.0,735.7750244140625
TCS.NS,2013-05-16,734.5,734.5,723.7249755859375,727.0250244140625
TCS.NS,2013-05-17,727.5,739.25,727.0499877929688,736.9000244140625
TCS.NS,2013-05-20,735.625,739.0,730.5,736.2000122070312
TCS.NS,2013-05-21,732.5,751.0,732.5,746.4249877929688
TCS.NS,2013-05-22,749.0,754.5750122070312,746.1500244140625,749.2000122070312
TCS.NS,2013-05-23,747.5,763.375,739.1749877929688,746.3499755859375
TCS.NS,2013-05-24,750.0,751.4749755859375,731.7999877929688,734.7750244140625
TCS.NS,2013-05-27,734.75,750.0,730.0,749.0
TCS.NS,2013-05-28,749.0,758.25,745.1500244140625,757.0499877929688
TCS.NS,2013-05-29,758.0,763.75,742.5499877929688,748.6749877929688
TCS.NS,2013-05-30,750.0,756.0,743.5,749.7000122070312
TCS.NS,2013-05-31,745.5,754.625,738.375,749.2249755859375
TCS.NS,2013-06-03,752.0,753.5,728.5499877929688,734.7000122070312
TCS.NS,2013-06-04,730.0,736.9500122070312,725.0750122070312,732.6749877929688
TCS.NS,2013-06-05,730.5499877929688,736.3250122070312,726.3499755859375,733.9000244140625
TCS.NS,2013-06-06,726.8499755859375,739.25,726.0250244140625,735.375
TCS.NS,2013-06-07,735.0499877929688,769.5,734.0,759.4749755859375
TCS.NS,2013-06-10,762.5250244140625,772.3499755859375,759.5499877929688,762.5250244140625
TCS.NS,2013-06-11,765.0999755859375,771.0,746.0,750.7750244140625
TCS.NS,2013-06-12,747.0499877929688,747.5499877929688,731.0250244140625,734.0499877929688
TCS.NS,2013-06-13,730.0,732.0,717.5499877929688,722.8250122070312
TCS.NS,2013-06-14,724.0,728.625,715.5,725.3499755859375
TCS.NS,2013-06-17,726.5,732.5,714.0,726.2249755859375
TCS.NS,2013-06-18,727.5,730.0,720.0750122070312,721.9000244140625
TCS.NS,2013-06-19,727.4500122070312,727.4500122070312,711.7750244140625,713.8499755859375
TCS.NS,2013-06-20,710.5,716.5750122070312,699.5499877929688,702.25
TCS.NS,2013-06-21,704.4000244140625,715.9249877929688,704.0,711.125
TCS.NS,2013-06-24,707.5,717.0499877929688,700.0499877929688,705.3499755859375
TCS.NS,2013-06-25,706.75,713.5499877929688,690.3499755859375,696.1500244140625
TCS.NS,2013-06-26,698.4500122070312,723.875,690.5250244140625,718.8499755859375
TCS.NS,2013-06-27,723.9000244140625,748.5,721.0,745.9500122070312
TCS.NS,2013-06-28,747.5,762.1500244140625,729.0999755859375,759.0750122070312
TCS.NS,2013-07-01,756.0,758.3499755859375,741.7000122070312,746.1749877929688
TCS.NS,2013-07-02,746.5499877929688,754.25,743.3250122070312,750.2750244140625
TCS.NS,2013-07-03,748.8499755859375,759.5,732.5,744.9000244140625
TCS.NS,2013-07-04,745.4249877929688,770.5,745.0,769.1500244140625
TCS.NS,2013-07-05,771.0,779.0,761.0,765.0999755859375
TCS.NS,2013-07-08,764.0,767.5,750.0,753.3250122070312
TCS.NS,2013-07-09,747.6500244140625,760.875,747.6500244140625,752.4500122070312
TCS.NS,2013-07-10,755.0,763.4000244140625,749.0,755.9749755859375
TCS.NS,2013-07-11,760.0,785.0,760.0,782.2750244140625
TCS.NS,2013-07-12,797.5,812.4000244140625,789.6500244140625,804.9249877929688
TCS.NS,2013-07-15,800.5499877929688,823.6500244140625,799.6500244140625,820.875
TCS.NS,2013-07-16,812.5,833.1749877929688,808.7999877929688,824.6749877929688
TCS.NS,2013-07-17,822.5250244140625,842.4749755859375,822.5250244140625,839.25
TCS.NS,2013-07-18,840.0,846.1500244140625,822.0,830.2000122070312
TCS.NS,2013-07-19,859.5,879.5,850.0,871.4000244140625
TCS.NS,2013-07-22,870.5,879.4000244140625,864.1500244140625,873.25
TCS.NS,2013-07-23,874.0,890.2249755859375,871.7999877929688,874.9000244140625
TCS.NS,2013-07-24,874.25,896.0,872.5,891.4000244140625
TCS.NS,2013-07-25,890.0,905.0,883.3499755859375,897.875
TCS.NS,2013-07-26,897.5,899.4749755859375,875.0499877929688,887.25
TCS.NS,2013-07-29,879.0,897.2999877929688,878.625,889.5999755859375
TCS.NS,2013-07-30,890.0,902.4749755859375,887.7249755859375,896.1500244140625
TCS.NS,2013-07-31,895.0,915.75,894.7249755859375,907.75
TCS.NS,2013-08-01,905.0250244140625,917.4000244140625,895.0,907.7000122070312
TCS.NS,2013-08-02,909.8499755859375,924.9500122070312,908.3499755859375,922.9249877929688
TCS.NS,2013-08-05,920.0,938.7000122070312,920.0,933.5999755859375
TCS.NS,2013-08-06,936.5,940.9749755859375,932.3250122070312,935.0499877929688
TCS.NS,2013-08-07,937.0,945.4500122070312,906.7249755859375,911.3499755859375
TCS.NS,2013-08-08,902.5499877929688,928.0750122070312,891.8499755859375,922.7000122070312
TCS.NS,2013-08-12,920.5,920.5,904.0750122070312,907.0
TCS.NS,2013-08-13,910.0999755859375,922.4249877929688,904.9749755859375,909.9000244140625
TCS.NS,2013-08-14,912.25,929.0,901.0,916.75
TCS.NS,2013-08-16,912.0999755859375,915.0,877.7750244140625,890.4500122070312
TCS.NS,2013-08-19,899.0,903.5,877.7750244140625,888.7249755859375
TCS.NS,2013-08-20,894.9000244140625,894.9000244140625,865.0,868.2000122070312
TCS.NS,2013-08-21,870.0499877929688,871.8499755859375,850.5750122070312,858.9000244140625
TCS.NS,2013-08-22,852.5,898.5750122070312,847.5999755859375,889.4749755859375
TCS.NS,2013-08-23,897.0,919.0,892.1500244140625,914.7249755859375
TCS.NS,2013-08-26,911.5499877929688,939.2999877929688,907.0,921.0
TCS.NS,2013-08-27,919.5,939.4249877929688,915.0,919.4000244140625
TCS.NS,2013-08-28,914.0,973.0499877929688,914.0,953.9500122070312
TCS.NS,2013-08-29,950.5,985.0,939.1500244140625,973.5499877929688
TCS.NS,2013-08-30,969.5,1025.0,965.0,1016.5999755859375
TCS.NS,2013-09-02,1010.0,1034.5,1008.75,1028.425048828125
TCS.NS,2013-09-03,1025.050048828125,1033.5,993.0750122070312,1000.5499877929688
TCS.NS,2013-09-04,1000.0,1039.4000244140625,996.9749755859375,1034.550048828125
TCS.NS,2013-09-05,1034.5,1034.5,990.5250244140625,995.375
TCS.NS,2013-09-06,1004.5,1012.5,987.5,994.4000244140625
TCS.NS,2013-09-10,993.0,1008.3499755859375,990.5,993.9500122070312
TCS.NS,2013-09-11,1004.0,1009.0,991.75,996.9000244140625
TCS.NS,2013-09-12,997.5,999.2750244140625,972.9000244140625,983.9500122070312
TCS.NS,2013-09-13,982.5,995.0,973.2750244140625,976.875
TCS.NS,2013-09-16,975.0,992.5,947.0250244140625,951.2750244140625
TCS.NS,2013-09-17,950.0,976.2750244140625,948.5499877929688,973.7249755859375
TCS.NS,2013-09-18,971.0250244140625,982.4000244140625,968.9500122070312,977.25
TCS.NS,2013-09-19,974.0,995.0,963.25,983.1500244140625
TCS.NS,2013-09-20,975.0,994.9500122070312,970.5,975.1500244140625
TCS.NS,2013-09-23,975.0,988.5999755859375,970.0,977.5499877929688
TCS.NS,2013-09-24,977.5,988.9500122070312,963.0,969.75
TCS.NS,2013-09-25,970.75,985.4749755859375,960.0999755859375,979.5250244140625
TCS.NS,2013-09-26,977.4000244140625,987.0499877929688,967.5499877929688,971.4500122070312
TCS.NS,2013-09-27,971.5499877929688,980.9749755859375,968.7249755859375,974.0499877929688
TCS.NS,2013-09-30,977.0,980.9249877929688,960.0,963.9000244140625
TCS.NS,2013-10-01,966.0,977.4249877929688,958.3499755859375,974.5250244140625
TCS.NS,2013-10-03,985.9000244140625,1018.4500122070312,980.2000122070312,1012.2999877929688
TCS.NS,2013-10-04,1016.0,1034.5,1013.4749755859375,1016.7999877929688
TCS.NS,2013-10-07,1017.5,1048.8499755859375,1012.6500244140625,1044.875
TCS.NS,2013-10-08,1041.5,1049.0,1028.2750244140625,1030.7249755859375
TCS.NS,2013-10-09,1027.75,1048.824951171875,1022.5499877929688,1045.425048828125
TCS.NS,2013-10-10,1044.0,1049.0,1033.625,1040.0
TCS.NS,2013-10-11,1051.5,1069.0,1041.199951171875,1061.0250244140625
TCS.NS,2013-10-14,1063.75,1112.5,1062.5,1106.375
TCS.NS,2013-10-15,1117.5,1129.425048828125,1100.5,1107.699951171875
TCS.NS,2013-10-17,1115.0,1115.0,1047.8499755859375,1054.2249755859375
TCS.NS,2013-10-18,1052.4000244140625,1066.9000244140625,1030.7750244140625,1060.324951171875
TCS.NS,2013-10-21,1062.5,1063.9749755859375,1025.0,1035.824951171875
TCS.NS,2013-10-22,1044.0,1053.824951171875,1038.425048828125,1044.675048828125
TCS.NS,2013-10-23,1044.25,1051.5,1023.0750122070312,1030.574951171875
TCS.NS,2013-10-24,1021.0,1041.175048828125,1000.9249877929688,1004.3499755859375
TCS.NS,2013-10-25,997.5,1036.0,997.5,1033.875
TCS.NS,2013-10-28,1034.0,1044.9000244140625,1026.2750244140625,1031.9749755859375
TCS.NS,2013-10-29,1032.5,1042.9000244140625,1023.9500122070312,1034.9000244140625
TCS.NS,2013-10-30,1035.125,1050.0,1035.125,1045.9749755859375
TCS.NS,2013-10-31,1044.5,1064.5,1039.699951171875,1056.0250244140625
TCS.NS,2013-11-01,1055.0,1070.9749755859375,1045.550048828125,1048.800048828125
TCS.NS,2013-11-05,1050.0,1052.5,1015.8499755859375,1021.0
TCS.NS,2013-11-06,1031.5,1051.7750244140625,1029.5250244140625,1045.550048828125
TCS.NS,2013-11-07,1050.0,1074.074951171875,1040.1500244140625,1060.9749755859375
TCS.NS,2013-11-08,1065.0,1065.875,1035.5999755859375,1045.425048828125
TCS.NS,2013-11-11,1045.0,1070.0,1025.0,1047.324951171875
TCS.NS,2013-11-12,1048.425048828125,1060.8499755859375,1039.5,1043.574951171875
TCS.NS,2013-11-13,1049.4749755859375,1053.0999755859375,1021.8250122070312,1024.5
TCS.NS,2013-11-14,1036.0,1036.0,1010.9249877929688,1013.0999755859375
TCS.NS,2013-11-18,1023.0,1029.949951171875,1016.125,1022.0
TCS.NS,2013-11-19,1024.9749755859375,1027.5,1010.5999755859375,1014.9500122070312
TCS.NS,2013-11-20,1023.4249877929688,1024.949951171875,1008.5,1011.7999877929688
TCS.NS,2013-11-21,1011.5999755859375,1017.3499755859375,990.0,993.2999877929688
TCS.NS,2013-11-22,995.5,1005.5,992.5499877929688,1000.4249877929688
TCS.NS,2013-11-25,1004.0,1013.4249877929688,996.5499877929688,1006.625
TCS.NS,2013-11-26,1001.5499877929688,1008.2249755859375,993.5,996.8499755859375
TCS.NS,2013-11-27,1004.5,1006.8499755859375,987.5,993.2249755859375
TCS.NS,2013-11-28,996.5499877929688,998.2750244140625,985.0,992.2999877929688
TCS.NS,2013-11-29,996.0,1007.3499755859375,990.9000244140625,1002.1749877929688
TCS.NS,2013-12-02,997.5,1010.5,997.5,1006.9500122070312
TCS.NS,2013-12-03,1008.0250244140625,1021.0,1007.5250244140625,1010.4000244140625
TCS.NS,2013-12-04,1009.9500122070312,1015.7999877929688,996.8250122070312,1000.0250244140625
TCS.NS,2013-12-05,1008.0,1016.7750244140625,991.5250244140625,993.5750122070312
TCS.NS,2013-12-06,995.5,1005.0,995.5,1000.1500244140625
TCS.NS,2013-12-09,1014.5,1014.9749755859375,1000.0,1002.4249877929688
TCS.NS,2013-12-10,1000.0,1044.5,1000.0,1041.375
TCS.NS,2013-12-11,1039.5,1043.425048828125,1021.5,1029.0250244140625
TCS.NS,2013-12-12,1022.5,1032.0,1012.5499877929688,1014.4500122070312
TCS.NS,2013-12-13,1018.9749755859375,1022.5,997.5,1000.9000244140625
TCS.NS,2013-12-16,1006.8499755859375,1019.9000244140625,1002.5750122070312,1009.5750122070312
TCS.NS,2013-12-17,1015.7999877929688,1032.925048828125,1015.0,1022.6749877929688
TCS.NS,2013-12-18,1020.0,1035.5,1019.0,1027.9000244140625
TCS.NS,2013-12-19,1037.9749755859375,1055.0,1031.324951171875,1040.75
TCS.NS,2013-12-20,1044.050048828125,1065.0,1042.925048828125,1060.2750244140625
TCS.NS,2013-12-23,1064.9749755859375,1071.7249755859375,1048.9749755859375,1054.5250244140625
TCS.NS,2013-12-24,1059.9000244140625,1064.5,1052.125,1055.3499755859375
TCS.NS,2013-12-26,1057.5,1058.5,1045.7249755859375,1050.1500244140625
TCS.NS,2013-12-27,1053.5,1084.949951171875,1052.5,1080.324951171875
TCS.NS,2013-12-30,1085.0,1087.625,1073.3499755859375,1078.0250244140625
TCS.NS,2013-12-31,1080.050048828125,1092.4749755859375,1075.449951171875,1086.0250244140625
TCS.NS,2014-01-01,1090.050048828125,1092.25,1075.550048828125,1076.6500244140625
TCS.NS,2014-01-02,1083.0,1094.5,1078.074951171875,1083.5
TCS.NS,2014-01-03,1082.3499755859375,1114.550048828125,1073.625,1111.0999755859375
TCS.NS,2014-01-06,1114.5,1122.0,1098.5,1119.800048828125
TCS.NS,2014-01-07,1120.0,1128.2249755859375,1099.5,1103.074951171875
TCS.NS,2014-01-08,1106.0,1122.0,1105.0,1116.324951171875
TCS.NS,2014-01-09,1114.375,1127.75,1111.050048828125,1120.9749755859375
TCS.NS,2014-01-10,1130.0,1154.9000244140625,1117.5,1140.449951171875
TCS.NS,2014-01-13,1142.5,1192.0,1142.5,1184.375
TCS.NS,2014-01-14,1186.0,1192.4000244140625,1160.0,1163.375
TCS.NS,2014-01-15,1171.2249755859375,1189.0999755859375,1163.5,1176.800048828125
TCS.NS,2014-01-16,1190.0,1190.050048828125,1162.5,1175.1500244140625
TCS.NS,2014-01-17,1149.0,1149.0,1103.0250244140625,1106.5250244140625
TCS.NS,2014-01-20,1109.4749755859375,1175.0,1107.75,1169.0999755859375
TCS.NS,2014-01-21,1167.0,1169.625,1137.550048828125,1140.1500244140625
TCS.NS,2014-01-22,1143.550048828125,1148.425048828125,1132.050048828125,1137.0250244140625
TCS.NS,2014-01-23,1134.050048828125,1138.3499755859375,1118.6500244140625,1126.2249755859375
TCS.NS,2014-01-24,1122.0,1141.625,1117.5,1124.3499755859375
TCS.NS,2014-01-27,1113.0,1129.75,1110.050048828125,1114.800048828125
TCS.NS,2014-01-28,1116.0,1123.925048828125,1098.050048828125,1106.175048828125
TCS.NS,2014-01-29,1120.0,1120.0,1102.5,1104.9000244140625
TCS.NS,2014-01-30,1099.0250244140625,1113.5,1095.0,1108.800048828125
TCS.NS,2014-01-31,1112.550048828125,1134.9000244140625,1110.5,1120.5250244140625
TCS.NS,2014-02-03,1111.0,1122.125,1095.4000244140625,1097.2249755859375
TCS.NS,2014-02-04,1087.0,1087.5,1056.0250244140625,1075.675048828125
TCS.NS,2014-02-05,1081.9000244140625,1100.0,1070.0,1097.199951171875
TCS.NS,2014-02-06,1090.0,1094.949951171875,1072.5,1087.625
TCS.NS,2014-02-07,1095.0,1097.5,1065.5,1072.199951171875
TCS.NS,2014-02-10,1072.0,1072.0,1042.550048828125,1046.7750244140625
TCS.NS,2014-02-11,1050.0,1063.25,1048.0,1050.8499755859375
TCS.NS,2014-02-12,1059.0,1061.800048828125,1047.5,1052.7249755859375
TCS.NS,2014-02-13,1053.5,1069.199951171875,1048.25,1066.875
TCS.NS,2014-02-14,1068.949951171875,1092.375,1064.050048828125,1083.949951171875
TCS.NS,2014-02-17,1080.0,1093.0,1073.5999755859375,1082.699951171875
TCS.NS,2014-02-18,1082.5,1095.5,1077.925048828125,1083.0
TCS.NS,2014-02-19,1085.0,1107.5,1081.125,1098.9749755859375
TCS.NS,2014-02-20,1103.0,1111.0,1091.4000244140625,1094.675048828125
TCS.NS,2014-02-21,1099.0,1106.5,1095.375,1102.8499755859375
TCS.NS,2014-02-24,1102.0,1102.625,1085.050048828125,1088.949951171875
TCS.NS,2014-02-25,1094.5,1099.75,1090.0,1094.449951171875
TCS.NS,2014-02-26,1097.0,1097.5,1088.574951171875,1091.074951171875
TCS.NS,2014-02-28,1080.5,1140.0,1080.074951171875,1137.875
TCS.NS,2014-03-03,1135.9000244140625,1149.5,1114.0,1120.0250244140625
TCS.NS,2014-03-04,1116.5999755859375,1127.0,1112.0,1120.324951171875
TCS.NS,2014-03-05,1127.425048828125,1143.125,1121.2750244140625,1125.949951171875
TCS.NS,2014-03-06,1126.425048828125,1130.0,1116.074951171875,1120.375
TCS.NS,2014-03-07,1122.75,1125.0250244140625,1076.4000244140625,1114.25
TCS.NS,2014-03-10,1114.050048828125,1114.25,1067.5,1071.324951171875
TCS.NS,2014-03-11,1077.5,1088.824951171875,1061.0,1075.824951171875
TCS.NS,2014-03-12,1076.5,1094.875,1076.5,1089.7249755859375
TCS.NS,2014-03-13,1074.0250244140625,1101.0,1068.425048828125,1074.7750244140625
TCS.NS,2014-03-14,1070.5,1080.25,1062.1500244140625,1069.7750244140625
TCS.NS,2014-03-18,1067.75,1075.9000244140625,1052.125,1061.0
TCS.NS,2014-03-19,1037.5,1037.5,1006.5250244140625,1019.7000122070312
TCS.NS,2014-03-20,1019.0,1061.449951171875,1005.7000122070312,1054.0999755859375
TCS.NS,2014-03-21,1062.5,1072.5,1042.5,1063.5
TCS.NS,2014-03-24,1068.4749755859375,1078.9749755859375,1063.074951171875,1076.300048828125
TCS.NS,2014-03-25,1072.0,1086.0,1065.0,1073.324951171875
TCS.NS,2014-03-26,1074.0250244140625,1079.25,1043.7750244140625,1046.75
TCS.NS,2014-03-27,1050.4749755859375,1057.5,1032.5250244140625,1047.125
TCS.NS,2014-03-28,1048.5,1061.425048828125,1040.0250244140625,1051.050048828125
TCS.NS,2014-03-31,1052.0,1072.4749755859375,1041.0,1066.574951171875
TCS.NS,2014-04-01,1072.5,1092.5,1072.449951171875,1088.3499755859375
TCS.NS,2014-04-02,1095.0,1101.0,1080.5250244140625,1086.125
TCS.NS,2014-04-03,1086.425048828125,1091.0,1073.800048828125,1083.25
TCS.NS,2014-04-04,1086.0,1093.5,1065.0,1069.425048828125
TCS.NS,2014-04-07,1065.050048828125,1082.9749755859375,1060.3499755859375,1076.9000244140625
TCS.NS,2014-04-09,1076.0,1081.0,1052.5,1070.199951171875
TCS.NS,2014-04-10,1070.199951171875,1074.324951171875,1057.5999755859375,1063.074951171875
TCS.NS,2014-04-11,1059.0,1087.449951171875,1050.0,1082.050048828125
TCS.NS,2014-04-15,1090.5,1129.0,1087.0250244140625,1126.375
TCS.NS,2014-04-16,1132.0,1132.0,1092.0999755859375,1098.1500244140625
TCS.NS,2014-04-17,1110.0,1113.5,1071.3499755859375,1111.449951171875
TCS.NS,2014-04-21,1110.0,1121.449951171875,1105.6500244140625,1110.875
TCS.NS,2014-04-22,1116.9749755859375,1124.949951171875,1109.949951171875,1110.5250244140625
TCS.NS,2014-04-23,1115.699951171875,1121.949951171875,1100.550048828125,1106.875
TCS.NS,2014-04-24,1106.875,1106.875,1106.875,1106.875
TCS.NS,2014-04-25,1113.5,1117.5,1096.5999755859375,1102.625
TCS.NS,2014-04-28,1102.625,1111.3499755859375,1090.050048828125,1095.675048828125
TCS.NS,2014-04-29,1093.0,1103.175048828125,1088.449951171875,1097.125
TCS.NS,2014-04-30,1092.550048828125,1102.800048828125,1090.5,1094.5999755859375
TCS.NS,2014-05-02,1090.625,1109.949951171875,1090.625,1104.2249755859375
TCS.NS,2014-05-05,1105.4000244140625,1114.5,1102.074951171875,1106.8499755859375
TCS.NS,2014-05-06,1106.8499755859375,1110.800048828125,1095.0,1099.449951171875
TCS.NS,2014-05-07,1095.5250244140625,1101.5,1070.050048828125,1082.7750244140625
TCS.NS,2014-05-08,1082.550048828125,1090.9000244140625,1073.824951171875,1081.0250244140625
TCS.NS,2014-05-09,1076.0,1092.3499755859375,1076.0,1079.949951171875
TCS.NS,2014-05-12,1076.5,1083.3499755859375,1061.574951171875,1079.675048828125
TCS.NS,2014-05-13,1082.9000244140625,1119.5,1082.9000244140625,1105.4749755859375
TCS.NS,2014-05-14,1107.199951171875,1118.8499755859375,1100.550048828125,1108.050048828125
TCS.NS,2014-05-15,1108.050048828125,1112.5,1085.574951171875,1096.574951171875
TCS.NS,2014-05-16,1100.0250244140625,1126.699951171875,1050.125,1080.375
TCS.NS,2014-05-19,1075.0,1080.0,999.75,1018.3499755859375
TCS.NS,2014-05-20,1014.0,1080.0,1014.0,1034.0999755859375
TCS.NS,2014-05-21,1030.5999755859375,1044.5,1027.9000244140625,1041.425048828125
TCS.NS,2014-05-22,1048.375,1062.0,1037.550048828125,1055.9749755859375
TCS.NS,2014-05-23,1059.5,1074.5,1048.0,1063.949951171875
TCS.NS,2014-05-26,1074.5,1084.800048828125,1066.800048828125,1077.0
TCS.NS,2014-05-27,1080.074951171875,1092.300048828125,1059.0,1065.7249755859375
TCS.NS,2014-05-28,1070.0,1079.375,1061.2249755859375,1075.2750244140625
TCS.NS,2014-05-29,1072.5,1090.0,1067.5999755859375,1079.9749755859375
TCS.NS,2014-05-30,1079.4000244140625,1083.5,1065.074951171875,1070.675048828125
TCS.NS,2014-06-02,1072.0,1078.875,1058.0250244140625,1064.925048828125
TCS.NS,2014-06-03,1064.925048828125,1069.0,1052.5999755859375,1064.300048828125
TCS.NS,2014-06-04,1065.0,1067.449951171875,1038.5,1044.625
TCS.NS,2014-06-05,1041.550048828125,1058.199951171875,1034.0,1052.074951171875
TCS.NS,2014-06-06,1050.074951171875,1053.9000244140625,1028.0,1042.125
TCS.NS,2014-06-09,1043.5,1059.0,1040.0,1056.9000244140625
TCS.NS,2014-06-10,1057.5,1080.4749755859375,1057.5,1079.074951171875
TCS.NS,2014-06-11,1082.5,1107.0,1069.0999755859375,1103.4749755859375
TCS.NS,2014-06-12,1124.5,1127.0,1091.9000244140625,1118.675048828125
TCS.NS,2014-06-13,1119.0,1119.5,1092.5250244140625,1106.7750244140625
TCS.NS,2014-06-16,1105.0,1138.4749755859375,1105.0,1134.875
TCS.NS,2014-06-17,1142.449951171875,1148.5,1135.5,1139.925048828125
TCS.NS,2014-06-18,1146.5,1146.5,1110.6500244140625,1113.5250244140625
TCS.NS,2014-06-19,1115.0,1144.5,1105.050048828125,1138.0250244140625
TCS.NS,2014-06-20,1142.449951171875,1149.5,1131.0,1146.199951171875
TCS.NS,2014-06-23,1146.5,1149.949951171875,1127.0250244140625,1134.425048828125
TCS.NS,2014-06-24,1134.5,1159.75,1127.5,1154.5250244140625
TCS.NS,2014-06-25,1155.0,1160.0,1146.5,1155.2750244140625
TCS.NS,2014-06-26,1148.0,1172.074951171875,1145.574951171875,1153.824951171875
TCS.NS,2014-06-27,1158.5,1203.449951171875,1157.5,1199.7750244140625
TCS.NS,2014-06-30,1200.2750244140625,1217.5,1188.300048828125,1212.699951171875
TCS.NS,2014-07-01,1209.449951171875,1209.5,1191.1500244140625,1195.375
TCS.NS,2014-07-02,1200.0,1205.875,1191.75,1200.800048828125
TCS.NS,2014-07-03,1199.5,1222.5,1196.0,1208.949951171875
TCS.NS,2014-07-04,1206.199951171875,1212.75,1200.5,1205.25
TCS.NS,2014-07-07,1210.0250244140625,1249.0,1205.199951171875,1244.2750244140625
TCS.NS,2014-07-08,1242.4749755859375,1243.074951171875,1216.625,1224.7249755859375
TCS.NS,2014-07-09,1235.0,1236.324951171875,1190.800048828125,1199.074951171875
TCS.NS,2014-07-10,1199.7750244140625,1209.800048828125,1167.5,1175.9000244140625
TCS.NS,2014-07-11,1185.5,1205.0,1180.550048828125,1197.2249755859375
TCS.NS,2014-07-14,1209.4000244140625,1219.5,1192.625,1213.125
TCS.NS,2014-07-15,1213.0999755859375,1215.0,1196.875,1199.6500244140625
TCS.NS,2014-07-16,1204.824951171875,1212.0,1193.425048828125,1200.925048828125
TCS.NS,2014-07-17,1205.0,1214.9000244140625,1187.5,1190.9749755859375
TCS.NS,2014-07-18,1226.0,1242.5,1217.5,1220.5999755859375
TCS.NS,2014-07-21,1234.0,1234.925048828125,1221.5250244140625,1231.875
TCS.NS,2014-07-22,1232.5,1270.0,1230.949951171875,1266.199951171875
TCS.NS,2014-07-23,1270.0,1298.1500244140625,1266.1500244140625,1293.074951171875
TCS.NS,2014-07-24,1297.449951171875,1301.0,1283.5,1297.5999755859375
TCS.NS,2014-07-25,1297.0,1307.175048828125,1283.5,1302.875
TCS.NS,2014-07-28,1288.574951171875,1299.824951171875,1277.5,1294.6500244140625
TCS.NS,2014-07-30,1292.4000244140625,1305.0,1286.300048828125,1297.5250244140625
TCS.NS,2014-07-31,1287.550048828125,1299.0,1284.625,1290.0250244140625
TCS.NS,2014-08-01,1287.5,1293.9749755859375,1255.0,1258.199951171875
TCS.NS,2014-08-04,1266.0,1270.949951171875,1244.0,1263.0250244140625
TCS.NS,2014-08-05,1272.449951171875,1272.5,1245.050048828125,1261.8499755859375
TCS.NS,2014-08-06,1258.074951171875,1267.425048828125,1245.125,1253.324951171875
TCS.NS,2014-08-07,1245.0,1247.5,1229.5250244140625,1234.9000244140625
TCS.NS,2014-08-08,1232.5,1253.8499755859375,1232.5,1239.3499755859375
TCS.NS,2014-08-11,1245.449951171875,1247.7750244140625,1227.5,1234.199951171875
TCS.NS,2014-08-12,1244.949951171875,1244.949951171875,1220.0999755859375,1235.875
TCS.NS,2014-08-13,1235.0,1265.0,1235.0,1250.0250244140625
TCS.NS,2014-08-14,1257.0,1266.0,1245.0250244140625,1249.875
TCS.NS,2014-08-18,1245.5250244140625,1252.5,1235.0,1243.800048828125
TCS.NS,2014-08-19,1250.0,1252.449951171875,1217.5,1219.25
TCS.NS,2014-08-20,1222.25,1227.5250244140625,1215.0250244140625,1218.0999755859375
TCS.NS,2014-08-21,1223.5,1230.0,1215.0,1216.2249755859375
TCS.NS,2014-08-22,1222.0,1234.0999755859375,1217.9000244140625,1232.0999755859375
TCS.NS,2014-08-25,1235.0,1264.25,1233.449951171875,1261.0250244140625
TCS.NS,2014-08-26,1264.5,1275.0,1250.0,1266.9000244140625
TCS.NS,2014-08-27,1267.0,1283.699951171875,1257.0250244140625,1274.9749755859375
TCS.NS,2014-08-28,1273.5,1274.6500244140625,1256.5,1261.175048828125
TCS.NS,2014-09-01,1262.699951171875,1280.0,1261.5250244140625,1268.574951171875
TCS.NS,2014-09-02,1272.9000244140625,1277.4000244140625,1257.050048828125,1268.949951171875
TCS.NS,2014-09-03,1269.5,1308.0,1269.5,1303.199951171875
TCS.NS,2014-09-04,1311.0,1313.7249755859375,1288.7249755859375,1292.375
TCS.NS,2014-09-05,1299.949951171875,1310.9000244140625,1291.5250244140625,1299.300048828125
TCS.NS,2014-09-08,1306.0,1325.0,1299.5250244140625,1321.3499755859375
TCS.NS,2014-09-09,1326.0,1333.5,1312.550048828125,1315.625
TCS.NS,2014-09-10,1319.0,1321.375,1295.5999755859375,1300.074951171875
TCS.NS,2014-09-11,1305.0,1312.199951171875,1295.75,1299.175048828125
TCS.NS,2014-09-12,1305.0,1312.175048828125,1296.5999755859375,1303.800048828125
TCS.NS,2014-09-15,1307.0,1309.300048828125,1277.0,1279.1500244140625
TCS.NS,2014-09-16,1283.0,1287.5,1272.0,1275.425048828125
TCS.NS,2014-09-17,1280.5,1302.375,1280.5,1295.5999755859375
TCS.NS,2014-09-18,1295.8499755859375,1325.9000244140625,1290.5,1321.1500244140625
TCS.NS,2014-09-19,1321.5,1370.0,1321.0,1357.0999755859375
TCS.NS,2014-09-22,1357.0,1367.0,1338.125,1360.9000244140625
TCS.NS,2014-09-23,1362.0,1391.2249755859375,1341.6500244140625,1344.0999755859375
TCS.NS,2014-09-24,1346.5,1353.4749755859375,1316.375,1321.5
TCS.NS,2014-09-25,1330.4749755859375,1362.5,1330.0,1354.300048828125
TCS.NS,2014-09-26,1355.0,1362.449951171875,1335.050048828125,1342.0
TCS.NS,2014-09-29,1347.699951171875,1387.7249755859375,1337.6500244140625,1383.9749755859375
TCS.NS,2014-09-30,1386.4749755859375,1388.324951171875,1354.074951171875,1368.300048828125
TCS.NS,2014-10-01,1376.0,1401.0,1368.5,1387.800048828125
TCS.NS,2014-10-07,1369.800048828125,1419.8499755859375,1362.800048828125,1365.675048828125
TCS.NS,2014-10-08,1369.0,1369.9749755859375,1324.625,1341.5999755859375
TCS.NS,2014-10-09,1354.0,1361.6500244140625,1343.25,1353.0250244140625
TCS.NS,2014-10-10,1353.0,1363.7249755859375,1334.25,1339.25
TCS.NS,2014-10-13,1340.0,1362.4000244140625,1335.0,1358.2750244140625
TCS.NS,2014-10-14,1365.0,1367.8499755859375,1339.4000244140625,1349.5999755859375
TCS.NS,2014-10-15,1349.5999755859375,1349.5999755859375,1349.5999755859375,1349.5999755859375
TCS.NS,2014-10-16,1365.0,1379.300048828125,1332.125,1339.050048828125
TCS.NS,2014-10-17,1237.5,1255.675048828125,1215.0,1220.574951171875
TCS.NS,2014-10-20,1245.0,1246.800048828125,1208.9749755859375,1211.6500244140625
TCS.NS,2014-10-21,1212.925048828125,1221.875,1207.5,1216.699951171875
TCS.NS,2014-10-22,1242.5,1244.5,1222.550048828125,1225.925048828125
TCS.NS,2014-10-27,1259.5,1259.8499755859375,1222.4749755859375,1228.574951171875
TCS.NS,2014-10-28,1242.449951171875,1242.449951171875,1226.7249755859375,1239.300048828125
TCS.NS,2014-10-29,1237.5,1257.0,1236.5,1253.0250244140625
TCS.NS,2014-10-30,1260.9000244140625,1287.449951171875,1254.5,1279.0999755859375
TCS.NS,2014-10-31,1280.5,1310.0,1280.5,1303.925048828125
TCS.NS,2014-11-03,1324.5,1324.5,1290.25,1295.175048828125
TCS.NS,2014-11-05,1319.0,1319.0,1295.0,1299.75
TCS.NS,2014-11-07,1302.4000244140625,1307.8499755859375,1278.5,1286.425048828125
TCS.NS,2014-11-10,1287.550048828125,1291.0,1275.5,1284.824951171875
TCS.NS,2014-11-11,1289.0,1297.0,1277.699951171875,1290.3499755859375
TCS.NS,2014-11-12,1290.0,1305.5,1287.5,1295.875
TCS.NS,2014-11-13,1297.5,1302.449951171875,1282.574951171875,1294.2249755859375
TCS.NS,2014-11-14,1292.5999755859375,1305.574951171875,1287.5,1303.2249755859375
TCS.NS,2014-11-17,1297.550048828125,1312.5,1296.125,1309.1500244140625
TCS.NS,2014-11-18,1310.0,1313.324951171875,1289.875,1292.925048828125
TCS.NS,2014-11-19,1299.0,1299.0,1278.7249755859375,1286.875
TCS.NS,2014-11-20,1294.0,1305.125,1280.2750244140625,1302.7249755859375
TCS.NS,2014-11-21,1304.0,1320.0,1293.324951171875,1311.074951171875
TCS.NS,2014-11-24,1311.0,1332.5,1311.0,1328.8499755859375
TCS.NS,2014-11-25,1330.0,1339.699951171875,1308.0,1318.0
TCS.NS,2014-11-26,1315.0250244140625,1328.175048828125,1307.5,1313.6500244140625
TCS.NS,2014-11-27,1313.6500244140625,1334.0,1312.6500244140625,1326.6500244140625
TCS.NS,2014-11-28,1329.175048828125,1345.949951171875,1317.675048828125,1321.5
TCS.NS,2014-12-01,1325.25,1350.0,1322.625,1346.4749755859375
TCS.NS,2014-12-02,1346.5,1355.4749755859375,1324.675048828125,1328.6500244140625
TCS.NS,2014-12-03,1335.949951171875,1336.699951171875,1309.25,1317.675048828125
TCS.NS,2014-12-04,1332.0,1333.5,1314.949951171875,1318.9749755859375
TCS.NS,2014-12-05,1320.449951171875,1324.9000244140625,1286.074951171875,1289.4749755859375
TCS.NS,2014-12-08,1297.5,1297.5,1250.824951171875,1256.4000244140625
TCS.NS,2014-12-09,1258.0,1279.5,1254.550048828125,1257.425048828125
TCS.NS,2014-12-10,1257.5,1265.949951171875,1248.0999755859375,1253.949951171875
TCS.NS,2014-12-11,1250.300048828125,1261.449951171875,1243.5,1246.074951171875
TCS.NS,2014-12-12,1250.0,1260.0,1211.324951171875,1225.3499755859375
TCS.NS,2014-12-15,1192.449951171875,1192.5,1176.125,1179.324951171875
TCS.NS,2014-12-16,1175.0,1229.625,1172.5,1221.5250244140625
TCS.NS,2014-12-17,1226.699951171875,1235.0,1202.625,1222.050048828125
TCS.NS,2014-12-18,1227.550048828125,1234.25,1217.4000244140625,1230.3499755859375
TCS.NS,2014-12-19,1235.6500244140625,1261.875,1234.0,1255.2750244140625
TCS.NS,2014-12-22,1263.0,1264.5,1237.199951171875,1256.699951171875
TCS.NS,2014-12-23,1250.0,1268.324951171875,1247.300048828125,1258.3499755859375
TCS.NS,2014-12-24,1257.5,1260.425048828125,1232.824951171875,1239.949951171875
TCS.NS,2014-12-26,1243.0,1255.0,1232.5,1252.5
TCS.NS,2014-12-29,1254.0,1268.4749755859375,1253.5,1261.449951171875
TCS.NS,2014-12-30,1262.5,1271.2249755859375,1258.0,1265.0250244140625
TCS.NS,2014-12-31,1266.3499755859375,1283.199951171875,1262.5,1279.125
TCS.NS,2015-01-01,1283.5,1283.5,1270.5,1272.7750244140625
TCS.NS,2015-01-02,1275.5,1295.4749755859375,1275.300048828125,1289.7249755859375
TCS.NS,2015-01-05,1290.5,1299.949951171875,1262.324951171875,1270.125
TCS.NS,2015-01-06,1264.550048828125,1264.550048828125,1220.0,1223.300048828125
TCS.NS,2015-01-07,1235.0,1239.574951171875,1203.7249755859375,1208.8499755859375
TCS.NS,2015-01-08,1221.199951171875,1224.5,1210.2750244140625,1221.9000244140625
TCS.NS,2015-01-09,1227.5,1259.949951171875,1225.0,1256.1500244140625
TCS.NS,2015-01-12,1258.5,1264.0,1240.125,1254.8499755859375
TCS.NS,2015-01-13,1260.0,1265.199951171875,1240.050048828125,1248.949951171875
TCS.NS,2015-01-14,1258.0,1265.9000244140625,1250.25,1260.9749755859375
TCS.NS,2015-01-15,1266.5,1290.875,1261.625,1269.550048828125
TCS.NS,2015-01-16,1271.8499755859375,1272.5,1242.1500244140625,1266.074951171875
TCS.NS,2015-01-19,1268.0,1275.5,1251.5,1255.5
TCS.NS,2015-01-20,1260.0,1265.0,1241.625,1250.2249755859375
TCS.NS,2015-01-21,1261.0,1261.0,1244.125,1256.9000244140625
TCS.NS,2015-01-22,1258.25,1260.625,1247.75,1256.7750244140625
TCS.NS,2015-01-23,1257.0,1266.0250244140625,1248.050048828125,1251.800048828125
TCS.NS,2015-01-27,1256.175048828125,1257.5,1244.7750244140625,1251.0250244140625
TCS.NS,2015-01-28,1251.5,1272.449951171875,1251.449951171875,1269.800048828125
TCS.NS,2015-01-29,1269.0,1284.3499755859375,1256.449951171875,1272.324951171875
TCS.NS,2015-01-30,1280.3499755859375,1287.5,1235.0,1241.0250244140625
TCS.NS,2015-02-02,1241.0,1260.7249755859375,1231.0250244140625,1257.0999755859375
TCS.NS,2015-02-03,1255.824951171875,1282.5,1253.550048828125,1279.125
TCS.NS,2015-02-04,1284.0,1285.8499755859375,1251.050048828125,1257.1500244140625
TCS.NS,2015-02-05,1260.0,1295.8499755859375,1259.5,1276.199951171875
TCS.NS,2015-02-06,1276.5,1297.4000244140625,1275.425048828125,1287.875
TCS.NS,2015-02-09,1280.75,1284.550048828125,1250.0,1256.449951171875
TCS.NS,2015-02-10,1255.0,1263.125,1216.5,1220.574951171875
TCS.NS,2015-02-11,1227.5250244140625,1243.625,1223.625,1229.949951171875
TCS.NS,2015-02-12,1239.9000244140625,1239.9000244140625,1223.5,1231.074951171875
TCS.NS,2015-02-13,1235.0,1273.875,1230.125,1269.375
TCS.NS,2015-02-16,1280.0,1297.5,1277.5,1292.4000244140625
TCS.NS,2015-02-18,1292.5250244140625,1321.5,1282.625,1317.824951171875
TCS.NS,2015-02-19,1318.0,1343.6500244140625,1317.5,1340.5250244140625
TCS.NS,2015-02-20,1349.4000244140625,1349.4000244140625,1321.125,1337.7750244140625
TCS.NS,2015-02-23,1335.5,1361.0,1335.5,1348.324951171875
TCS.NS,2015-02-24,1347.0,1365.0,1339.5,1352.375
TCS.NS,2015-02-25,1355.0,1361.0,1333.925048828125,1336.0999755859375
TCS.NS,2015-02-26,1339.5,1346.375,1312.675048828125,1328.2249755859375
TCS.NS,2015-02-27,1329.7249755859375,1337.875,1308.1500244140625,1331.175048828125
TCS.NS,2015-03-02,1339.8499755859375,1354.4749755859375,1326.2750244140625,1334.699951171875
TCS.NS,2015-03-03,1341.0,1395.0,1338.074951171875,1388.0
TCS.NS,2015-03-04,1394.0,1406.050048828125,1357.824951171875,1373.0
TCS.NS,2015-03-05,1375.0,1385.3499755859375,1340.5250244140625,1348.2249755859375
TCS.NS,2015-03-09,1320.0,1339.9000244140625,1305.0,1323.4000244140625
TCS.NS,2015-03-10,1324.449951171875,1339.125,1297.625,1321.3499755859375
TCS.NS,2015-03-11,1321.0,1329.9749755859375,1298.9000244140625,1303.2750244140625
TCS.NS,2015-03-12,1311.949951171875,1312.449951171875,1295.050048828125,1309.5250244140625
TCS.NS,2015-03-13,1319.0,1319.9749755859375,1287.5,1291.175048828125
TCS.NS,2015-03-16,1292.5999755859375,1305.0,1276.0,1281.1500244140625
TCS.NS,2015-03-17,1291.25,1303.3499755859375,1278.875,1291.8499755859375
TCS.NS,2015-03-18,1295.4749755859375,1299.7249755859375,1275.8499755859375,1279.675048828125
TCS.NS,2015-03-19,1288.0,1302.925048828125,1284.050048828125,1298.125
TCS.NS,2015-03-20,1298.0,1309.0,1289.425048828125,1305.4749755859375
TCS.NS,2015-03-23,1308.0,1315.5,1303.0,1308.574951171875
TCS.NS,2015-03-24,1315.0,1318.5,1291.050048828125,1295.6500244140625
TCS.NS,2015-03-25,1295.699951171875,1307.0,1272.5999755859375,1286.875
TCS.NS,2015-03-26,1276.6500244140625,1293.3499755859375,1250.5,1256.550048828125
TCS.NS,2015-03-27,1265.5,1285.949951171875,1252.050048828125,1257.4000244140625
TCS.NS,2015-03-30,1262.5,1284.949951171875,1260.0,1282.074951171875
TCS.NS,2015-03-31,1284.7249755859375,1284.7249755859375,1260.5,1276.9749755859375
TCS.NS,2015-04-01,1279.0,1281.800048828125,1261.125,1271.324951171875
TCS.NS,2015-04-06,1279.0,1281.449951171875,1250.050048828125,1273.6500244140625
TCS.NS,2015-04-07,1281.2249755859375,1299.5,1272.0,1292.5
TCS.NS,2015-04-08,1297.0,1328.25,1295.425048828125,1320.699951171875
TCS.NS,2015-04-09,1329.5,1343.7249755859375,1317.574951171875,1332.2750244140625
TCS.NS,2015-04-10,1324.25,1335.4000244140625,1314.0,1326.875
TCS.NS,2015-04-13,1332.0,1332.5,1314.0,1327.75
TCS.NS,2015-04-15,1327.3499755859375,1356.949951171875,1304.699951171875,1313.875
TCS.NS,2015-04-16,1313.4749755859375,1313.5,1285.675048828125,1291.4000244140625
TCS.NS,2015-04-17,1278.550048828125,1280.0,1235.0,1237.425048828125
TCS.NS,2015-04-20,1240.0250244140625,1241.949951171875,1212.425048828125,1214.4000244140625
TCS.NS,2015-04-21,1214.4000244140625,1226.0,1200.5,1213.5250244140625
TCS.NS,2015-04-22,1215.75,1236.5,1203.7750244140625,1222.550048828125
TCS.NS,2015-04-23,1236.0,1239.9000244140625,1215.8499755859375,1228.625
TCS.NS,2015-04-24,1227.6500244140625,1257.0,1223.7750244140625,1246.5250244140625
TCS.NS,2015-04-27,1249.75,1260.0,1243.0,1250.0999755859375
TCS.NS,2015-04-28,1255.0,1255.0,1227.550048828125,1247.5
TCS.NS,2015-04-29,1242.0,1247.5,1225.5250244140625,1243.6500244140625
TCS.NS,2015-04-30,1240.0,1245.0,1213.550048828125,1231.8499755859375
TCS.NS,2015-05-04,1245.5,1252.4000244140625,1228.5999755859375,1240.7750244140625
TCS.NS,2015-05-05,1250.5,1268.2249755859375,1250.0,1258.925048828125
TCS.NS,2015-05-06,1257.5,1257.5,1227.9000244140625,1231.5250244140625
TCS.NS,2015-05-07,1232.449951171875,1276.875,1226.8499755859375,1272.625
TCS.NS,2015-05-08,1280.0,1294.0,1258.1500244140625,1263.625
TCS.NS,2015-05-11,1267.5,1281.5250244140625,1262.5,1278.0
TCS.NS,2015-05-12,1280.0,1282.5,1256.5,1261.449951171875
TCS.NS,2015-05-13,1273.5,1273.5,1240.2249755859375,1257.699951171875
TCS.NS,2015-05-14,1260.0,1260.0,1242.5,1249.625
TCS.NS,2015-05-15,1257.5,1266.199951171875,1250.5,1255.574951171875
TCS.NS,2015-05-18,1257.050048828125,1262.625,1248.550048828125,1260.199951171875
TCS.NS,2015-05-19,1259.699951171875,1265.0,1248.375,1256.3499755859375
TCS.NS,2015-05-20,1260.0,1284.949951171875,1258.449951171875,1278.5250244140625
TCS.NS,2015-05-21,1278.5,1290.0,1274.074951171875,1277.75
TCS.NS,2015-05-22,1275.0,1314.375,1269.625,1308.949951171875
TCS.NS,2015-05-25,1310.0,1318.449951171875,1292.8499755859375,1300.5
TCS.NS,2015-05-26,1302.5,1311.625,1294.449951171875,1304.425048828125
TCS.NS,2015-05-27,1304.0,1316.574951171875,1296.0,1307.625
TCS.NS,2015-05-28,1301.949951171875,1311.5,1291.125,1304.75
TCS.NS,2015-05-29,1308.5,1324.300048828125,1298.625,1305.1500244140625
TCS.NS,2015-06-01,1304.7249755859375,1323.550048828125,1304.175048828125,1308.875
TCS.NS,2015-06-02,1308.0,1315.0,1295.25,1299.949951171875
TCS.NS,2015-06-03,1302.0,1312.800048828125,1295.25,1305.449951171875
TCS.NS,2015-06-04,1308.550048828125,1311.4000244140625,1294.25,1302.824951171875
TCS.NS,2015-06-05,1296.0,1304.5,1285.0,1287.925048828125
TCS.NS,2015-06-08,1295.0,1295.0,1280.824951171875,1288.7249755859375
TCS.NS,2015-06-09,1292.5,1295.0,1275.5,1280.824951171875
TCS.NS,2015-06-10,1283.0,1305.0,1281.9000244140625,1300.375
TCS.NS,2015-06-11,1302.75,1306.5,1278.375,1285.6500244140625
TCS.NS,2015-06-12,1285.949951171875,1294.4749755859375,1238.4000244140625,1252.9000244140625
TCS.NS,2015-06-15,1252.6500244140625,1260.2249755859375,1240.5,1252.4000244140625
TCS.NS,2015-06-16,1250.0,1259.6500244140625,1247.2249755859375,1256.0
TCS.NS,2015-06-17,1260.5,1264.574951171875,1250.9000244140625,1256.9000244140625
TCS.NS,2015-06-18,1257.5,1273.1500244140625,1254.0,1265.0250244140625
TCS.NS,2015-06-19,1267.5,1277.5,1263.550048828125,1274.7750244140625
TCS.NS,2015-06-22,1273.5,1300.0,1273.5,1295.75
TCS.NS,2015-06-23,1300.0,1304.0,1283.5999755859375,1287.300048828125
TCS.NS,2015-06-24,1290.0,1293.949951171875,1279.425048828125,1285.1500244140625
TCS.NS,2015-06-25,1281.0,1286.5,1272.074951171875,1275.0
TCS.NS,2015-06-26,1275.0999755859375,1298.175048828125,1275.0999755859375,1296.4000244140625
TCS.NS,2015-06-29,1286.0,1302.0,1271.699951171875,1296.449951171875
TCS.NS,2015-06-30,1292.5,1294.375,1270.0,1275.4749755859375
TCS.NS,2015-07-01,1281.949951171875,1304.0,1278.375,1296.550048828125
TCS.NS,2015-07-02,1300.0,1301.4749755859375,1285.5250244140625,1288.875
TCS.NS,2015-07-03,1286.5250244140625,1305.0,1285.0,1301.949951171875
TCS.NS,2015-07-06,1290.1500244140625,1322.5,1290.1500244140625,1316.6500244140625
TCS.NS,2015-07-07,1316.375,1323.449951171875,1301.5,1308.125
TCS.NS,2015-07-08,1298.9749755859375,1310.8499755859375,1290.25,1297.550048828125
TCS.NS,2015-07-09,1297.5,1299.125,1253.324951171875,1261.25
TCS.NS,2015-07-10,1279.5,1279.5,1227.5,1237.175048828125
TCS.NS,2015-07-13,1237.699951171875,1259.300048828125,1237.699951171875,1254.7750244140625
TCS.NS,2015-07-14,1255.5,1257.5,1245.0,1249.75
TCS.NS,2015-07-15,1250.5,1274.9749755859375,1250.0,1272.875
TCS.NS,2015-07-16,1271.8499755859375,1279.425048828125,1263.300048828125,1270.0999755859375
TCS.NS,2015-07-17,1273.4000244140625,1285.050048828125,1271.6500244140625,1282.199951171875
TCS.NS,2015-07-20,1282.0,1291.949951171875,1275.949951171875,1289.574951171875
TCS.NS,2015-07-21,1288.0,1300.175048828125,1277.550048828125,1280.699951171875
TCS.NS,2015-07-22,1280.5,1284.5,1260.5250244140625,1264.0250244140625
TCS.NS,2015-07-23,1258.75,1268.925048828125,1241.5,1244.300048828125
TCS.NS,2015-07-24,1248.75,1258.25,1246.050048828125,1252.574951171875
TCS.NS,2015-07-27,1244.0,1252.5,1240.574951171875,1248.5250244140625
TCS.NS,2015-07-28,1249.75,1259.5,1246.074951171875,1251.0250244140625
TCS.NS,2015-07-29,1255.5,1257.5250244140625,1241.75,1253.375
TCS.NS,2015-07-30,1258.0250244140625,1258.4000244140625,1236.4000244140625,1240.324951171875
TCS.NS,2015-07-31,1244.949951171875,1259.5,1243.5,1255.375
TCS.NS,2015-08-03,1251.699951171875,1262.5,1250.449951171875,1254.800048828125
TCS.NS,2015-08-04,1255.199951171875,1261.5,1243.0,1254.449951171875
TCS.NS,2015-08-05,1260.0,1275.0,1255.5,1273.574951171875
TCS.NS,2015-08-06,1282.5,1291.5,1275.050048828125,1286.6500244140625
TCS.NS,2015-08-07,1286.5,1286.5,1273.5,1276.0250244140625
TCS.NS,2015-08-10,1286.0,1294.5,1278.300048828125,1286.050048828125
TCS.NS,2015-08-11,1289.0,1305.0,1271.050048828125,1302.0999755859375
TCS.NS,2015-08-12,1301.550048828125,1345.699951171875,1301.0,1335.8499755859375
TCS.NS,2015-08-13,1335.0,1342.0,1278.0,1317.800048828125
TCS.NS,2015-08-14,1319.0,1359.675048828125,1318.550048828125,1351.5999755859375
TCS.NS,2015-08-17,1345.050048828125,1348.4000244140625,1327.5,1342.375
TCS.NS,2015-08-18,1353.449951171875,1374.949951171875,1345.0,1370.449951171875
TCS.NS,2015-08-19,1375.0,1376.425048828125,1360.949951171875,1366.800048828125
TCS.NS,2015-08-20,1372.5,1372.5,1336.0,1343.425048828125
TCS.NS,2015-08-21,1356.0,1364.949951171875,1327.550048828125,1338.074951171875
TCS.NS,2015-08-24,1319.5,1322.5,1284.550048828125,1289.324951171875
TCS.NS,2015-08-25,1293.949951171875,1311.0,1267.75,1283.574951171875
TCS.NS,2015-08-26,1279.0250244140625,1319.5,1255.9749755859375,1288.375
TCS.NS,2015-08-27,1307.449951171875,1307.449951171875,1272.9000244140625,1287.324951171875
TCS.NS,2015-08-28,1304.5,1304.5,1278.8499755859375,1285.425048828125
TCS.NS,2015-08-31,1295.0,1295.0,1265.5250244140625,1282.0250244140625
TCS.NS,2015-09-01,1278.0,1305.5999755859375,1265.0,1268.699951171875
TCS.NS,2015-09-02,1279.8499755859375,1310.2249755859375,1274.0,1295.9000244140625
TCS.NS,2015-09-03,1298.050048828125,1307.5,1288.125,1302.800048828125
TCS.NS,2015-09-04,1305.699951171875,1307.449951171875,1269.574951171875,1273.7249755859375
TCS.NS,2015-09-07,1276.5,1279.9749755859375,1266.3499755859375,1269.875
TCS.NS,2015-09-08,1272.5,1282.050048828125,1261.75,1270.1500244140625
TCS.NS,2015-09-09,1281.4749755859375,1287.0,1272.0,1274.875
TCS.NS,2015-09-10,1271.0,1289.25,1263.5,1272.699951171875
TCS.NS,2015-09-11,1273.25,1284.199951171875,1270.300048828125,1276.0
TCS.NS,2015-09-14,1282.5,1282.5,1271.5,1275.824951171875
TCS.NS,2015-09-15,1275.824951171875,1279.449951171875,1268.0,1268.625
TCS.NS,2015-09-16,1277.5,1282.5,1270.5250244140625,1275.175048828125
TCS.NS,2015-09-18,1282.5,1293.0,1269.5,1275.625
TCS.NS,2015-09-21,1275.0,1278.550048828125,1266.5999755859375,1275.5250244140625
TCS.NS,2015-09-22,1278.75,1286.199951171875,1245.0,1263.4000244140625
TCS.NS,2015-09-23,1267.1500244140625,1278.875,1256.300048828125,1266.324951171875
TCS.NS,2015-09-24,1267.75,1295.0,1264.949951171875,1290.199951171875
TCS.NS,2015-09-28,1297.0,1309.5,1289.75,1296.8499755859375
TCS.NS,2015-09-29,1291.675048828125,1317.0,1284.925048828125,1294.125
TCS.NS,2015-09-30,1321.8499755859375,1321.8499755859375,1285.4749755859375,1294.0250244140625
TCS.NS,2015-10-01,1299.5,1324.9749755859375,1296.0999755859375,1322.300048828125
TCS.NS,2015-10-05,1326.3499755859375,1385.0,1326.3499755859375,1355.824951171875
TCS.NS,2015-10-06,1362.5,1363.0,1342.0,1350.0
TCS.NS,2015-10-07,1346.9749755859375,1358.5,1323.4749755859375,1326.9749755859375
TCS.NS,2015-10-08,1335.0,1339.175048828125,1310.0,1316.9000244140625
TCS.NS,2015-10-09,1325.25,1325.300048828125,1304.0,1314.824951171875
TCS.NS,2015-10-12,1327.5,1330.175048828125,1293.5,1296.300048828125
TCS.NS,2015-10-13,1301.4000244140625,1306.0,1283.800048828125,1299.2750244140625
TCS.NS,2015-10-14,1274.0,1274.0,1240.0,1241.8499755859375
TCS.NS,2015-10-15,1245.0,1251.75,1232.5,1233.875
TCS.NS,2015-10-16,1240.449951171875,1246.0,1235.0,1236.0
TCS.NS,2015-10-19,1245.0,1247.4749755859375,1227.925048828125,1244.375
TCS.NS,2015-10-20,1248.125,1265.0,1247.800048828125,1263.375
TCS.NS,2015-10-21,1267.5,1271.0,1261.125,1265.0
TCS.NS,2015-10-23,1274.0,1274.0,1263.6500244140625,1268.574951171875
TCS.NS,2015-10-26,1274.5,1274.5,1257.550048828125,1268.2750244140625
TCS.NS,2015-10-27,1265.0250244140625,1272.449951171875,1260.175048828125,1265.550048828125
TCS.NS,2015-10-28,1255.0250244140625,1266.7750244140625,1255.0250244140625,1264.550048828125
TCS.NS,2015-10-29,1266.7750244140625,1267.699951171875,1245.0250244140625,1247.675048828125
TCS.NS,2015-10-30,1250.0,1255.949951171875,1242.5,1247.5999755859375
TCS.NS,2015-11-02,1250.0,1261.4000244140625,1243.7750244140625,1258.675048828125
TCS.NS,2015-11-03,1264.0,1273.9000244140625,1259.25,1271.7249755859375
TCS.NS,2015-11-04,1272.5,1273.5999755859375,1260.0,1266.9000244140625
TCS.NS,2015-11-05,1265.4000244140625,1267.4749755859375,1240.0,1241.324951171875
TCS.NS,2015-11-06,1246.0,1259.125,1241.7249755859375,1252.875
TCS.NS,2015-11-09,1247.5,1251.375,1234.300048828125,1235.675048828125
TCS.NS,2015-11-10,1236.4749755859375,1238.5,1225.0,1229.074951171875
TCS.NS,2015-11-13,1219.0250244140625,1219.0250244140625,1193.2750244140625,1198.699951171875
TCS.NS,2015-11-16,1195.0,1195.0,1178.0,1187.300048828125
TCS.NS,2015-11-17,1190.25,1199.2249755859375,1187.5,1195.2750244140625
TCS.NS,2015-11-18,1194.449951171875,1194.449951171875,1173.0,1175.7249755859375
TCS.NS,2015-11-19,1182.675048828125,1190.800048828125,1176.0,1181.2750244140625
TCS.NS,2015-11-20,1183.25,1211.7750244140625,1180.9749755859375,1199.175048828125
TCS.NS,2015-11-23,1202.6500244140625,1206.699951171875,1191.125,1195.5250244140625
TCS.NS,2015-11-24,1190.0250244140625,1196.2249755859375,1182.75,1183.9749755859375
TCS.NS,2015-11-26,1188.949951171875,1191.199951171875,1168.925048828125,1172.7750244140625
TCS.NS,2015-11-27,1174.0,1179.7249755859375,1166.25,1176.675048828125
TCS.NS,2015-11-30,1182.5,1195.625,1175.074951171875,1186.7750244140625
TCS.NS,2015-12-01,1181.449951171875,1189.0250244140625,1178.5250244140625,1180.949951171875
TCS.NS,2015-12-02,1189.0,1189.050048828125,1173.25,1182.5999755859375
TCS.NS,2015-12-03,1180.0,1186.5,1173.5,1175.375
TCS.NS,2015-12-04,1170.0,1173.6500244140625,1160.550048828125,1164.199951171875
TCS.NS,2015-12-07,1166.0999755859375,1171.949951171875,1157.625,1159.9000244140625
TCS.NS,2015-12-08,1159.699951171875,1174.5,1158.6500244140625,1164.5
TCS.NS,2015-12-09,1168.949951171875,1186.4000244140625,1160.0,1183.824951171875
TCS.NS,2015-12-10,1184.5,1195.5999755859375,1176.0,1192.2750244140625
TCS.NS,2015-12-11,1191.5,1195.9749755859375,1181.625,1193.0
TCS.NS,2015-12-14,1167.5999755859375,1193.5,1165.300048828125,1189.2249755859375
TCS.NS,2015-12-15,1189.2249755859375,1192.5,1181.5250244140625,1187.925048828125
TCS.NS,2015-12-16,1192.0,1207.25,1192.0,1204.199951171875
TCS.NS,2015-12-17,1207.5,1222.5,1196.675048828125,1219.875
TCS.NS,2015-12-18,1210.0,1217.0999755859375,1200.324951171875,1208.4000244140625
TCS.NS,2015-12-21,1209.9749755859375,1225.0,1203.425048828125,1223.199951171875
TCS.NS,2015-12-22,1220.0,1220.0,1200.0,1202.5250244140625
TCS.NS,2015-12-23,1207.5,1217.5,1205.2750244140625,1212.9000244140625
TCS.NS,2015-12-24,1210.5,1219.0999755859375,1202.0,1217.125
TCS.NS,2015-12-28,1214.0,1233.199951171875,1210.0999755859375,1231.3499755859375
TCS.NS,2015-12-29,1229.175048828125,1232.6500244140625,1222.875,1227.9000244140625
TCS.NS,2015-12-30,1226.5250244140625,1229.5,1206.1500244140625,1209.1500244140625
TCS.NS,2015-12-31,1207.875,1224.25,1203.75,1218.425048828125
TCS.NS,2016-01-01,1219.5,1219.5,1206.125,1208.199951171875
TCS.NS,2016-01-04,1205.074951171875,1207.0,1183.0250244140625,1184.800048828125
TCS.NS,2016-01-05,1192.5,1193.300048828125,1170.5,1174.4749755859375
TCS.NS,2016-01-06,1175.0999755859375,1193.074951171875,1175.0999755859375,1190.800048828125
TCS.NS,2016-01-07,1185.0,1191.449951171875,1180.0,1185.625
TCS.NS,2016-01-08,1192.5,1203.675048828125,1186.25,1198.800048828125
TCS.NS,2016-01-11,1191.25,1192.0,1174.425048828125,1181.175048828125
TCS.NS,2016-01-12,1181.3499755859375,1182.5,1150.800048828125,1163.5250244140625
TCS.NS,2016-01-13,1158.5,1163.5,1127.550048828125,1139.5999755859375
TCS.NS,2016-01-14,1136.5,1149.449951171875,1125.0,1139.4000244140625
TCS.NS,2016-01-15,1144.425048828125,1145.8499755859375,1127.5,1130.550048828125
TCS.NS,2016-01-18,1131.0,1145.949951171875,1130.0,1138.824951171875
TCS.NS,2016-01-19,1138.5,1150.0,1134.1500244140625,1139.6500244140625
TCS.NS,2016-01-20,1136.9000244140625,1142.5,1121.5,1140.050048828125
TCS.NS,2016-01-21,1142.5,1144.949951171875,1122.875,1127.25
TCS.NS,2016-01-22,1136.5,1151.0250244140625,1130.0,1147.875
TCS.NS,2016-01-25,1150.949951171875,1169.5,1145.75,1152.324951171875
TCS.NS,2016-01-27,1151.0,1164.9749755859375,1140.949951171875,1159.875
TCS.NS,2016-01-28,1157.75,1174.449951171875,1154.0250244140625,1165.5999755859375
TCS.NS,2016-01-29,1179.3499755859375,1200.0,1167.5250244140625,1195.6500244140625
TCS.NS,2016-02-01,1195.550048828125,1206.4749755859375,1179.5,1201.3499755859375
TCS.NS,2016-02-02,1204.5,1216.5,1189.8499755859375,1199.050048828125
TCS.NS,2016-02-03,1193.75,1214.949951171875,1180.1500244140625,1208.1500244140625
TCS.NS,2016-02-04,1210.949951171875,1220.0,1201.0,1210.0250244140625
TCS.NS,2016-02-05,1204.050048828125,1219.9749755859375,1204.050048828125,1210.9749755859375
TCS.NS,2016-02-08,1200.0,1206.0250244140625,1173.5,1181.4749755859375
TCS.NS,2016-02-09,1166.800048828125,1166.800048828125,1127.800048828125,1140.699951171875
TCS.NS,2016-02-10,1137.5,1144.949951171875,1129.050048828125,1134.4000244140625
TCS.NS,2016-02-11,1140.0,1144.5,1085.824951171875,1098.9749755859375
TCS.NS,2016-02-12,1100.0,1121.699951171875,1082.0,1113.300048828125
TCS.NS,2016-02-15,1125.0,1153.425048828125,1120.0,1134.574951171875
TCS.NS,2016-02-16,1133.0,1141.0,1121.5,1132.7750244140625
TCS.NS,2016-02-17,1132.5,1139.824951171875,1123.199951171875,1137.7750244140625
TCS.NS,2016-02-18,1142.5,1159.875,1139.0,1157.925048828125
TCS.NS,2016-02-19,1153.675048828125,1163.5,1152.7249755859375,1159.824951171875
TCS.NS,2016-02-22,1160.125,1171.5,1152.5,1157.949951171875
TCS.NS,2016-02-23,1155.125,1159.949951171875,1128.375,1132.0
TCS.NS,2016-02-24,1131.2249755859375,1131.2249755859375,1100.5999755859375,1105.4749755859375
TCS.NS,2016-02-25,1109.9000244140625,1114.0,1092.824951171875,1106.425048828125
TCS.NS,2016-02-26,1114.8499755859375,1128.449951171875,1099.800048828125,1105.25
TCS.NS,2016-02-29,1118.5,1118.5,1057.5,1088.4000244140625
TCS.NS,2016-03-01,1096.5,1142.550048828125,1081.0,1138.324951171875
TCS.NS,2016-03-02,1152.5,1165.0,1128.125,1159.425048828125
TCS.NS,2016-03-03,1168.0,1195.5,1150.5,1186.574951171875
TCS.NS,2016-03-04,1190.0,1190.0,1174.7750244140625,1178.7750244140625
TCS.NS,2016-03-08,1171.050048828125,1183.5,1152.0999755859375,1177.1500244140625
TCS.NS,2016-03-09,1170.5,1184.699951171875,1147.574951171875,1178.625
TCS.NS,2016-03-10,1178.0250244140625,1179.925048828125,1157.4749755859375,1174.1500244140625
TCS.NS,2016-03-11,1170.0,1195.425048828125,1167.5,1182.625
TCS.NS,2016-03-14,1181.0,1199.0,1170.0,1177.5
TCS.NS,2016-03-15,1174.5250244140625,1181.75,1160.050048828125,1164.949951171875
TCS.NS,2016-03-16,1157.5,1166.0,1153.449951171875,1163.5250244140625
TCS.NS,2016-03-17,1167.0,1180.9000244140625,1166.0,1176.0250244140625
TCS.NS,2016-03-18,1180.0,1215.0,1180.0,1212.925048828125
TCS.NS,2016-03-21,1213.0,1227.4749755859375,1210.0,1223.125
TCS.NS,2016-03-22,1221.0,1242.5,1218.25,1236.550048828125
TCS.NS,2016-03-23,1243.949951171875,1243.949951171875,1228.6500244140625,1236.9000244140625
TCS.NS,2016-03-28,1245.5,1258.574951171875,1230.7750244140625,1236.699951171875
TCS.NS,2016-03-29,1239.0,1243.4749755859375,1227.5,1234.699951171875
TCS.NS,2016-03-30,1235.449951171875,1252.5,1230.0,1244.75
TCS.NS,2016-03-31,1239.1500244140625,1275.0,1236.074951171875,1260.1500244140625
TCS.NS,2016-04-01,1252.5,1260.425048828125,1217.050048828125,1226.949951171875
TCS.NS,2016-04-04,1228.0,1244.0,1223.5,1235.625
TCS.NS,2016-04-05,1235.4000244140625,1242.449951171875,1221.0250244140625,1231.375
TCS.NS,2016-04-06,1235.0,1244.5,1229.675048828125,1240.949951171875
TCS.NS,2016-04-07,1240.0,1242.3499755859375,1228.5,1235.4000244140625
TCS.NS,2016-04-08,1233.0,1236.8499755859375,1213.5,1216.0250244140625
TCS.NS,2016-04-11,1216.5,1258.5,1206.5,1253.324951171875
TCS.NS,2016-04-12,1249.0,1262.5,1244.050048828125,1259.074951171875
TCS.NS,2016-04-13,1265.0,1272.5,1256.25,1263.0999755859375
TCS.NS,2016-04-18,1226.5,1276.75,1220.0,1259.875
TCS.NS,2016-04-20,1267.449951171875,1267.449951171875,1220.0,1225.175048828125
TCS.NS,2016-04-21,1225.5,1233.699951171875,1206.0999755859375,1212.199951171875
TCS.NS,2016-04-22,1209.5,1217.699951171875,1202.0999755859375,1208.5250244140625
TCS.NS,2016-04-25,1201.1500244140625,1228.5250244140625,1201.1500244140625,1225.625
TCS.NS,2016-04-26,1224.5,1246.75,1221.0,1244.9000244140625
TCS.NS,2016-04-27,1240.0,1257.300048828125,1237.949951171875,1255.550048828125
TCS.NS,2016-04-28,1250.6500244140625,1270.0,1249.050048828125,1263.875
TCS.NS,2016-04-29,1258.5,1271.0,1255.0,1267.75
TCS.NS,2016-05-02,1264.5,1265.0,1250.0,1263.3499755859375
TCS.NS,2016-05-03,1262.5,1265.0,1236.0,1239.050048828125
TCS.NS,2016-05-04,1236.949951171875,1247.0250244140625,1228.5,1239.0
TCS.NS,2016-05-05,1239.0,1244.9749755859375,1231.7750244140625,1235.1500244140625
TCS.NS,2016-05-06,1232.5,1242.1500244140625,1215.5,1236.699951171875
TCS.NS,2016-05-09,1236.699951171875,1259.0,1228.199951171875,1256.2750244140625
TCS.NS,2016-05-10,1257.5,1266.9749755859375,1248.0,1261.449951171875
TCS.NS,2016-05-11,1250.0,1262.800048828125,1245.0,1259.1500244140625
TCS.NS,2016-05-12,1260.2750244140625,1284.949951171875,1260.2750244140625,1283.0999755859375
TCS.NS,2016-05-13,1282.5,1283.0,1255.074951171875,1261.699951171875
TCS.NS,2016-05-16,1269.0,1282.4000244140625,1261.25,1275.574951171875
TCS.NS,2016-05-17,1282.0999755859375,1295.625,1276.0,1285.0999755859375
TCS.NS,2016-05-18,1282.925048828125,1282.925048828125,1263.0250244140625,1275.550048828125
TCS.NS,2016-05-19,1277.5,1280.0,1263.050048828125,1278.4749755859375
TCS.NS,2016-05-20,1271.1500244140625,1282.9000244140625,1261.4000244140625,1264.6500244140625
TCS.NS,2016-05-23,1272.0,1272.949951171875,1240.0999755859375,1245.7249755859375
TCS.NS,2016-05-24,1242.0,1244.125,1229.800048828125,1233.8499755859375
TCS.NS,2016-05-25,1240.5,1266.4749755859375,1240.5,1263.2249755859375
TCS.NS,2016-05-26,1265.0,1282.449951171875,1252.550048828125,1274.3499755859375
TCS.NS,2016-05-27,1276.574951171875,1289.925048828125,1275.300048828125,1286.324951171875
TCS.NS,2016-05-30,1291.5,1320.9749755859375,1291.0,1318.199951171875
TCS.NS,2016-05-31,1320.0,1323.5,1281.0,1284.699951171875
TCS.NS,2016-06-01,1285.5999755859375,1322.5,1285.5,1316.7750244140625
TCS.NS,2016-06-02,1300.0,1327.1500244140625,1300.0,1325.074951171875
TCS.NS,2016-06-03,1325.699951171875,1329.0,1310.25,1314.7750244140625
TCS.NS,2016-06-06,1310.25,1319.5,1301.5999755859375,1306.25
TCS.NS,2016-06-07,1307.0,1319.5,1306.5,1315.574951171875
TCS.NS,2016-06-08,1308.625,1314.2750244140625,1302.75,1306.550048828125
TCS.NS,2016-06-09,1311.199951171875,1311.199951171875,1277.5999755859375,1288.625
TCS.NS,2016-06-10,1283.0,1301.625,1276.5999755859375,1277.875
TCS.NS,2016-06-13,1270.0,1276.675048828125,1259.0,1273.5
TCS.NS,2016-06-14,1279.4749755859375,1279.4749755859375,1259.125,1267.425048828125
TCS.NS,2016-06-15,1265.0,1282.449951171875,1261.0,1278.425048828125
TCS.NS,2016-06-16,1272.7750244140625,1282.3499755859375,1258.2249755859375,1279.1500244140625
TCS.NS,2016-06-17,1279.5,1305.0,1279.5,1301.300048828125
TCS.NS,2016-06-20,1301.300048828125,1334.0,1295.9000244140625,1329.6500244140625
TCS.NS,2016-06-21,1331.75,1332.5,1320.699951171875,1325.5999755859375
TCS.NS,2016-06-22,1325.0,1338.8499755859375,1315.875,1333.824951171875
TCS.NS,2016-06-23,1327.5,1329.75,1312.6500244140625,1322.675048828125
TCS.NS,2016-06-24,1282.574951171875,1296.5999755859375,1257.074951171875,1286.9749755859375
TCS.NS,2016-06-27,1273.5,1273.5,1241.324951171875,1247.925048828125
TCS.NS,2016-06-28,1247.925048828125,1251.449951171875,1229.199951171875,1231.9749755859375
TCS.NS,2016-06-29,1237.5,1256.25,1232.6500244140625,1251.449951171875
TCS.NS,2016-06-30,1261.0,1281.449951171875,1250.175048828125,1276.550048828125
TCS.NS,2016-07-01,1281.0,1282.300048828125,1247.175048828125,1250.425048828125
TCS.NS,2016-07-04,1258.0,1262.925048828125,1241.0,1247.0999755859375
TCS.NS,2016-07-05,1247.0999755859375,1248.5250244140625,1238.574951171875,1242.6500244140625
TCS.NS,2016-07-07,1243.8499755859375,1245.925048828125,1212.5,1214.9000244140625
TCS.NS,2016-07-08,1217.5,1221.0250244140625,1201.75,1213.300048828125
TCS.NS,2016-07-11,1215.0,1235.9000244140625,1213.5,1232.074951171875
TCS.NS,2016-07-12,1235.8499755859375,1237.5,1217.925048828125,1232.4749755859375
TCS.NS,2016-07-13,1239.0,1249.625,1225.625,1246.550048828125
TCS.NS,2016-07-14,1243.0,1264.5,1235.5,1260.949951171875
TCS.NS,2016-07-15,1258.5,1263.9000244140625,1213.2750244140625,1222.675048828125
TCS.NS,2016-07-18,1223.5,1234.5,1215.300048828125,1216.7249755859375
TCS.NS,2016-07-19,1213.75,1236.4000244140625,1213.75,1233.0999755859375
TCS.NS,2016-07-20,1225.0,1251.25,1224.074951171875,1247.4749755859375
TCS.NS,2016-07-21,1244.75,1259.75,1232.2249755859375,1253.0250244140625
TCS.NS,2016-07-22,1249.449951171875,1262.0,1246.0,1257.550048828125
TCS.NS,2016-07-25,1256.0,1281.5999755859375,1252.9000244140625,1279.4749755859375
TCS.NS,2016-07-26,1279.4749755859375,1284.0,1266.5,1276.300048828125
TCS.NS,2016-07-27,1277.5,1290.199951171875,1272.5,1288.7750244140625
TCS.NS,2016-07-28,1290.25,1314.7750244140625,1288.5250244140625,1309.625
TCS.NS,2016-07-29,1307.0,1317.449951171875,1299.5,1309.6500244140625
TCS.NS,2016-08-01,1316.0,1362.5,1316.0,1354.125
TCS.NS,2016-08-02,1351.449951171875,1357.8499755859375,1344.9000244140625,1349.5999755859375
TCS.NS,2016-08-03,1343.0,1349.5,1324.5250244140625,1328.1500244140625
TCS.NS,2016-08-04,1335.0,1341.4749755859375,1318.125,1326.0
TCS.NS,2016-08-05,1336.949951171875,1342.1500244140625,1316.0,1324.550048828125
TCS.NS,2016-08-08,1320.0,1334.0,1314.5250244140625,1324.75
TCS.NS,2016-08-09,1329.0,1329.9000244140625,1289.425048828125,1325.0999755859375
TCS.NS,2016-08-10,1325.5,1341.0,1324.0,1337.699951171875
TCS.NS,2016-08-11,1332.7750244140625,1357.5,1332.7750244140625,1354.949951171875
TCS.NS,2016-08-12,1352.5,1372.4000244140625,1351.0250244140625,1369.2249755859375
TCS.NS,2016-08-16,1369.0,1370.0,1336.925048828125,1345.8499755859375
TCS.NS,2016-08-17,1349.5,1349.5,1309.0,1312.2750244140625
TCS.NS,2016-08-18,1317.5,1328.7750244140625,1315.050048828125,1319.2750244140625
TCS.NS,2016-08-19,1320.0,1323.2249755859375,1300.0,1301.75
TCS.NS,2016-08-22,1294.0,1297.2249755859375,1268.1500244140625,1274.3499755859375
TCS.NS,2016-08-23,1272.4749755859375,1302.4749755859375,1270.0999755859375,1300.5250244140625
TCS.NS,2016-08-24,1294.9000244140625,1301.0,1284.5250244140625,1286.0250244140625
TCS.NS,2016-08-25,1290.0,1294.8499755859375,1263.0,1275.5250244140625
TCS.NS,2016-08-26,1279.9000244140625,1286.2750244140625,1258.5999755859375,1262.4749755859375
TCS.NS,2016-08-29,1267.4749755859375,1267.4749755859375,1233.375,1250.2750244140625
TCS.NS,2016-08-30,1255.0,1274.9000244140625,1250.625,1272.074951171875
TCS.NS,2016-08-31,1275.0,1275.0,1250.425048828125,1255.6500244140625
TCS.NS,2016-09-01,1262.449951171875,1267.4749755859375,1243.5250244140625,1253.75
TCS.NS,2016-09-02,1256.0,1259.699951171875,1248.0250244140625,1257.4000244140625
TCS.NS,2016-09-06,1259.949951171875,1260.074951171875,1240.0,1242.0250244140625
TCS.NS,2016-09-07,1249.8499755859375,1249.8499755859375,1211.5,1220.2750244140625
TCS.NS,2016-09-08,1180.0,1180.0,1142.375,1161.050048828125
TCS.NS,2016-09-09,1164.8499755859375,1183.324951171875,1160.0250244140625,1176.2249755859375
TCS.NS,2016-09-12,1168.5,1181.9749755859375,1162.0,1179.5250244140625
TCS.NS,2016-09-14,1181.0,1188.800048828125,1155.0,1164.2249755859375
TCS.NS,2016-09-15,1169.9749755859375,1171.050048828125,1158.375,1163.4749755859375
TCS.NS,2016-09-16,1168.3499755859375,1188.0,1160.0,1180.8499755859375
TCS.NS,2016-09-19,1182.5,1213.5,1175.0,1205.7249755859375
TCS.NS,2016-09-20,1205.5,1208.449951171875,1192.699951171875,1203.25
TCS.NS,2016-09-21,1203.8499755859375,1212.0,1200.3499755859375,1206.699951171875
TCS.NS,2016-09-22,1212.625,1214.0,1185.550048828125,1189.0
TCS.NS,2016-09-23,1191.0,1201.925048828125,1185.574951171875,1199.050048828125
TCS.NS,2016-09-26,1200.550048828125,1209.550048828125,1197.5,1200.550048828125
TCS.NS,2016-09-27,1200.550048828125,1224.0,1200.550048828125,1218.050048828125
TCS.NS,2016-09-28,1215.5,1218.75,1207.5999755859375,1211.5250244140625
TCS.NS,2016-09-29,1217.5,1228.25,1209.800048828125,1218.9000244140625
TCS.NS,2016-09-30,1218.5250244140625,1224.9000244140625,1211.550048828125,1215.4000244140625
TCS.NS,2016-10-03,1225.0,1228.824951171875,1200.550048828125,1205.8499755859375
TCS.NS,2016-10-04,1210.0,1212.5250244140625,1199.0,1202.574951171875
TCS.NS,2016-10-05,1204.0,1207.699951171875,1188.050048828125,1193.175048828125
TCS.NS,2016-10-06,1197.5,1201.199951171875,1186.375,1194.375
TCS.NS,2016-10-07,1194.0,1194.0,1179.0999755859375,1183.9000244140625
TCS.NS,2016-10-10,1184.949951171875,1193.449951171875,1177.5250244140625,1190.1500244140625
TCS.NS,2016-10-13,1181.6500244140625,1184.949951171875,1160.449951171875,1164.449951171875
TCS.NS,2016-10-14,1157.5,1193.5,1145.5,1183.0999755859375
TCS.NS,2016-10-17,1184.449951171875,1187.9000244140625,1172.199951171875,1181.2249755859375
TCS.NS,2016-10-18,1188.0,1207.8499755859375,1177.4000244140625,1200.0999755859375
TCS.NS,2016-10-19,1200.5,1205.0,1185.1500244140625,1197.550048828125
TCS.NS,2016-10-20,1198.449951171875,1204.675048828125,1193.0,1200.574951171875
TCS.NS,2016-10-21,1200.0,1215.949951171875,1199.125,1214.324951171875
TCS.NS,2016-10-24,1214.0999755859375,1217.449951171875,1201.2750244140625,1213.8499755859375
TCS.NS,2016-10-25,1202.5,1207.300048828125,1190.5,1199.2249755859375
TCS.NS,2016-10-26,1199.300048828125,1201.375,1186.25,1198.125
TCS.NS,2016-10-27,1189.8499755859375,1214.75,1182.75,1209.050048828125
TCS.NS,2016-10-28,1205.0,1207.550048828125,1194.0,1199.3499755859375
TCS.NS,2016-11-01,1199.8499755859375,1199.8499755859375,1167.074951171875,1175.0
TCS.NS,2016-11-02,1170.5,1172.0,1147.5,1152.0250244140625
TCS.NS,2016-11-03,1147.0,1167.5,1142.25,1159.7249755859375
TCS.NS,2016-11-04,1160.0,1168.074951171875,1147.0,1165.2750244140625
TCS.NS,2016-11-07,1168.949951171875,1172.449951171875,1130.0250244140625,1138.5250244140625
TCS.NS,2016-11-08,1140.2249755859375,1153.5,1130.0,1141.5999755859375
TCS.NS,2016-11-09,1090.0,1137.5,1071.425048828125,1084.925048828125
TCS.NS,2016-11-10,1102.4000244140625,1108.75,1070.4000244140625,1077.7249755859375
TCS.NS,2016-11-11,1073.5250244140625,1073.5250244140625,1043.0999755859375,1050.574951171875
TCS.NS,2016-11-15,1058.449951171875,1078.7750244140625,1025.949951171875,1060.6500244140625
TCS.NS,2016-11-16,1072.550048828125,1104.449951171875,1069.0,1094.800048828125
TCS.NS,2016-11-17,1092.5,1104.300048828125,1065.074951171875,1068.5999755859375
TCS.NS,2016-11-18,1071.0,1075.0,1052.0999755859375,1062.550048828125
TCS.NS,2016-11-21,1063.0999755859375,1070.0,1052.5,1066.449951171875
TCS.NS,2016-11-22,1066.0,1088.7249755859375,1061.0250244140625,1067.5
TCS.NS,2016-11-23,1074.5,1081.4749755859375,1063.5999755859375,1078.175048828125
TCS.NS,2016-11-24,1077.449951171875,1103.800048828125,1068.5,1094.2249755859375
TCS.NS,2016-11-25,1106.0,1153.625,1096.0999755859375,1150.175048828125
TCS.NS,2016-11-28,1147.0,1159.7249755859375,1125.949951171875,1141.300048828125
TCS.NS,2016-11-29,1137.5,1146.0,1126.2750244140625,1129.925048828125
TCS.NS,2016-11-30,1132.5,1147.375,1121.1500244140625,1138.0250244140625
TCS.NS,2016-12-01,1138.5,1145.0,1127.0250244140625,1131.7249755859375
TCS.NS,2016-12-02,1129.0,1135.4000244140625,1102.5999755859375,1110.925048828125
TCS.NS,2016-12-05,1114.5,1118.925048828125,1085.0,1093.0
TCS.NS,2016-12-06,1095.0,1101.9749755859375,1084.949951171875,1091.175048828125
TCS.NS,2016-12-07,1091.0999755859375,1092.2249755859375,1072.824951171875,1077.2750244140625
TCS.NS,2016-12-08,1080.25,1099.5,1080.0,1097.875
TCS.NS,2016-12-09,1102.5,1109.949951171875,1086.6500244140625,1097.625
TCS.NS,2016-12-12,1097.4000244140625,1108.800048828125,1081.5,1104.0999755859375
TCS.NS,2016-12-13,1109.0,1109.0,1091.5,1100.1500244140625
TCS.NS,2016-12-14,1107.0,1112.3499755859375,1094.5,1103.800048828125
TCS.NS,2016-12-15,1101.0,1136.050048828125,1101.0,1129.6500244140625
TCS.NS,2016-12-16,1138.5,1145.0,1126.0,1141.324951171875
TCS.NS,2016-12-19,1140.0,1148.8499755859375,1130.6500244140625,1144.449951171875
TCS.NS,2016-12-20,1146.0,1172.5,1143.5250244140625,1169.6500244140625
TCS.NS,2016-12-21,1171.9000244140625,1171.9000244140625,1152.800048828125,1156.800048828125
TCS.NS,2016-12-22,1153.0,1162.5,1143.0999755859375,1153.8499755859375
TCS.NS,2016-12-23,1150.0,1158.875,1139.4000244140625,1144.050048828125
TCS.NS,2016-12-26,1133.0,1150.800048828125,1133.0,1146.550048828125
TCS.NS,2016-12-27,1140.75,1165.0,1140.75,1161.699951171875
TCS.NS,2016-12-28,1163.3499755859375,1174.949951171875,1151.574951171875,1156.699951171875
TCS.NS,2016-12-29,1151.5,1179.949951171875,1151.5,1175.8499755859375
TCS.NS,2016-12-30,1177.449951171875,1189.300048828125,1172.824951171875,1182.7750244140625
TCS.NS,2017-01-02,1183.300048828125,1187.550048828125,1176.199951171875,1180.675048828125
TCS.NS,2017-01-03,1180.625,1185.8499755859375,1171.6500244140625,1184.125
TCS.NS,2017-01-04,1184.8499755859375,1194.425048828125,1179.1500244140625,1189.75
TCS.NS,2017-01-05,1192.0,1194.9749755859375,1160.199951171875,1167.199951171875
TCS.NS,2017-01-06,1160.5,1164.675048828125,1128.550048828125,1140.699951171875
TCS.NS,2017-01-09,1137.5,1155.6500244140625,1128.5,1151.8499755859375
TCS.NS,2017-01-10,1152.0,1164.9000244140625,1145.75,1157.675048828125
TCS.NS,2017-01-11,1157.5,1164.800048828125,1140.0999755859375,1162.199951171875
TCS.NS,2017-01-12,1162.199951171875,1180.0,1152.0,1172.175048828125
TCS.NS,2017-01-13,1174.0,1178.9749755859375,1118.925048828125,1124.6500244140625
TCS.NS,2017-01-16,1125.0,1136.949951171875,1114.0,1129.2750244140625
TCS.NS,2017-01-17,1127.449951171875,1143.9000244140625,1126.4000244140625,1139.375
TCS.NS,2017-01-18,1139.0,1149.0,1132.7249755859375,1147.550048828125
TCS.NS,2017-01-19,1147.5,1147.574951171875,1141.4749755859375,1145.5
TCS.NS,2017-01-20,1143.5,1150.0,1132.5,1142.675048828125
TCS.NS,2017-01-23,1132.5,1156.75,1129.9000244140625,1153.3499755859375
TCS.NS,2017-01-24,1152.0,1161.5,1145.0,1159.175048828125
TCS.NS,2017-01-25,1161.300048828125,1180.0,1159.0250244140625,1176.5
TCS.NS,2017-01-27,1172.5250244140625,1189.375,1172.5250244140625,1178.9000244140625
TCS.NS,2017-01-30,1170.5,1175.9749755859375,1159.074951171875,1166.449951171875
TCS.NS,2017-01-31,1160.0,1166.0250244140625,1100.0250244140625,1114.9000244140625
TCS.NS,2017-02-01,1110.0,1119.9749755859375,1077.7750244140625,1083.949951171875
TCS.NS,2017-02-02,1085.0250244140625,1109.5,1076.5,1103.824951171875
TCS.NS,2017-02-03,1104.8499755859375,1121.5,1095.5,1116.2750244140625
TCS.NS,2017-02-06,1129.0,1129.25,1107.4749755859375,1120.375
TCS.NS,2017-02-07,1122.0,1126.300048828125,1113.0,1122.300048828125
TCS.NS,2017-02-08,1122.449951171875,1141.300048828125,1122.0250244140625,1135.4749755859375
TCS.NS,2017-02-09,1137.5,1164.0,1135.0999755859375,1158.6500244140625
TCS.NS,2017-02-10,1155.5,1212.2249755859375,1155.5,1198.9749755859375
TCS.NS,2017-02-13,1198.0,1214.5,1191.175048828125,1207.125
TCS.NS,2017-02-14,1209.824951171875,1209.824951171875,1199.0,1203.125
TCS.NS,2017-02-15,1198.5,1214.0,1187.550048828125,1206.8499755859375
TCS.NS,2017-02-16,1230.0,1239.0,1217.800048828125,1223.875
TCS.NS,2017-02-17,1236.0,1237.800048828125,1201.0,1203.949951171875
TCS.NS,2017-02-20,1212.5,1277.5,1204.050048828125,1251.0999755859375
TCS.NS,2017-02-21,1257.0,1262.949951171875,1227.574951171875,1232.675048828125
TCS.NS,2017-02-22,1232.949951171875,1235.0,1200.074951171875,1205.75
TCS.NS,2017-02-23,1207.5,1246.625,1207.5,1240.9000244140625
TCS.NS,2017-02-27,1239.550048828125,1251.0,1235.0250244140625,1244.925048828125
TCS.NS,2017-02-28,1244.75,1245.0,1225.0,1233.125
TCS.NS,2017-03-01,1239.949951171875,1250.949951171875,1235.0,1239.7750244140625
TCS.NS,2017-03-02,1243.3499755859375,1255.0,1235.0250244140625,1250.7249755859375
TCS.NS,2017-03-03,1246.0,1249.8499755859375,1237.699951171875,1247.0250244140625
TCS.NS,2017-03-06,1240.0,1242.0,1227.2750244140625,1236.25
TCS.NS,2017-03-07,1241.449951171875,1252.5,1237.5250244140625,1249.9000244140625
TCS.NS,2017-03-08,1251.0,1260.0,1246.0999755859375,1256.0999755859375
TCS.NS,2017-03-09,1257.074951171875,1262.0,1252.0250244140625,1259.875
TCS.NS,2017-03-10,1259.800048828125,1274.7750244140625,1256.9749755859375,1271.125
TCS.NS,2017-03-14,1278.4000244140625,1293.574951171875,1275.5250244140625,1283.75
TCS.NS,2017-03-15,1286.0,1286.074951171875,1246.925048828125,1249.1500244140625
TCS.NS,2017-03-16,1253.0,1263.5,1253.0,1260.449951171875
TCS.NS,2017-03-17,1273.0,1273.0,1254.875,1262.875
TCS.NS,2017-03-20,1262.9749755859375,1262.9749755859375,1233.0,1240.0
TCS.NS,2017-03-21,1241.0,1246.0,1232.5,1243.3499755859375
TCS.NS,2017-03-22,1240.074951171875,1248.0,1234.9749755859375,1239.4749755859375
TCS.NS,2017-03-23,1241.0,1242.5250244140625,1223.5999755859375,1230.175048828125
TCS.NS,2017-03-24,1234.9000244140625,1234.9000244140625,1211.6500244140625,1213.5999755859375
TCS.NS,2017-03-27,1213.4749755859375,1220.0,1203.0,1206.0250244140625
TCS.NS,2017-03-28,1205.0,1221.699951171875,1205.0,1214.9749755859375
TCS.NS,2017-03-29,1218.0,1225.4000244140625,1212.800048828125,1222.300048828125
TCS.NS,2017-03-30,1222.449951171875,1232.5,1217.5,1220.5
TCS.NS,2017-03-31,1219.199951171875,1220.425048828125,1207.5,1215.9000244140625
TCS.NS,2017-04-03,1217.5,1217.5,1204.0999755859375,1205.8499755859375
TCS.NS,2017-04-05,1209.949951171875,1209.949951171875,1197.5,1200.625
TCS.NS,2017-04-06,1200.0,1205.0,1196.2750244140625,1200.0250244140625
TCS.NS,2017-04-07,1197.449951171875,1216.625,1196.074951171875,1214.5250244140625
TCS.NS,2017-04-10,1216.0,1224.5,1202.5,1211.125
TCS.NS,2017-04-11,1208.6500244140625,1221.550048828125,1203.0,1209.6500244140625
TCS.NS,2017-04-12,1211.25,1214.0,1191.5,1196.625
TCS.NS,2017-04-13,1200.0,1204.5,1160.5250244140625,1164.324951171875
TCS.NS,2017-04-17,1165.199951171875,1166.449951171875,1147.574951171875,1157.425048828125
TCS.NS,2017-04-18,1165.0,1167.0999755859375,1151.0250244140625,1154.4000244140625
TCS.NS,2017-04-19,1131.75,1174.3499755859375,1126.4000244140625,1149.574951171875
TCS.NS,2017-04-20,1152.6500244140625,1166.0,1145.4749755859375,1162.75
TCS.NS,2017-04-21,1164.550048828125,1167.824951171875,1150.5,1155.4000244140625
TCS.NS,2017-04-24,1150.0,1169.824951171875,1141.25,1164.050048828125
TCS.NS,2017-04-25,1164.0,1172.2249755859375,1151.3499755859375,1155.75
TCS.NS,2017-04-26,1170.0,1171.9749755859375,1151.5250244140625,1155.175048828125
TCS.NS,2017-04-27,1153.0250244140625,1163.9000244140625,1138.824951171875,1151.324951171875
TCS.NS,2017-04-28,1147.0,1149.375,1134.0,1136.574951171875
TCS.NS,2017-05-02,1147.0,1151.0,1140.0,1144.949951171875
TCS.NS,2017-05-03,1147.5,1172.5,1134.25,1168.6500244140625
TCS.NS,2017-05-04,1174.9749755859375,1175.0,1154.4000244140625,1165.050048828125
TCS.NS,2017-05-05,1154.0,1166.25,1151.25,1160.25
TCS.NS,2017-05-08,1160.5,1173.699951171875,1158.8499755859375,1171.2249755859375
TCS.NS,2017-05-09,1171.9749755859375,1180.5,1166.2750244140625,1176.2750244140625
TCS.NS,2017-05-10,1177.5,1178.074951171875,1158.0,1166.2249755859375
TCS.NS,2017-05-11,1173.6500244140625,1180.0,1161.375,1174.7249755859375
TCS.NS,2017-05-12,1171.6500244140625,1184.949951171875,1160.0250244140625,1180.324951171875
TCS.NS,2017-05-15,1187.550048828125,1188.9749755859375,1170.800048828125,1182.550048828125
TCS.NS,2017-05-16,1190.0,1217.5,1186.7249755859375,1214.574951171875
TCS.NS,2017-05-17,1216.75,1230.375,1211.5,1227.675048828125
TCS.NS,2017-05-18,1225.0,1286.0,1221.125,1268.0999755859375
TCS.NS,2017-05-19,1268.0999755859375,1270.2750244140625,1243.0,1253.574951171875
TCS.NS,2017-05-22,1255.0,1276.875,1255.0,1265.675048828125
TCS.NS,2017-05-23,1266.5999755859375,1282.074951171875,1257.0,1260.8499755859375
TCS.NS,2017-05-24,1267.4000244140625,1285.0,1264.824951171875,1279.574951171875
TCS.NS,2017-05-25,1288.5,1318.7750244140625,1284.0,1312.300048828125
TCS.NS,2017-05-26,1312.5,1313.425048828125,1282.324951171875,1289.125
TCS.NS,2017-05-29,1289.5,1298.25,1282.0,1286.425048828125
TCS.NS,2017-05-30,1280.0,1287.9749755859375,1262.5,1275.550048828125
TCS.NS,2017-05-31,1266.5,1286.25,1264.0,1273.300048828125
TCS.NS,2017-06-01,1265.0,1282.0,1265.0,1276.800048828125
TCS.NS,2017-06-02,1278.125,1295.925048828125,1276.25,1282.449951171875
TCS.NS,2017-06-05,1282.5,1309.949951171875,1280.074951171875,1301.9749755859375
TCS.NS,2017-06-06,1315.5,1354.4749755859375,1315.0,1348.0
TCS.NS,2017-06-07,1348.5,1350.0,1288.2750244140625,1307.625
TCS.NS,2017-06-08,1299.0,1302.4749755859375,1257.75,1260.800048828125
TCS.NS,2017-06-09,1260.0,1273.699951171875,1243.0,1253.5
TCS.NS,2017-06-12,1248.5,1256.449951171875,1235.199951171875,1243.5999755859375
TCS.NS,2017-06-13,1232.5,1240.550048828125,1223.5,1225.7750244140625
TCS.NS,2017-06-14,1227.5,1238.0,1227.5,1235.0999755859375
TCS.NS,2017-06-15,1234.5,1234.8499755859375,1202.5,1205.5999755859375
TCS.NS,2017-06-16,1207.4749755859375,1217.5,1193.25,1199.8499755859375
TCS.NS,2017-06-19,1208.449951171875,1223.175048828125,1202.574951171875,1215.8499755859375
TCS.NS,2017-06-20,1215.5,1224.5,1190.1500244140625,1222.5
TCS.NS,2017-06-21,1220.0,1221.074951171875,1198.5999755859375,1203.1500244140625
TCS.NS,2017-06-22,1204.5,1215.5,1192.5,1197.425048828125
TCS.NS,2017-06-23,1199.699951171875,1206.9749755859375,1177.0,1180.8499755859375
TCS.NS,2017-06-27,1175.300048828125,1192.3499755859375,1165.800048828125,1171.425048828125
TCS.NS,2017-06-28,1174.949951171875,1179.0,1167.5,1175.0250244140625
TCS.NS,2017-06-29,1179.5,1186.0250244140625,1161.550048828125,1166.625
TCS.NS,2017-06-30,1162.199951171875,1188.5,1161.550048828125,1181.175048828125
TCS.NS,2017-07-03,1178.699951171875,1191.5250244140625,1171.550048828125,1186.800048828125
TCS.NS,2017-07-04,1186.6500244140625,1190.2249755859375,1175.0250244140625,1183.425048828125
TCS.NS,2017-07-05,1180.4000244140625,1182.5,1172.5,1178.0
TCS.NS,2017-07-06,1179.5,1180.949951171875,1170.050048828125,1173.7750244140625
TCS.NS,2017-07-07,1175.0,1178.2249755859375,1162.75,1165.9749755859375
TCS.NS,2017-07-10,1203.0,1222.449951171875,1189.4749755859375,1217.4749755859375
TCS.NS,2017-07-11,1213.0,1257.4000244140625,1213.0,1237.9000244140625
TCS.NS,2017-07-12,1241.25,1241.6500244140625,1215.050048828125,1219.7249755859375
TCS.NS,2017-07-13,1222.5,1236.0,1213.300048828125,1223.199951171875
TCS.NS,2017-07-14,1191.5,1212.5,1187.5,1198.7249755859375
TCS.NS,2017-07-17,1198.8499755859375,1211.050048828125,1191.0999755859375,1197.7249755859375
TCS.NS,2017-07-18,1198.074951171875,1221.5,1198.074951171875,1204.175048828125
TCS.NS,2017-07-19,1207.75,1230.0,1207.550048828125,1224.800048828125
TCS.NS,2017-07-20,1224.625,1228.449951171875,1215.25,1222.3499755859375
TCS.NS,2017-07-21,1217.449951171875,1250.0,1217.2750244140625,1245.5999755859375
TCS.NS,2017-07-24,1241.0,1270.0,1241.0,1265.3499755859375
TCS.NS,2017-07-25,1262.875,1290.0,1259.199951171875,1285.75
TCS.NS,2017-07-26,1280.0,1287.5,1273.5,1278.0
TCS.NS,2017-07-27,1271.0999755859375,1292.4000244140625,1233.25,1240.8499755859375
TCS.NS,2017-07-28,1240.5,1246.5250244140625,1221.0,1242.1500244140625
TCS.NS,2017-07-31,1235.5,1259.5,1231.5,1245.9000244140625
TCS.NS,2017-08-01,1250.0,1260.375,1245.5,1250.824951171875
TCS.NS,2017-08-02,1250.0,1254.0,1231.0,1236.9000244140625
TCS.NS,2017-08-03,1240.0,1251.0,1233.2249755859375,1244.7249755859375
TCS.NS,2017-08-04,1245.4000244140625,1264.1500244140625,1244.0,1261.4000244140625
TCS.NS,2017-08-07,1258.25,1260.0,1240.5999755859375,1251.7249755859375
TCS.NS,2017-08-08,1256.0,1264.300048828125,1248.1500244140625,1251.5250244140625
TCS.NS,2017-08-09,1250.0,1261.425048828125,1246.6500244140625,1256.0
TCS.NS,2017-08-10,1254.5,1260.300048828125,1243.175048828125,1255.7249755859375
TCS.NS,2017-08-11,1249.949951171875,1267.5,1241.5,1248.0250244140625
TCS.NS,2017-08-14,1251.5,1254.949951171875,1231.5,1234.699951171875
TCS.NS,2017-08-16,1242.0,1271.9000244140625,1232.5999755859375,1246.175048828125
TCS.NS,2017-08-17,1250.3499755859375,1252.5,1231.050048828125,1242.824951171875
TCS.NS,2017-08-18,1237.0,1274.949951171875,1235.699951171875,1256.9000244140625
TCS.NS,2017-08-21,1252.75,1274.5,1247.1500244140625,1264.4000244140625
TCS.NS,2017-08-22,1261.5,1269.75,1246.0,1248.7750244140625
TCS.NS,2017-08-23,1252.5,1258.4000244140625,1236.574951171875,1244.7249755859375
TCS.NS,2017-08-24,1248.8499755859375,1258.9749755859375,1243.074951171875,1248.300048828125
TCS.NS,2017-08-28,1252.300048828125,1252.699951171875,1230.5,1243.6500244140625
TCS.NS,2017-08-29,1241.0,1248.0,1231.9749755859375,1235.425048828125
TCS.NS,2017-08-30,1240.5,1245.0,1230.050048828125,1242.2750244140625
TCS.NS,2017-08-31,1242.5,1252.199951171875,1233.324951171875,1248.175048828125
TCS.NS,2017-09-01,1240.0,1249.0250244140625,1218.2750244140625,1228.2249755859375
TCS.NS,2017-09-04,1226.550048828125,1230.5,1219.0,1228.0999755859375
TCS.NS,2017-09-05,1230.0,1245.0,1218.5250244140625,1242.175048828125
TCS.NS,2017-09-06,1234.074951171875,1237.425048828125,1225.0,1226.5999755859375
TCS.NS,2017-09-07,1229.0,1234.199951171875,1225.5250244140625,1230.050048828125
TCS.NS,2017-09-08,1226.875,1237.0,1226.2750244140625,1235.300048828125
TCS.NS,2017-09-11,1235.5999755859375,1241.4749755859375,1225.0,1227.2249755859375
TCS.NS,2017-09-12,1236.949951171875,1248.5,1228.5,1244.2249755859375
TCS.NS,2017-09-13,1250.0,1265.824951171875,1237.5999755859375,1244.5999755859375
TCS.NS,2017-09-14,1241.0,1248.800048828125,1235.949951171875,1243.4749755859375
TCS.NS,2017-09-15,1249.5,1258.5,1242.5,1253.0250244140625
TCS.NS,2017-09-18,1252.4749755859375,1259.4749755859375,1244.625,1249.5250244140625
TCS.NS,2017-09-19,1252.5,1252.5,1245.75,1249.125
TCS.NS,2017-09-20,1257.0,1257.0,1237.1500244140625,1246.7750244140625
TCS.NS,2017-09-21,1245.5250244140625,1270.5,1240.0,1262.449951171875
TCS.NS,2017-09-22,1259.949951171875,1263.449951171875,1246.0,1251.800048828125
TCS.NS,2017-09-25,1248.2750244140625,1267.0,1246.375,1255.375
TCS.NS,2017-09-26,1255.0,1263.199951171875,1233.0,1237.324951171875
TCS.NS,2017-09-27,1245.0,1256.0999755859375,1236.875,1247.5
TCS.NS,2017-09-28,1247.3499755859375,1257.0,1226.0,1238.2249755859375
TCS.NS,2017-09-29,1239.5,1242.0,1210.75,1217.9749755859375
TCS.NS,2017-10-03,1220.0,1227.1500244140625,1213.5250244140625,1224.2249755859375
TCS.NS,2017-10-04,1224.800048828125,1227.0,1212.5,1221.1500244140625
TCS.NS,2017-10-05,1220.5,1221.7249755859375,1212.199951171875,1214.800048828125
TCS.NS,2017-10-06,1215.0,1227.5,1214.0250244140625,1223.324951171875
TCS.NS,2017-10-09,1220.5250244140625,1233.9749755859375,1220.5250244140625,1227.050048828125
TCS.NS,2017-10-10,1227.5,1234.9749755859375,1225.625,1229.625
TCS.NS,2017-10-11,1230.0,1257.2249755859375,1228.375,1250.175048828125
TCS.NS,2017-10-12,1256.5,1277.5,1253.5,1274.0999755859375
TCS.NS,2017-10-13,1274.0999755859375,1304.4749755859375,1261.5,1279.300048828125
TCS.NS,2017-10-16,1277.5250244140625,1295.0,1277.5250244140625,1292.199951171875
TCS.NS,2017-10-17,1292.5,1307.4749755859375,1288.7750244140625,1297.2750244140625
TCS.NS,2017-10-18,1297.5,1306.824951171875,1290.0,1293.300048828125
TCS.NS,2017-10-19,1296.0,1297.9000244140625,1285.5,1291.949951171875
TCS.NS,2017-10-23,1292.0,1314.5,1273.7249755859375,1293.949951171875
TCS.NS,2017-10-24,1310.0,1310.449951171875,1284.5250244140625,1289.199951171875
TCS.NS,2017-10-25,1289.25,1307.0,1277.5,1279.949951171875
TCS.NS,2017-10-26,1267.550048828125,1284.574951171875,1258.949951171875,1269.425048828125
TCS.NS,2017-10-27,1269.0,1296.574951171875,1265.1500244140625,1292.1500244140625
TCS.NS,2017-10-30,1293.0,1310.0,1290.8499755859375,1308.0999755859375
TCS.NS,2017-10-31,1300.6500244140625,1320.0,1300.6500244140625,1312.0
TCS.NS,2017-11-01,1312.0,1313.425048828125,1289.425048828125,1301.425048828125
TCS.NS,2017-11-02,1304.25,1337.0,1303.375,1313.074951171875
TCS.NS,2017-11-03,1316.199951171875,1318.3499755859375,1301.4000244140625,1310.050048828125
TCS.NS,2017-11-06,1310.0,1335.9000244140625,1305.875,1332.7750244140625
TCS.NS,2017-11-07,1335.0,1384.0,1333.0250244140625,1355.0250244140625
TCS.NS,2017-11-08,1361.5,1379.5,1359.125,1367.5
TCS.NS,2017-11-09,1375.0,1375.0,1359.6500244140625,1368.199951171875
TCS.NS,2017-11-10,1361.0999755859375,1363.0,1346.675048828125,1354.375
TCS.NS,2017-11-13,1351.0250244140625,1388.699951171875,1351.0250244140625,1379.4749755859375
TCS.NS,2017-11-14,1378.2750244140625,1378.2750244140625,1353.75,1357.300048828125
TCS.NS,2017-11-15,1353.0,1377.5,1350.675048828125,1352.6500244140625
TCS.NS,2017-11-16,1355.0,1381.5,1343.4749755859375,1373.324951171875
TCS.NS,2017-11-17,1374.050048828125,1374.050048828125,1351.800048828125,1353.6500244140625
TCS.NS,2017-11-20,1357.5,1363.449951171875,1347.6500244140625,1351.7249755859375
TCS.NS,2017-11-21,1350.5,1350.5,1333.0,1336.4749755859375
TCS.NS,2017-11-22,1336.5,1354.8499755859375,1336.199951171875,1340.324951171875
TCS.NS,2017-11-23,1340.5,1346.5,1334.5,1340.625
TCS.NS,2017-11-24,1341.0,1351.449951171875,1336.550048828125,1344.0250244140625
TCS.NS,2017-11-27,1344.0,1347.949951171875,1331.0999755859375,1342.925048828125
TCS.NS,2017-11-28,1343.0,1351.199951171875,1335.0,1342.6500244140625
TCS.NS,2017-11-29,1338.75,1346.5,1325.0,1329.074951171875
TCS.NS,2017-11-30,1326.824951171875,1333.4749755859375,1311.5,1318.5
TCS.NS,2017-12-01,1317.5,1334.0,1310.75,1314.9749755859375
TCS.NS,2017-12-04,1311.0,1329.25,1301.4749755859375,1316.175048828125
TCS.NS,2017-12-05,1315.5,1325.8499755859375,1314.074951171875,1317.7750244140625
TCS.NS,2017-12-06,1318.0,1322.5,1306.425048828125,1316.6500244140625
TCS.NS,2017-12-07,1316.1500244140625,1322.9749755859375,1307.5,1308.625
TCS.NS,2017-12-08,1309.0,1322.5,1298.5,1300.75
TCS.NS,2017-12-11,1304.175048828125,1336.324951171875,1304.175048828125,1330.550048828125
TCS.NS,2017-12-12,1330.5,1331.0,1303.699951171875,1306.074951171875
TCS.NS,2017-12-13,1305.699951171875,1325.7249755859375,1300.5,1314.199951171875
TCS.NS,2017-12-14,1316.0,1316.0,1265.550048828125,1278.9000244140625
TCS.NS,2017-12-15,1281.875,1292.2249755859375,1268.425048828125,1272.800048828125
TCS.NS,2017-12-18,1268.5,1294.4749755859375,1247.175048828125,1290.25
TCS.NS,2017-12-19,1288.0,1298.9000244140625,1282.3499755859375,1287.6500244140625
TCS.NS,2017-12-20,1291.0,1296.375,1275.324951171875,1294.4749755859375
TCS.NS,2017-12-21,1293.5,1304.0,1290.0250244140625,1297.8499755859375
TCS.NS,2017-12-22,1302.0,1331.949951171875,1295.0999755859375,1323.375
TCS.NS,2017-12-26,1343.0,1344.875,1315.800048828125,1324.7249755859375
TCS.NS,2017-12-27,1324.7249755859375,1329.25,1305.25,1309.949951171875
TCS.NS,2017-12-28,1304.4000244140625,1326.75,1302.824951171875,1313.4749755859375
TCS.NS,2017-12-29,1311.550048828125,1354.449951171875,1309.2750244140625,1350.5999755859375
TCS.NS,2018-01-01,1341.1500244140625,1347.4000244140625,1317.5,1322.800048828125
TCS.NS,2018-01-02,1330.0,1334.800048828125,1310.0999755859375,1315.5999755859375
TCS.NS,2018-01-03,1316.0,1334.5,1315.5999755859375,1319.324951171875
TCS.NS,2018-01-04,1325.0,1331.0,1320.0,1328.550048828125
TCS.NS,2018-01-05,1325.0,1349.75,1325.0,1344.5999755859375
TCS.NS,2018-01-08,1350.0,1363.425048828125,1340.925048828125,1357.199951171875
TCS.NS,2018-01-09,1357.5,1360.5,1338.2750244140625,1354.5
TCS.NS,2018-01-10,1355.5,1408.0,1347.324951171875,1403.300048828125
TCS.NS,2018-01-11,1405.0,1410.949951171875,1391.0999755859375,1395.25
TCS.NS,2018-01-12,1402.5,1402.5,1370.2750244140625,1388.175048828125
TCS.NS,2018-01-15,1388.574951171875,1404.0,1367.5250244140625,1373.050048828125
TCS.NS,2018-01-16,1378.0,1430.824951171875,1375.2750244140625,1425.425048828125
TCS.NS,2018-01-17,1435.0,1462.5,1431.074951171875,1444.4749755859375
TCS.NS,2018-01-18,1448.5,1466.5,1434.0250244140625,1459.0999755859375
TCS.NS,2018-01-19,1465.2750244140625,1491.0,1451.824951171875,1479.6500244140625
TCS.NS,2018-01-22,1480.5,1567.3499755859375,1461.0,1558.199951171875
TCS.NS,2018-01-23,1557.4749755859375,1571.175048828125,1545.0250244140625,1551.0
TCS.NS,2018-01-24,1545.0,1629.5250244140625,1541.324951171875,1587.300048828125
TCS.NS,2018-01-25,1587.5,1589.9000244140625,1540.5,1560.5250244140625
TCS.NS,2018-01-29,1565.699951171875,1612.5,1561.0,1599.425048828125
TCS.NS,2018-01-30,1590.0,1601.9000244140625,1571.8499755859375,1576.425048828125
TCS.NS,2018-01-31,1568.5,1575.0,1549.300048828125,1556.175048828125
TCS.NS,2018-02-01,1562.0,1595.0,1544.4000244140625,1569.300048828125
TCS.NS,2018-02-02,1560.0,1595.0,1551.7249755859375,1576.824951171875
TCS.NS,2018-02-05,1555.0,1594.0,1538.425048828125,1551.5999755859375
TCS.NS,2018-02-06,1505.0,1538.574951171875,1492.5,1498.625
TCS.NS,2018-02-07,1513.5,1515.5,1473.7249755859375,1477.5250244140625
TCS.NS,2018-02-08,1489.875,1513.800048828125,1479.5,1487.0999755859375
TCS.NS,2018-02-09,1475.0,1497.0,1448.324951171875,1485.8499755859375
TCS.NS,2018-02-12,1489.1500244140625,1511.675048828125,1477.7750244140625,1483.6500244140625
TCS.NS,2018-02-14,1485.0,1487.2249755859375,1446.25,1455.9000244140625
TCS.NS,2018-02-15,1465.9749755859375,1471.5,1452.550048828125,1462.925048828125
TCS.NS,2018-02-16,1461.5,1499.800048828125,1461.5,1466.5250244140625
TCS.NS,2018-02-19,1472.5,1476.6500244140625,1447.5999755859375,1461.800048828125
TCS.NS,2018-02-20,1464.0,1492.5250244140625,1463.949951171875,1472.375
TCS.NS,2018-02-21,1487.0,1531.300048828125,1480.0250244140625,1521.1500244140625
TCS.NS,2018-02-22,1526.0,1539.5,1511.25,1525.0999755859375
TCS.NS,2018-02-23,1525.0,1544.5,1496.050048828125,1537.9000244140625
TCS.NS,2018-02-26,1537.5,1544.9749755859375,1510.5999755859375,1515.8499755859375
TCS.NS,2018-02-27,1520.5,1539.2750244140625,1516.0,1521.175048828125
TCS.NS,2018-02-28,1517.5,1531.9749755859375,1510.7249755859375,1517.5250244140625
TCS.NS,2018-03-01,1524.5,1530.5999755859375,1510.0,1518.8499755859375
TCS.NS,2018-03-05,1524.5,1556.824951171875,1516.4749755859375,1552.925048828125
TCS.NS,2018-03-06,1561.0,1563.5,1515.074951171875,1521.4000244140625
TCS.NS,2018-03-07,1535.0,1544.5,1509.25,1513.7249755859375
TCS.NS,2018-03-08,1527.449951171875,1527.449951171875,1493.75,1501.9749755859375
TCS.NS,2018-03-09,1502.5,1531.5999755859375,1488.5999755859375,1517.050048828125
TCS.NS,2018-03-12,1521.5,1541.949951171875,1517.75,1526.074951171875
TCS.NS,2018-03-13,1462.449951171875,1469.8499755859375,1436.0,1443.4000244140625
TCS.NS,2018-03-14,1446.4749755859375,1461.5250244140625,1437.5250244140625,1443.449951171875
TCS.NS,2018-03-15,1447.5,1451.2750244140625,1427.800048828125,1434.8499755859375
TCS.NS,2018-03-16,1434.4000244140625,1436.0,1402.5,1412.8499755859375
TCS.NS,2018-03-19,1414.5,1424.0,1410.0,1415.5
TCS.NS,2018-03-20,1410.0,1436.5999755859375,1409.5,1432.425048828125
TCS.NS,2018-03-21,1436.25,1442.1500244140625,1425.0,1428.375
TCS.NS,2018-03-22,1429.9749755859375,1437.9749755859375,1411.2750244140625,1415.675048828125
TCS.NS,2018-03-23,1401.0,1417.050048828125,1399.0250244140625,1409.074951171875
TCS.NS,2018-03-26,1409.5,1413.699951171875,1390.7750244140625,1408.5
TCS.NS,2018-03-27,1412.5,1431.5,1411.5250244140625,1423.8499755859375
TCS.NS,2018-03-28,1417.949951171875,1437.5,1412.5,1424.574951171875
TCS.NS,2018-04-02,1420.0,1457.0,1420.0,1454.824951171875
TCS.NS,2018-04-03,1446.050048828125,1464.949951171875,1446.050048828125,1455.625
TCS.NS,2018-04-04,1464.7249755859375,1467.0,1446.0,1455.449951171875
TCS.NS,2018-04-05,1463.2750244140625,1481.875,1460.175048828125,1478.9749755859375
TCS.NS,2018-04-06,1477.0,1480.0,1463.2750244140625,1475.1500244140625
TCS.NS,2018-04-09,1469.8499755859375,1481.75,1457.5,1461.949951171875
TCS.NS,2018-04-10,1462.8499755859375,1478.625,1462.8499755859375,1468.800048828125
TCS.NS,2018-04-11,1475.300048828125,1512.5,1472.800048828125,1507.074951171875
TCS.NS,2018-04-12,1505.0,1575.0,1503.9749755859375,1569.625
TCS.NS,2018-04-13,1575.0,1620.4000244140625,1566.050048828125,1576.6500244140625
TCS.NS,2018-04-16,1558.0,1599.9749755859375,1555.375,1593.824951171875
TCS.NS,2018-04-17,1593.824951171875,1597.4749755859375,1573.5999755859375,1583.300048828125
TCS.NS,2018-04-18,1583.0,1596.7249755859375,1572.925048828125,1579.550048828125
TCS.NS,2018-04-19,1589.949951171875,1608.5999755859375,1582.875,1595.574951171875
TCS.NS,2018-04-20,1625.0,1711.175048828125,1620.0,1701.2249755859375
TCS.NS,2018-04-23,1712.0,1778.949951171875,1694.7750244140625,1704.324951171875
TCS.NS,2018-04-24,1705.0,1721.574951171875,1671.25,1692.824951171875
TCS.NS,2018-04-25,1692.5,1741.5,1682.5250244140625,1735.125
TCS.NS,2018-04-26,1733.5,1780.0,1733.5,1769.625
TCS.NS,2018-04-27,1762.5,1772.0,1710.0,1725.9749755859375
TCS.NS,2018-04-30,1725.9749755859375,1774.5,1718.800048828125,1766.050048828125
TCS.NS,2018-05-02,1765.25,1766.0999755859375,1735.6500244140625,1749.875
TCS.NS,2018-05-03,1754.9000244140625,1763.0,1735.199951171875,1740.925048828125
TCS.NS,2018-05-04,1746.0,1748.5,1735.0,1740.375
TCS.NS,2018-05-07,1745.0,1745.0,1705.449951171875,1710.4749755859375
TCS.NS,2018-05-08,1717.3499755859375,1743.25,1698.3499755859375,1720.5999755859375
TCS.NS,2018-05-09,1720.0999755859375,1747.375,1720.0999755859375,1744.6500244140625
TCS.NS,2018-05-10,1751.4749755859375,1755.574951171875,1720.0999755859375,1725.625
TCS.NS,2018-05-11,1727.0999755859375,1742.5,1721.25,1728.4749755859375
TCS.NS,2018-05-14,1728.5,1735.5,1705.4000244140625,1716.7750244140625
TCS.NS,2018-05-15,1725.0,1747.9000244140625,1716.8499755859375,1741.199951171875
TCS.NS,2018-05-16,1739.9749755859375,1754.5,1737.625,1746.949951171875
TCS.NS,2018-05-17,1756.4749755859375,1766.574951171875,1738.0,1745.9000244140625
TCS.NS,2018-05-18,1740.4000244140625,1758.8499755859375,1729.0,1751.0250244140625
TCS.NS,2018-05-21,1764.3499755859375,1796.0,1759.0250244140625,1778.375
TCS.NS,2018-05-22,1779.0,1787.4749755859375,1746.8499755859375,1754.449951171875
TCS.NS,2018-05-23,1762.5,1772.5,1740.5,1747.550048828125
TCS.NS,2018-05-24,1755.0,1807.5,1751.175048828125,1801.8499755859375
TCS.NS,2018-05-25,1812.5,1837.4000244140625,1786.2750244140625,1792.9000244140625
TCS.NS,2018-05-28,1808.25,1808.25,1743.0,1751.0250244140625
TCS.NS,2018-05-29,1764.949951171875,1772.0,1744.0,1761.75
TCS.NS,2018-05-30,1754.5250244140625,1766.5,1741.25,1757.050048828125
TCS.NS,2018-05-31,1734.0,1759.050048828125,1726.0999755859375,1741.050048828125
TCS.NS,2018-06-01,1754.0,1757.5,1716.300048828125,1732.449951171875
TCS.NS,2018-06-04,1745.0,1749.0,1712.5999755859375,1744.25
TCS.NS,2018-06-05,1744.0,1751.9000244140625,1711.1500244140625,1721.5999755859375
TCS.NS,2018-06-06,1723.0,1734.9000244140625,1715.199951171875,1725.75
TCS.NS,2018-06-07,1725.0,1749.0,1723.800048828125,1735.550048828125
TCS.NS,2018-06-08,1735.0,1757.300048828125,1735.0,1747.0999755859375
TCS.NS,2018-06-11,1747.0999755859375,1763.0,1743.0,1749.699951171875
TCS.NS,2018-06-12,1757.0,1785.0,1753.0,1781.0
TCS.NS,2018-06-13,1816.0,1831.6500244140625,1798.0,1824.0999755859375
TCS.NS,2018-06-14,1830.0,1832.300048828125,1784.0,1787.550048828125
TCS.NS,2018-06-15,1800.0,1847.0999755859375,1788.5999755859375,1840.050048828125
TCS.NS,2018-06-18,1867.949951171875,1867.949951171875,1822.1500244140625,1829.0
TCS.NS,2018-06-19,1822.1500244140625,1839.0,1821.0,1824.5
TCS.NS,2018-06-20,1832.0,1836.300048828125,1818.5999755859375,1822.449951171875
TCS.NS,2018-06-21,1832.0,1832.0,1817.5999755859375,1819.3499755859375
TCS.NS,2018-06-22,1827.0,1827.0,1799.550048828125,1809.800048828125
TCS.NS,2018-06-25,1811.9000244140625,1822.3499755859375,1806.0,1819.25
TCS.NS,2018-06-26,1823.0,1861.0,1821.0,1852.0
TCS.NS,2018-06-27,1860.0,1885.1500244140625,1851.25,1858.0
TCS.NS,2018-06-28,1865.0,1871.0,1826.300048828125,1842.699951171875
TCS.NS,2018-06-29,1844.9000244140625,1867.4000244140625,1842.300048828125,1847.75
TCS.NS,2018-07-02,1852.0,1857.800048828125,1841.0999755859375,1851.3499755859375
TCS.NS,2018-07-03,1859.949951171875,1879.9000244140625,1857.050048828125,1874.050048828125
TCS.NS,2018-07-04,1879.9000244140625,1879.9000244140625,1857.1500244140625,1866.1500244140625
TCS.NS,2018-07-05,1873.0,1887.5,1862.0999755859375,1880.300048828125
TCS.NS,2018-07-06,1882.8499755859375,1921.0,1881.6500244140625,1912.949951171875
TCS.NS,2018-07-09,1924.0,1924.4000244140625,1876.5,1883.0
TCS.NS,2018-07-10,1898.0,1898.9000244140625,1870.75,1875.0999755859375
TCS.NS,2018-07-11,1900.0,1998.0,1894.1500244140625,1979.9000244140625
TCS.NS,2018-07-12,1984.0,1990.9000244140625,1960.5,1971.3499755859375
TCS.NS,2018-07-13,1975.0,1997.9000244140625,1974.0,1981.0999755859375
TCS.NS,2018-07-16,1990.0,1996.0,1977.449951171875,1989.199951171875
TCS.NS,2018-07-17,1989.0,2009.0,1981.0,2002.1500244140625
TCS.NS,2018-07-18,2005.0,2011.699951171875,1993.050048828125,2000.25
TCS.NS,2018-07-19,2002.0999755859375,2010.449951171875,1970.0,1981.4000244140625
TCS.NS,2018-07-20,1984.9000244140625,2000.0,1984.0,1996.5999755859375
TCS.NS,2018-07-23,2001.0,2009.949951171875,1986.0,2005.6500244140625
TCS.NS,2018-07-24,2015.0,2015.0,1984.1500244140625,1999.0
TCS.NS,2018-07-25,2001.9000244140625,2002.0,1968.4000244140625,1981.5
TCS.NS,2018-07-26,1974.949951171875,1985.0,1955.0999755859375,1964.699951171875
TCS.NS,2018-07-27,1960.8499755859375,1964.6500244140625,1940.300048828125,1943.75
TCS.NS,2018-07-30,1943.0,1954.699951171875,1931.550048828125,1944.5999755859375
TCS.NS,2018-07-31,1942.0,1947.0,1928.0,1940.199951171875
TCS.NS,2018-08-01,1949.949951171875,1981.550048828125,1949.800048828125,1976.5
TCS.NS,2018-08-02,1980.0,1985.0,1945.0,1948.4000244140625
TCS.NS,2018-08-03,1956.5,1982.050048828125,1956.5,1979.449951171875
TCS.NS,2018-08-06,1997.0,1998.949951171875,1972.25,1975.550048828125
TCS.NS,2018-08-07,1978.199951171875,1979.1500244140625,1960.5,1967.3499755859375
TCS.NS,2018-08-08,1972.0,1978.300048828125,1962.0,1974.0
TCS.NS,2018-08-09,1980.0,1980.800048828125,1966.0,1974.3499755859375
TCS.NS,2018-08-10,1980.949951171875,1996.5,1972.050048828125,1993.0999755859375
TCS.NS,2018-08-13,1997.800048828125,2004.25,1990.0,2000.1500244140625
TCS.NS,2018-08-14,1992.0,2024.5999755859375,1982.4000244140625,2003.550048828125
TCS.NS,2018-08-16,2000.300048828125,2020.050048828125,1995.0,2008.5
TCS.NS,2018-08-17,2013.8499755859375,2021.9000244140625,2004.0,2012.75
TCS.NS,2018-08-20,2024.0,2024.0,2003.699951171875,2009.949951171875
TCS.NS,2018-08-21,2010.1500244140625,2024.0,2004.0,2017.6500244140625
TCS.NS,2018-08-23,2022.800048828125,2038.0,2020.300048828125,2035.0999755859375
TCS.NS,2018-08-24,2035.0999755859375,2046.0,2031.0,2043.0
TCS.NS,2018-08-27,2043.0,2059.0,2035.0,2050.89990234375
TCS.NS,2018-08-28,2055.0,2072.0,2052.0,2069.199951171875
TCS.NS,2018-08-29,2072.5,2076.60009765625,2045.5999755859375,2072.0
TCS.NS,2018-08-30,2068.0,2085.0,2065.5,2082.39990234375
TCS.NS,2018-08-31,2082.300048828125,2092.0,2074.0,2078.39990234375
TCS.NS,2018-09-03,2084.800048828125,2090.0,2048.39990234375,2052.89990234375
TCS.NS,2018-09-04,2059.800048828125,2104.75,2056.949951171875,2098.89990234375
TCS.NS,2018-09-05,2100.0,2107.25,2075.050048828125,2079.25
TCS.NS,2018-09-06,2075.0,2081.5,2060.300048828125,2075.300048828125
TCS.NS,2018-09-07,2079.300048828125,2084.0,2065.39990234375,2079.85009765625
TCS.NS,2018-09-10,2084.39990234375,2093.39990234375,2074.25,2080.75
TCS.NS,2018-09-11,2089.0,2089.0,2042.199951171875,2046.25
TCS.NS,2018-09-12,2052.35009765625,2068.89990234375,2040.0,2043.949951171875
TCS.NS,2018-09-14,2044.0,2071.550048828125,2018.1500244140625,2065.39990234375
TCS.NS,2018-09-17,2070.0,2077.800048828125,2054.550048828125,2074.14990234375
TCS.NS,2018-09-18,2073.0,2078.800048828125,2057.60009765625,2070.75
TCS.NS,2018-09-19,2071.89990234375,2089.0,2066.85009765625,2077.89990234375
TCS.NS,2018-09-21,2077.0,2121.0,2050.14990234375,2103.14990234375
TCS.NS,2018-09-24,2115.0,2210.5,2098.14990234375,2198.449951171875
TCS.NS,2018-09-25,2204.89990234375,2211.89990234375,2153.800048828125,2183.199951171875
TCS.NS,2018-09-26,2187.0,2199.0,2135.10009765625,2142.14990234375
TCS.NS,2018-09-27,2141.89990234375,2209.699951171875,2135.800048828125,2188.85009765625
TCS.NS,2018-09-28,2178.0,2190.0,2158.85009765625,2183.699951171875
TCS.NS,2018-10-01,2190.89990234375,2275.949951171875,2190.35009765625,2255.550048828125
TCS.NS,2018-10-03,2250.300048828125,2255.0,2155.60009765625,2162.85009765625
TCS.NS,2018-10-04,2156.60009765625,2156.64990234375,2056.35009765625,2064.800048828125
TCS.NS,2018-10-05,2050.0,2120.0,2020.9000244140625,2102.64990234375
TCS.NS,2018-10-08,2102.64990234375,2122.199951171875,2048.14990234375,2077.550048828125
TCS.NS,2018-10-09,2080.35009765625,2107.64990234375,2053.199951171875,2091.800048828125
TCS.NS,2018-10-10,2100.0,2105.949951171875,2029.0,2043.5999755859375
TCS.NS,2018-10-11,1985.0,2013.0,1941.0,1979.949951171875
TCS.NS,2018-10-12,1978.0,1978.0,1903.0,1918.300048828125
TCS.NS,2018-10-15,1940.0,1955.550048828125,1920.0,1949.5
TCS.NS,2018-10-16,1958.0,1971.9000244140625,1935.0,1962.300048828125
TCS.NS,2018-10-17,1970.0,1989.0,1920.0,1929.4000244140625
TCS.NS,2018-10-19,1929.0,1929.0,1870.050048828125,1913.199951171875
TCS.NS,2018-10-22,1914.0,1916.0,1886.949951171875,1903.0
TCS.NS,2018-10-23,1888.0,1898.0,1837.0,1843.6500244140625
TCS.NS,2018-10-24,1852.050048828125,1874.0,1811.0999755859375,1848.5
TCS.NS,2018-10-25,1844.0,1876.9000244140625,1825.050048828125,1853.0
TCS.NS,2018-10-26,1853.9000244140625,1853.9000244140625,1791.0999755859375,1799.0999755859375
TCS.NS,2018-10-29,1808.699951171875,1877.949951171875,1784.3499755859375,1871.0
TCS.NS,2018-10-30,1867.0,1909.4000244140625,1845.0,1894.800048828125
TCS.NS,2018-10-31,1900.0,1943.9000244140625,1875.449951171875,1938.1500244140625
TCS.NS,2018-11-01,1943.6500244140625,1944.3499755859375,1901.300048828125,1935.75
TCS.NS,2018-11-02,1934.199951171875,1954.5999755859375,1905.0,1913.449951171875
TCS.NS,2018-11-05,1910.0,1927.3499755859375,1884.75,1890.8499755859375
TCS.NS,2018-11-06,1894.0,1937.5,1891.0,1932.699951171875
TCS.NS,2018-11-07,1940.0,1949.0,1937.0,1942.1500244140625
TCS.NS,2018-11-09,1961.0,1961.949951171875,1905.0,1909.199951171875
TCS.NS,2018-11-12,1908.5,1946.0999755859375,1908.5,1914.8499755859375
TCS.NS,2018-11-13,1915.0,1939.0,1903.0,1934.949951171875
TCS.NS,2018-11-14,1925.0,1929.9000244140625,1870.0,1880.6500244140625
TCS.NS,2018-11-15,1864.0,1899.0,1857.5999755859375,1872.8499755859375
TCS.NS,2018-11-16,1889.0,1899.800048828125,1870.25,1886.5999755859375
TCS.NS,2018-11-19,1899.0,1907.3499755859375,1864.300048828125,1902.449951171875
TCS.NS,2018-11-20,1902.0,1902.0,1874.199951171875,1878.25
TCS.NS,2018-11-21,1871.0,1871.050048828125,1798.550048828125,1812.0
TCS.NS,2018-11-22,1820.0,1847.5999755859375,1809.949951171875,1812.550048828125
TCS.NS,2018-11-26,1819.0,1860.0,1784.5,1846.0999755859375
TCS.NS,2018-11-27,1854.0,1897.9000244140625,1835.3499755859375,1890.25
TCS.NS,2018-11-28,1889.0,1989.0,1882.5,1983.9000244140625
TCS.NS,2018-11-29,1997.0,1997.0,1942.550048828125,1960.550048828125
TCS.NS,2018-11-30,1966.0,1991.0,1959.8499755859375,1968.25
TCS.NS,2018-12-03,1984.0,1990.0,1968.300048828125,1982.4000244140625
TCS.NS,2018-12-04,1983.0,2019.4000244140625,1971.0,2010.8499755859375
TCS.NS,2018-12-05,2006.0,2018.0,1985.0,2006.75
TCS.NS,2018-12-06,1998.0,2017.0,1979.5999755859375,1992.699951171875
TCS.NS,2018-12-07,1985.050048828125,2003.9000244140625,1973.0,1995.199951171875
TCS.NS,2018-12-10,1975.0,2011.0,1960.0,1975.800048828125
TCS.NS,2018-12-11,1970.0,2010.0,1961.0,2000.0
TCS.NS,2018-12-12,2001.0999755859375,2022.0,1984.949951171875,2016.800048828125
TCS.NS,2018-12-13,2024.0,2029.699951171875,1974.5,1982.5999755859375
TCS.NS,2018-12-14,1983.0,1998.949951171875,1975.25,1989.75
TCS.NS,2018-12-17,1999.0,2004.9000244140625,1985.0,1994.300048828125
TCS.NS,2018-12-18,1991.9000244140625,2002.0,1976.4000244140625,1987.8499755859375
TCS.NS,2018-12-19,1984.800048828125,1984.800048828125,1960.050048828125,1968.449951171875
TCS.NS,2018-12-20,1953.800048828125,1974.9000244140625,1946.0,1954.050048828125
TCS.NS,2018-12-21,1948.0,1950.0,1886.550048828125,1895.800048828125
TCS.NS,2018-12-24,1905.800048828125,1938.9000244140625,1905.0,1918.5
TCS.NS,2018-12-26,1921.800048828125,1921.800048828125,1870.25,1889.199951171875
TCS.NS,2018-12-27,1909.0,1941.699951171875,1872.0999755859375,1908.949951171875
TCS.NS,2018-12-28,1915.0,1920.0,1893.0,1896.050048828125
TCS.NS,2018-12-31,1908.0,1909.0,1886.1500244140625,1893.050048828125
TCS.NS,2019-01-01,1896.0,1910.0,1885.0,1902.800048828125
TCS.NS,2019-01-02,1905.0,1934.449951171875,1900.0,1923.300048828125
TCS.NS,2019-01-03,1919.0,1944.949951171875,1893.0999755859375,1899.949951171875
TCS.NS,2019-01-04,1900.0,1901.199951171875,1841.0,1876.8499755859375
TCS.NS,2019-01-07,1891.800048828125,1908.800048828125,1881.0,1897.9000244140625
TCS.NS,2019-01-08,1905.4000244140625,1906.4000244140625,1883.300048828125,1893.550048828125
TCS.NS,2019-01-09,1907.4000244140625,1919.0,1866.699951171875,1886.949951171875
TCS.NS,2019-01-10,1890.0,1905.0,1872.0999755859375,1888.550048828125
TCS.NS,2019-01-11,1870.0,1875.0,1835.0,1842.550048828125
TCS.NS,2019-01-14,1850.0,1851.0,1810.0,1813.25
TCS.NS,2019-01-15,1810.0,1869.3499755859375,1808.0,1867.800048828125
TCS.NS,2019-01-16,1870.0,1875.0,1847.0,1870.1500244140625
TCS.NS,2019-01-17,1878.0,1898.0,1871.300048828125,1894.300048828125
TCS.NS,2019-01-18,1881.0,1904.199951171875,1876.0,1900.6500244140625
TCS.NS,2019-01-21,1902.0,1932.0,1895.449951171875,1908.699951171875
TCS.NS,2019-01-22,1907.0999755859375,1918.25,1890.0,1901.9000244140625
TCS.NS,2019-01-23,1901.0,1906.0999755859375,1870.0,1875.5999755859375
TCS.NS,2019-01-24,1884.800048828125,1905.25,1875.0,1901.550048828125
TCS.NS,2019-01-25,1902.0,1935.0,1901.0,1920.800048828125
TCS.NS,2019-01-28,1933.0,1962.0,1925.5,1955.0
TCS.NS,2019-01-29,1962.0,1989.050048828125,1936.6500244140625,1982.75
TCS.NS,2019-01-30,1979.5999755859375,1989.5,1954.6500244140625,1981.4000244140625
TCS.NS,2019-01-31,1987.0,2019.75,1985.0,2014.0999755859375
TCS.NS,2019-02-01,2009.5,2034.75,1998.0999755859375,2029.949951171875
TCS.NS,2019-02-04,2029.949951171875,2055.449951171875,2023.0,2050.25
TCS.NS,2019-02-05,2050.0,2055.0,2028.0,2044.550048828125
TCS.NS,2019-02-06,2049.89990234375,2086.85009765625,2041.050048828125,2074.800048828125
TCS.NS,2019-02-07,2074.75,2097.949951171875,2067.0,2082.89990234375
TCS.NS,2019-02-08,2075.0,2089.5,2051.0,2061.39990234375
TCS.NS,2019-02-11,2060.0,2096.0,2048.89990234375,2065.89990234375
TCS.NS,2019-02-12,2070.0,2070.0,2018.0,2051.60009765625
TCS.NS,2019-02-14,2060.050048828125,2075.0,2033.050048828125,2044.5999755859375
TCS.NS,2019-02-15,2049.0,2052.0,2010.949951171875,2029.699951171875
TCS.NS,2019-02-18,2037.5999755859375,2041.949951171875,1962.6500244140625,1970.300048828125
TCS.NS,2019-02-19,1970.0,1971.0,1892.0,1904.800048828125
TCS.NS,2019-02-20,1915.0,1933.800048828125,1881.300048828125,1914.75
TCS.NS,2019-02-21,1914.75,1940.0,1897.050048828125,1914.199951171875
TCS.NS,2019-02-22,1917.199951171875,1930.0,1905.0999755859375,1925.6500244140625
TCS.NS,2019-02-25,1932.5,1990.0,1930.5,1985.1500244140625
TCS.NS,2019-02-26,1984.0,2045.1500244140625,1972.25,2038.699951171875
TCS.NS,2019-02-27,2040.0,2074.949951171875,2022.0,2058.10009765625
TCS.NS,2019-02-28,2060.0,2071.35009765625,1977.5999755859375,1983.449951171875
TCS.NS,2019-03-01,1995.050048828125,2005.0,1980.3499755859375,1995.4000244140625
TCS.NS,2019-03-05,2005.0,2007.0,1976.5999755859375,1988.0999755859375
TCS.NS,2019-03-06,1989.300048828125,2015.0,1985.050048828125,1999.5999755859375
TCS.NS,2019-03-07,2005.0,2024.050048828125,2000.199951171875,2013.300048828125
TCS.NS,2019-03-08,2025.0,2033.0,2010.050048828125,2022.699951171875
TCS.NS,2019-03-11,2028.9000244140625,2033.0,2003.6500244140625,2014.800048828125
TCS.NS,2019-03-12,2014.050048828125,2024.800048828125,2003.0,2012.449951171875
TCS.NS,2019-03-13,2013.0,2015.9000244140625,1978.5999755859375,2000.5
TCS.NS,2019-03-14,2004.949951171875,2007.800048828125,1981.0,1987.4000244140625
TCS.NS,2019-03-15,1998.9000244140625,2068.949951171875,1991.0,2039.949951171875
TCS.NS,2019-03-18,2043.0,2064.60009765625,2011.0,2022.800048828125
TCS.NS,2019-03-19,2030.0,2030.0,1995.0999755859375,2022.800048828125
TCS.NS,2019-03-20,2028.0,2044.800048828125,2000.0,2015.050048828125
TCS.NS,2019-03-22,2015.0,2016.0,1983.300048828125,2005.6500244140625
TCS.NS,2019-03-25,2007.800048828125,2007.800048828125,1977.199951171875,1984.25
TCS.NS,2019-03-26,1984.0,1994.949951171875,1958.050048828125,1982.6500244140625
TCS.NS,2019-03-27,1994.0,1998.0,1961.0,1967.9000244140625
TCS.NS,2019-03-28,1980.0,2014.5999755859375,1972.800048828125,2000.300048828125
TCS.NS,2019-04-01,2010.0,2039.949951171875,2008.25,2031.6500244140625
TCS.NS,2019-04-02,2037.0999755859375,2086.0,2037.0,2079.300048828125
TCS.NS,2019-04-03,2085.0,2089.60009765625,2058.10009765625,2079.300048828125
TCS.NS,2019-04-04,2078.14990234375,2079.699951171875,2007.4000244140625,2014.5
TCS.NS,2019-04-05,2028.6500244140625,2054.39990234375,2018.800048828125,2048.300048828125
TCS.NS,2019-04-08,2059.0,2075.0,2032.699951171875,2070.75
TCS.NS,2019-04-09,2070.0,2098.0,2057.64990234375,2091.5
TCS.NS,2019-04-10,2083.0,2085.5,2036.0,2040.25
TCS.NS,2019-04-11,2045.0,2055.0,2013.6500244140625,2019.5
TCS.NS,2019-04-12,2038.0,2039.0,2007.0,2014.5
TCS.NS,2019-04-15,2070.0,2119.800048828125,2041.0,2113.300048828125
TCS.NS,2019-04-16,2120.0,2155.949951171875,2115.550048828125,2131.800048828125
TCS.NS,2019-04-18,2149.89990234375,2155.0,2114.199951171875,2150.050048828125
TCS.NS,2019-04-22,2148.0,2176.0,2145.60009765625,2161.449951171875
TCS.NS,2019-04-23,2163.0,2165.5,2134.050048828125,2155.050048828125
TCS.NS,2019-04-24,2158.0,2195.0,2156.10009765625,2183.449951171875
TCS.NS,2019-04-25,2175.0,2205.0,2168.050048828125,2195.0
TCS.NS,2019-04-26,2203.0,2243.949951171875,2193.14990234375,2238.550048828125
TCS.NS,2019-04-30,2238.550048828125,2266.949951171875,2230.10009765625,2260.35009765625
TCS.NS,2019-05-02,2255.0,2259.39990234375,2211.10009765625,2215.39990234375
TCS.NS,2019-05-03,2185.0,2186.050048828125,2125.0,2132.0
TCS.NS,2019-05-06,2110.0,2165.0,2108.5,2157.85009765625
TCS.NS,2019-05-07,2160.050048828125,2184.35009765625,2138.800048828125,2151.949951171875
TCS.NS,2019-05-08,2151.0,2168.0,2130.39990234375,2152.85009765625
TCS.NS,2019-05-09,2145.0,2184.10009765625,2136.10009765625,2172.550048828125
TCS.NS,2019-05-10,2175.0,2192.0,2125.85009765625,2135.800048828125
TCS.NS,2019-05-13,2133.0,2167.0,2121.64990234375,2128.75
TCS.NS,2019-05-14,2135.0,2159.800048828125,2072.35009765625,2092.35009765625
TCS.NS,2019-05-15,2097.0,2124.0,2084.5,2095.39990234375
TCS.NS,2019-05-16,2096.0,2124.0,2077.050048828125,2108.75
TCS.NS,2019-05-17,2112.60009765625,2135.0,2090.0,2095.449951171875
TCS.NS,2019-05-20,2125.0,2151.39990234375,2050.0,2143.949951171875
TCS.NS,2019-05-21,2148.050048828125,2148.699951171875,2102.550048828125,2109.75
TCS.NS,2019-05-22,2110.0,2121.949951171875,2075.0,2081.75
TCS.NS,2019-05-23,2098.0,2115.35009765625,2050.0,2054.050048828125
TCS.NS,2019-05-24,2070.0,2070.0,2032.25,2048.0
TCS.NS,2019-05-27,2054.800048828125,2068.949951171875,2040.0999755859375,2055.14990234375
TCS.NS,2019-05-28,2060.0,2097.5,2045.0,2073.75
TCS.NS,2019-05-29,2080.0,2123.699951171875,2077.10009765625,2107.550048828125
TCS.NS,2019-05-30,2123.0,2156.550048828125,2114.39990234375,2146.300048828125
TCS.NS,2019-05-31,2160.0,2204.949951171875,2152.25,2196.550048828125
TCS.NS,2019-06-03,2201.0,2247.64990234375,2185.64990234375,2242.300048828125
TCS.NS,2019-06-04,2224.0,2224.0,2175.0,2183.10009765625
TCS.NS,2019-06-06,2199.0,2199.0,2152.0,2166.10009765625
TCS.NS,2019-06-07,2174.0,2189.800048828125,2142.10009765625,2181.75
TCS.NS,2019-06-10,2196.699951171875,2235.85009765625,2185.5,2231.5
TCS.NS,2019-06-11,2237.0,2263.949951171875,2231.0,2252.800048828125
TCS.NS,2019-06-12,2245.0,2266.89990234375,2219.0,2260.89990234375
TCS.NS,2019-06-13,2264.0,2285.0,2243.050048828125,2254.10009765625
TCS.NS,2019-06-14,2257.25,2263.10009765625,2234.0,2254.5
TCS.NS,2019-06-17,2256.0,2262.0,2241.449951171875,2249.199951171875
TCS.NS,2019-06-18,2244.0,2260.0,2231.199951171875,2250.85009765625
TCS.NS,2019-06-19,2255.0,2276.0,2243.14990234375,2259.89990234375
TCS.NS,2019-06-20,2230.0,2284.0,2212.0,2277.949951171875
TCS.NS,2019-06-21,2285.0,2292.5,2242.0,2249.85009765625
TCS.NS,2019-06-24,2254.14990234375,2280.0,2250.800048828125,2275.5
TCS.NS,2019-06-25,2270.0,2274.449951171875,2250.5,2267.800048828125
TCS.NS,2019-06-26,2265.0,2266.800048828125,2250.0,2254.199951171875
TCS.NS,2019-06-27,2255.0,2264.0,2241.300048828125,2252.550048828125
TCS.NS,2019-06-28,2260.0,2261.949951171875,2222.5,2227.199951171875
TCS.NS,2019-07-01,2235.0,2255.0,2206.60009765625,2239.550048828125
TCS.NS,2019-07-02,2244.89990234375,2257.0,2216.449951171875,2252.10009765625
TCS.NS,2019-07-03,2252.199951171875,2258.800048828125,2232.0,2237.64990234375
TCS.NS,2019-07-04,2234.0,2252.0,2230.10009765625,2242.64990234375
TCS.NS,2019-07-05,2247.0,2250.0,2140.0,2163.10009765625
TCS.NS,2019-07-08,2149.0,2188.800048828125,2132.10009765625,2175.39990234375
TCS.NS,2019-07-09,2174.0,2174.39990234375,2104.550048828125,2133.35009765625
TCS.NS,2019-07-10,2080.0,2127.85009765625,2071.300048828125,2108.199951171875
TCS.NS,2019-07-11,2128.0,2129.0,2086.050048828125,2102.550048828125
TCS.NS,2019-07-12,2102.10009765625,2119.75,2093.10009765625,2107.60009765625
TCS.NS,2019-07-15,2125.0,2153.60009765625,2098.0,2145.699951171875
TCS.NS,2019-07-16,2126.0,2132.5,2100.0,2106.0
TCS.NS,2019-07-17,2108.0,2125.0,2092.10009765625,2117.25
TCS.NS,2019-07-18,2116.199951171875,2116.199951171875,2060.0,2065.949951171875
TCS.NS,2019-07-19,2077.0,2097.0,2062.5,2076.949951171875
TCS.NS,2019-07-22,2077.0,2117.449951171875,2068.800048828125,2109.89990234375
TCS.NS,2019-07-23,2127.89990234375,2130.0,2102.39990234375,2112.449951171875
TCS.NS,2019-07-24,2110.0,2120.800048828125,2076.5,2096.800048828125
TCS.NS,2019-07-25,2108.89990234375,2135.0,2092.550048828125,2127.89990234375
TCS.NS,2019-07-26,2129.800048828125,2129.800048828125,2095.0,2109.050048828125
TCS.NS,2019-07-29,2110.800048828125,2142.0,2103.300048828125,2130.0
TCS.NS,2019-07-30,2130.0,2185.0,2120.449951171875,2179.14990234375
TCS.NS,2019-07-31,2171.75,2211.699951171875,2147.14990234375,2205.699951171875
TCS.NS,2019-08-01,2200.0,2217.5,2166.25,2180.050048828125
TCS.NS,2019-08-02,2173.0,2210.0,2165.5,2205.300048828125
TCS.NS,2019-08-05,2199.89990234375,2252.25,2195.60009765625,2248.60009765625
TCS.NS,2019-08-06,2232.800048828125,2251.949951171875,2211.449951171875,2214.89990234375
TCS.NS,2019-08-07,2230.0,2238.5,2207.25,2213.449951171875
TCS.NS,2019-08-08,2228.89990234375,2281.0,2218.89990234375,2258.10009765625
TCS.NS,2019-08-09,2260.0,2267.89990234375,2241.35009765625,2246.25
TCS.NS,2019-08-13,2245.0,2246.25,2194.300048828125,2199.449951171875
TCS.NS,2019-08-14,2181.10009765625,2217.85009765625,2167.39990234375,2204.39990234375
TCS.NS,2019-08-16,2241.39990234375,2241.39990234375,2143.25,2165.10009765625
TCS.NS,2019-08-19,2180.0,2186.0,2157.699951171875,2163.0
TCS.NS,2019-08-20,2172.0,2205.0,2166.5,2186.75
TCS.NS,2019-08-21,2184.949951171875,2202.0,2182.25,2186.199951171875
TCS.NS,2019-08-22,2187.0,2235.64990234375,2170.0,2216.0
TCS.NS,2019-08-23,2214.949951171875,2259.89990234375,2213.89990234375,2247.699951171875
TCS.NS,2019-08-26,2247.0,2282.0,2225.0,2276.300048828125
TCS.NS,2019-08-27,2270.0,2274.85009765625,2229.0,2236.5
TCS.NS,2019-08-28,2240.0,2252.14990234375,2216.0,2239.25
TCS.NS,2019-08-29,2222.199951171875,2248.199951171875,2222.199951171875,2233.449951171875
TCS.NS,2019-08-30,2241.0,2266.0,2218.0,2259.60009765625
TCS.NS,2019-09-03,2270.0,2296.199951171875,2236.949951171875,2251.60009765625
TCS.NS,2019-09-04,2265.0,2270.0,2233.0,2245.39990234375
TCS.NS,2019-09-05,2242.199951171875,2253.64990234375,2207.300048828125,2215.300048828125
TCS.NS,2019-09-06,2216.0,2233.5,2192.60009765625,2197.5
TCS.NS,2019-09-09,2200.0,2202.85009765625,2179.800048828125,2182.85009765625
TCS.NS,2019-09-11,2186.0,2195.0,2146.550048828125,2154.0
TCS.NS,2019-09-12,2155.0,2165.0,2120.35009765625,2133.60009765625
TCS.NS,2019-09-13,2135.0,2157.949951171875,2115.550048828125,2141.949951171875
TCS.NS,2019-09-16,2159.949951171875,2173.39990234375,2126.39990234375,2150.0
TCS.NS,2019-09-17,2154.949951171875,2156.550048828125,2105.60009765625,2122.64990234375
TCS.NS,2019-09-18,2126.39990234375,2142.949951171875,2113.14990234375,2138.550048828125
TCS.NS,2019-09-19,2135.0,2135.800048828125,2091.0,2101.949951171875
TCS.NS,2019-09-20,2104.89990234375,2129.39990234375,2057.0,2065.449951171875
TCS.NS,2019-09-23,2099.0,2099.0,1975.0,2015.800048828125
TCS.NS,2019-09-24,2015.0,2061.0,2013.0,2044.699951171875
TCS.NS,2019-09-25,2065.0,2092.0,2060.050048828125,2088.449951171875
TCS.NS,2019-09-26,2097.89990234375,2107.0,2063.0,2087.60009765625
TCS.NS,2019-09-27,2085.0,2085.199951171875,2051.39990234375,2056.14990234375
TCS.NS,2019-09-30,2061.85009765625,2104.0,2060.0,2099.300048828125
TCS.NS,2019-10-01,2095.949951171875,2095.949951171875,2039.699951171875,2059.949951171875
TCS.NS,2019-10-03,2070.0,2081.14990234375,2046.1500244140625,2060.25
TCS.NS,2019-10-04,2060.60009765625,2087.949951171875,2054.949951171875,2079.35009765625
TCS.NS,2019-10-07,2080.0,2094.5,2041.0,2047.699951171875
TCS.NS,2019-10-09,2060.0,2060.0,2015.5,2020.0999755859375
TCS.NS,2019-10-10,2028.0,2039.050048828125,1997.0999755859375,2004.449951171875
TCS.NS,2019-10-11,1931.0,1995.0,1925.0,1986.8499755859375
TCS.NS,2019-10-14,1995.0,2032.75,1968.0,2021.0
TCS.NS,2019-10-15,2032.0,2047.0,2022.699951171875,2037.300048828125
TCS.NS,2019-10-16,2038.0,2056.0,2016.0,2046.4000244140625
TCS.NS,2019-10-17,2014.0,2038.0,1999.300048828125,2030.949951171875
TCS.NS,2019-10-18,2037.5,2063.89990234375,2025.0,2057.35009765625
TCS.NS,2019-10-22,2080.0,2111.5,2040.050048828125,2051.39990234375
TCS.NS,2019-10-23,2060.0,2083.85009765625,2052.5,2070.10009765625
TCS.NS,2019-10-24,2084.0,2099.0,2061.300048828125,2082.0
TCS.NS,2019-10-25,2094.0,2130.0,2075.050048828125,2124.949951171875
TCS.NS,2019-10-27,2129.0,2129.0,2108.800048828125,2115.699951171875
TCS.NS,2019-10-29,2121.5,2201.699951171875,2121.5,2194.85009765625
TCS.NS,2019-10-30,2225.0,2260.0,2176.85009765625,2252.800048828125
TCS.NS,2019-10-31,2250.0,2284.949951171875,2237.0,2269.64990234375
TCS.NS,2019-11-01,2264.0,2275.0,2195.0,2200.89990234375
TCS.NS,2019-11-04,2207.0,2229.199951171875,2180.89990234375,2193.949951171875
TCS.NS,2019-11-05,2197.0,2211.0,2169.0,2201.85009765625
TCS.NS,2019-11-06,2200.0,2210.800048828125,2179.0,2188.5
TCS.NS,2019-11-07,2204.5,2204.5,2175.199951171875,2185.35009765625
TCS.NS,2019-11-08,2189.60009765625,2189.60009765625,2124.0,2129.949951171875
TCS.NS,2019-11-11,2135.0,2139.0,2091.0,2100.949951171875
TCS.NS,2019-11-13,2118.0,2183.800048828125,2118.0,2178.60009765625
TCS.NS,2019-11-14,2187.5,2200.0,2146.699951171875,2196.800048828125
TCS.NS,2019-11-15,2196.0,2211.5,2168.75,2174.449951171875
TCS.NS,2019-11-18,2178.39990234375,2187.75,2148.75,2152.60009765625
TCS.NS,2019-11-19,2153.0,2154.64990234375,2105.0,2108.800048828125
TCS.NS,2019-11-20,2121.949951171875,2135.0,2094.5,2108.550048828125
TCS.NS,2019-11-21,2112.0,2126.60009765625,2107.39990234375,2118.10009765625
TCS.NS,2019-11-22,2097.0,2107.0,2060.5,2071.699951171875
TCS.NS,2019-11-25,2074.550048828125,2084.949951171875,2052.199951171875,2081.5
TCS.NS,2019-11-26,2089.85009765625,2097.89990234375,2035.050048828125,2046.6500244140625
TCS.NS,2019-11-27,2052.0,2071.699951171875,2046.550048828125,2054.300048828125
TCS.NS,2019-11-28,2067.050048828125,2094.39990234375,2060.0,2077.35009765625
TCS.NS,2019-11-29,2085.0,2085.0,2045.800048828125,2053.25
TCS.NS,2019-12-02,2060.0,2067.699951171875,2016.0,2021.050048828125
TCS.NS,2019-12-03,2027.699951171875,2062.0,2010.0,2051.0
TCS.NS,2019-12-04,2053.0,2082.0,2045.5,2078.5
TCS.NS,2019-12-05,2083.0,2126.800048828125,2068.35009765625,2121.300048828125
TCS.NS,2019-12-06,2124.0,2128.0,2101.0,2123.60009765625
TCS.NS,2019-12-09,2127.949951171875,2127.949951171875,2053.5,2060.449951171875
TCS.NS,2019-12-10,2060.0,2060.85009765625,2003.25,2012.8499755859375
TCS.NS,2019-12-11,2025.4000244140625,2048.0,2006.75,2041.9000244140625
TCS.NS,2019-12-12,2051.10009765625,2083.64990234375,1984.0,2020.9000244140625
TCS.NS,2019-12-13,2023.0,2077.39990234375,2007.0,2071.25
TCS.NS,2019-12-16,2096.0,2136.0,2080.300048828125,2126.75
TCS.NS,2019-12-17,2126.5,2169.0,2119.0,2164.949951171875
TCS.NS,2019-12-18,2174.0,2203.449951171875,2153.0,2167.75
TCS.NS,2019-12-19,2179.800048828125,2236.5,2167.550048828125,2229.050048828125
TCS.NS,2019-12-20,2220.0,2246.699951171875,2208.25,2222.89990234375
TCS.NS,2019-12-23,2210.0,2241.949951171875,2210.0,2231.699951171875
TCS.NS,2019-12-24,2239.0,2243.550048828125,2211.14990234375,2215.60009765625
TCS.NS,2019-12-26,2216.39990234375,2229.0,2195.199951171875,2201.949951171875
TCS.NS,2019-12-27,2208.0,2226.39990234375,2176.0,2198.5
TCS.NS,2019-12-30,2207.0,2225.0,2177.10009765625,2183.199951171875
TCS.NS,2019-12-31,2189.0,2197.0,2157.449951171875,2161.699951171875
TCS.NS,2020-01-01,2168.0,2183.89990234375,2154.0,2167.60009765625
TCS.NS,2020-01-02,2179.949951171875,2179.949951171875,2149.199951171875,2157.64990234375
TCS.NS,2020-01-03,2164.0,2223.0,2164.0,2200.64990234375
TCS.NS,2020-01-06,2205.0,2225.949951171875,2187.89990234375,2200.449951171875
TCS.NS,2020-01-07,2200.5,2214.64990234375,2183.800048828125,2205.85009765625
TCS.NS,2020-01-08,2205.0,2260.0,2202.050048828125,2255.25
TCS.NS,2020-01-09,2248.75,2251.949951171875,2210.0,2214.35009765625
TCS.NS,2020-01-10,2228.0,2234.0,2208.0,2213.550048828125
TCS.NS,2020-01-13,2217.85009765625,2218.949951171875,2184.699951171875,2190.35009765625
TCS.NS,2020-01-14,2195.0,2229.800048828125,2195.0,2206.89990234375
TCS.NS,2020-01-15,2213.0,2231.0,2194.199951171875,2226.89990234375
TCS.NS,2020-01-16,2226.949951171875,2249.0,2215.0,2238.800048828125
TCS.NS,2020-01-17,2240.75,2253.550048828125,2213.0,2219.10009765625
TCS.NS,2020-01-20,2194.89990234375,2242.199951171875,2156.199951171875,2170.35009765625
TCS.NS,2020-01-21,2169.949951171875,2186.550048828125,2158.050048828125,2171.050048828125
TCS.NS,2020-01-22,2181.0,2210.0,2173.699951171875,2206.89990234375
TCS.NS,2020-01-23,2209.800048828125,2217.75,2183.699951171875,2190.949951171875
TCS.NS,2020-01-24,2190.949951171875,2190.949951171875,2170.0,2183.39990234375
TCS.NS,2020-01-27,2189.699951171875,2193.449951171875,2165.0,2169.25
TCS.NS,2020-01-28,2174.0,2187.800048828125,2152.0,2183.75
TCS.NS,2020-01-29,2185.0,2186.949951171875,2150.0,2154.60009765625
TCS.NS,2020-01-30,2160.0,2165.0,2125.0,2137.85009765625
TCS.NS,2020-01-31,2139.39990234375,2144.35009765625,2071.60009765625,2079.050048828125
TCS.NS,2020-02-03,2152.0,2194.699951171875,2093.199951171875,2102.5
TCS.NS,2020-02-04,2129.0,2136.699951171875,2086.60009765625,2107.75
TCS.NS,2020-02-05,2115.0,2156.699951171875,2104.300048828125,2146.550048828125
TCS.NS,2020-02-06,2145.0,2174.199951171875,2115.5,2128.35009765625
TCS.NS,2020-02-07,2139.0,2151.0,2119.0,2136.550048828125
TCS.NS,2020-02-10,2140.89990234375,2167.0,2119.0,2161.949951171875
TCS.NS,2020-02-11,2163.0,2174.800048828125,2147.60009765625,2153.39990234375
TCS.NS,2020-02-12,2151.10009765625,2185.0,2150.0,2170.75
TCS.NS,2020-02-13,2172.949951171875,2197.0,2171.0,2191.949951171875
TCS.NS,2020-02-14,2188.0,2212.0,2171.0,2184.199951171875
TCS.NS,2020-02-17,2196.949951171875,2217.0,2190.199951171875,2203.25
TCS.NS,2020-02-18,2199.949951171875,2221.0,2186.050048828125,2215.75
TCS.NS,2020-02-19,2215.75,2230.0,2190.5,2196.35009765625
TCS.NS,2020-02-20,2204.5,2214.39990234375,2151.25,2156.800048828125
TCS.NS,2020-02-24,2156.0,2178.949951171875,2106.699951171875,2115.35009765625
TCS.NS,2020-02-25,2115.5,2176.64990234375,2111.0,2156.14990234375
TCS.NS,2020-02-26,2154.0,2163.89990234375,2112.949951171875,2123.60009765625
TCS.NS,2020-02-27,2119.949951171875,2119.949951171875,2086.199951171875,2105.5
TCS.NS,2020-02-28,2068.0,2069.5,1990.0,2000.1500244140625
TCS.NS,2020-03-02,2035.0,2053.949951171875,1985.699951171875,2001.300048828125
TCS.NS,2020-03-03,2020.0,2060.0,2012.0,2036.199951171875
TCS.NS,2020-03-04,2056.0,2094.449951171875,2025.0,2083.199951171875
TCS.NS,2020-03-05,2085.699951171875,2147.75,2084.050048828125,2125.050048828125
TCS.NS,2020-03-06,2098.0,2123.64990234375,2071.60009765625,2116.449951171875
TCS.NS,2020-03-09,2075.0,2079.89990234375,1935.0,1972.3499755859375
TCS.NS,2020-03-11,1933.0,1987.300048828125,1920.0,1953.699951171875
TCS.NS,2020-03-12,1904.0,1908.4000244140625,1758.3499755859375,1769.8499755859375
TCS.NS,2020-03-13,1687.9000244140625,1820.0,1506.050048828125,1806.300048828125
TCS.NS,2020-03-16,1755.0,1842.25,1675.8499755859375,1696.4000244140625
TCS.NS,2020-03-17,1730.0,1731.0,1623.1500244140625,1658.0
TCS.NS,2020-03-18,1676.800048828125,1713.550048828125,1627.75,1654.4000244140625
TCS.NS,2020-03-19,1559.699951171875,1685.449951171875,1546.75,1636.3499755859375
TCS.NS,2020-03-20,1630.0,1869.0,1627.0,1797.449951171875
TCS.NS,2020-03-23,1620.0,1750.0,1617.75,1669.699951171875
TCS.NS,2020-03-24,1653.050048828125,1770.0,1632.8499755859375,1703.1500244140625
TCS.NS,2020-03-25,1700.0,1810.0,1680.0,1750.300048828125
TCS.NS,2020-03-26,1831.5999755859375,1832.050048828125,1722.550048828125,1790.949951171875
TCS.NS,2020-03-27,1820.0,1850.0,1750.4000244140625,1824.5
TCS.NS,2020-03-30,1766.0,1905.0,1763.550048828125,1778.5
TCS.NS,2020-03-31,1837.4000244140625,1855.0,1780.0,1826.0999755859375
TCS.NS,2020-04-01,1825.9000244140625,1834.75,1702.0,1708.75
TCS.NS,2020-04-03,1740.0,1740.0,1650.0,1654.199951171875
TCS.NS,2020-04-07,1710.0,1785.8499755859375,1705.0,1775.199951171875
TCS.NS,2020-04-08,1760.0,1806.0,1701.0,1705.449951171875
TCS.NS,2020-04-09,1750.449951171875,1778.800048828125,1731.199951171875,1766.1500244140625
TCS.NS,2020-04-13,1761.0,1787.0,1746.0,1759.25
TCS.NS,2020-04-15,1785.0,1812.0,1727.800048828125,1735.1500244140625
TCS.NS,2020-04-16,1709.949951171875,1764.9000244140625,1675.050048828125,1716.050048828125
TCS.NS,2020-04-17,1800.0,1851.949951171875,1753.0,1806.199951171875
TCS.NS,2020-04-20,1830.0,1830.0,1802.5,1818.6500244140625
TCS.NS,2020-04-21,1765.0,1794.5999755859375,1727.699951171875,1737.6500244140625
TCS.NS,2020-04-22,1737.6500244140625,1790.0,1719.1500244140625,1769.5
TCS.NS,2020-04-23,1780.0,1900.0,1760.8499755859375,1878.25
TCS.NS,2020-04-24,1840.699951171875,1851.949951171875,1807.800048828125,1818.550048828125
TCS.NS,2020-04-27,1832.300048828125,1875.0,1825.0,1836.5999755859375
TCS.NS,2020-04-28,1865.0,1868.0,1832.5999755859375,1859.050048828125
TCS.NS,2020-04-29,1874.0,1912.550048828125,1850.050048828125,1905.6500244140625
TCS.NS,2020-04-30,1980.0,2032.0,1942.199951171875,2014.449951171875
TCS.NS,2020-05-04,1966.0,1966.0,1913.6500244140625,1930.449951171875
TCS.NS,2020-05-05,1955.0999755859375,1977.0,1927.0,1932.75
TCS.NS,2020-05-06,1939.800048828125,1953.699951171875,1893.5999755859375,1903.5999755859375
TCS.NS,2020-05-07,1910.0,1934.449951171875,1883.3499755859375,1891.6500244140625
TCS.NS,2020-05-08,1939.0999755859375,1939.5,1886.25,1893.4000244140625
TCS.NS,2020-05-11,1909.0,1951.4000244140625,1909.0,1935.300048828125
TCS.NS,2020-05-12,1933.4000244140625,1956.5,1910.25,1949.5
TCS.NS,2020-05-13,1994.0,1994.0,1925.6500244140625,1949.6500244140625
TCS.NS,2020-05-14,1910.0,1923.0999755859375,1891.0999755859375,1902.3499755859375
TCS.NS,2020-05-15,1916.0,1917.4000244140625,1865.199951171875,1892.9000244140625
TCS.NS,2020-05-18,1907.0,1952.949951171875,1872.0999755859375,1945.5999755859375
TCS.NS,2020-05-19,1903.0,1966.449951171875,1903.0,1948.6500244140625
TCS.NS,2020-05-20,1950.0,1962.9000244140625,1931.699951171875,1953.5999755859375
TCS.NS,2020-05-21,1946.0,1998.0,1941.1500244140625,1991.199951171875
TCS.NS,2020-05-22,1977.0999755859375,2032.0,1961.25,2020.3499755859375
TCS.NS,2020-05-26,2015.0,2024.0,1925.0,1943.0
TCS.NS,2020-05-27,1959.0,2010.0,1941.25,2005.300048828125
TCS.NS,2020-05-28,1988.5,2014.0,1971.300048828125,2004.300048828125
TCS.NS,2020-05-29,1982.0,2002.6500244140625,1962.4000244140625,1972.3499755859375
TCS.NS,2020-06-01,1990.0,2060.0,1981.0999755859375,2045.25
TCS.NS,2020-06-02,2060.199951171875,2081.0,2040.050048828125,2047.1500244140625
TCS.NS,2020-06-03,2051.85009765625,2063.75,2020.0,2046.1500244140625
TCS.NS,2020-06-04,2046.75,2100.0,2046.75,2091.550048828125
TCS.NS,2020-06-05,2091.60009765625,2098.0,2040.300048828125,2048.25
TCS.NS,2020-06-08,2078.25,2095.0,2062.10009765625,2071.75
TCS.NS,2020-06-09,2063.10009765625,2095.5,2060.25,2072.050048828125
TCS.NS,2020-06-10,2077.050048828125,2132.0,2073.5,2108.75
TCS.NS,2020-06-11,2100.0,2105.0,2061.800048828125,2067.64990234375
TCS.NS,2020-06-12,2011.199951171875,2049.199951171875,2011.0,2039.5
TCS.NS,2020-06-15,2039.0999755859375,2059.0,2000.949951171875,2029.9000244140625
TCS.NS,2020-06-16,2065.0,2073.949951171875,2031.0,2045.800048828125
TCS.NS,2020-06-17,2046.0,2058.85009765625,2026.550048828125,2047.800048828125
TCS.NS,2020-06-18,2045.0,2059.199951171875,2025.199951171875,2038.0999755859375
TCS.NS,2020-06-19,2042.0,2090.0,2032.0,2044.5999755859375
TCS.NS,2020-06-22,2050.0,2052.25,2019.1500244140625,2027.949951171875
TCS.NS,2020-06-23,2027.0,2044.0,2010.0,2035.300048828125
TCS.NS,2020-06-24,2034.0,2064.25,2031.5999755859375,2042.199951171875
TCS.NS,2020-06-25,2035.0,2060.0,2009.25,2016.0999755859375
TCS.NS,2020-06-26,2025.0,2132.0,2019.949951171875,2118.85009765625
TCS.NS,2020-06-29,2108.0,2127.60009765625,2091.300048828125,2101.64990234375
TCS.NS,2020-06-30,2100.0,2111.89990234375,2075.050048828125,2082.14990234375
TCS.NS,2020-07-01,2079.699951171875,2113.949951171875,2079.5,2092.050048828125
TCS.NS,2020-07-02,2102.0,2165.0,2098.0,2157.14990234375
TCS.NS,2020-07-03,2163.64990234375,2205.0,2160.25,2199.64990234375
TCS.NS,2020-07-06,2205.0,2269.89990234375,2205.0,2263.199951171875
TCS.NS,2020-07-07,2275.0,2302.699951171875,2232.14990234375,2269.89990234375
TCS.NS,2020-07-08,2270.0,2274.39990234375,2207.60009765625,2218.89990234375
TCS.NS,2020-07-09,2229.0,2244.5,2191.050048828125,2204.35009765625
TCS.NS,2020-07-10,2205.25,2249.85009765625,2176.0,2222.35009765625
TCS.NS,2020-07-13,2220.0,2244.949951171875,2210.0,2220.0
TCS.NS,2020-07-14,2210.0,2239.0,2165.0,2171.949951171875
TCS.NS,2020-07-15,2185.0,2260.0,2181.10009765625,2233.89990234375
TCS.NS,2020-07-16,2244.0,2333.0,2220.10009765625,2234.75
TCS.NS,2020-07-17,2237.0,2243.89990234375,2190.050048828125,2200.75
TCS.NS,2020-07-20,2201.0,2226.89990234375,2190.800048828125,2207.89990234375
TCS.NS,2020-07-21,2230.0,2238.64990234375,2201.14990234375,2225.050048828125
TCS.NS,2020-07-22,2231.0,2231.0,2184.199951171875,2190.949951171875
TCS.NS,2020-07-23,2190.949951171875,2190.949951171875,2163.0,2171.199951171875
TCS.NS,2020-07-24,2154.5,2163.0,2125.10009765625,2157.39990234375
TCS.NS,2020-07-27,2165.0,2215.0,2163.5,2206.800048828125
TCS.NS,2020-07-28,2215.0,2320.0,2215.0,2309.75
TCS.NS,2020-07-29,2292.0,2342.0,2246.050048828125,2276.050048828125
TCS.NS,2020-07-30,2285.89990234375,2358.0,2272.25,2279.5
TCS.NS,2020-07-31,2303.14990234375,2334.800048828125,2257.449951171875,2281.39990234375
TCS.NS,2020-08-03,2290.449951171875,2303.85009765625,2230.699951171875,2254.14990234375
TCS.NS,2020-08-04,2259.949951171875,2269.64990234375,2225.050048828125,2249.699951171875
TCS.NS,2020-08-05,2260.0,2300.0,2253.0,2259.5
TCS.NS,2020-08-06,2275.0,2319.5,2265.35009765625,2308.10009765625
TCS.NS,2020-08-07,2308.0,2328.0,2287.0,2295.35009765625
TCS.NS,2020-08-10,2318.0,2325.0,2276.050048828125,2282.800048828125
TCS.NS,2020-08-11,2283.0,2312.0,2275.60009765625,2279.89990234375
TCS.NS,2020-08-12,2288.35009765625,2296.39990234375,2246.550048828125,2257.35009765625
TCS.NS,2020-08-13,2273.0,2300.0,2250.5,2254.449951171875
TCS.NS,2020-08-14,2277.0,2281.300048828125,2233.10009765625,2242.14990234375
TCS.NS,2020-08-17,2263.0,2270.0,2238.25,2253.39990234375
TCS.NS,2020-08-18,2262.800048828125,2289.0,2248.300048828125,2269.75
TCS.NS,2020-08-19,2276.35009765625,2284.60009765625,2252.5,2256.60009765625
TCS.NS,2020-08-20,2257.0,2276.550048828125,2240.050048828125,2252.85009765625
TCS.NS,2020-08-21,2260.0,2271.0,2241.050048828125,2248.60009765625
TCS.NS,2020-08-24,2250.60009765625,2259.949951171875,2230.0,2248.10009765625
TCS.NS,2020-08-25,2245.0,2250.0,2233.550048828125,2242.64990234375
TCS.NS,2020-08-26,2242.0,2259.89990234375,2216.449951171875,2253.5
TCS.NS,2020-08-27,2266.0,2287.35009765625,2241.75,2248.39990234375
TCS.NS,2020-08-28,2268.39990234375,2279.949951171875,2235.10009765625,2238.550048828125
TCS.NS,2020-08-31,2240.0,2276.199951171875,2228.0,2257.25
TCS.NS,2020-09-01,2269.0,2278.0,2241.300048828125,2246.35009765625
TCS.NS,2020-09-02,2247.0,2268.75,2241.64990234375,2265.14990234375
TCS.NS,2020-09-03,2268.0,2324.0,2268.0,2299.5
TCS.NS,2020-09-04,2275.0,2324.25,2262.949951171875,2288.800048828125
TCS.NS,2020-09-07,2289.0,2343.5,2283.35009765625,2327.050048828125
TCS.NS,2020-09-08,2335.949951171875,2390.449951171875,2327.050048828125,2348.199951171875
TCS.NS,2020-09-09,2325.0,2359.0,2320.0,2327.64990234375
TCS.NS,2020-09-10,2335.0,2348.5,2324.300048828125,2331.14990234375
TCS.NS,2020-09-11,2330.949951171875,2383.0,2330.14990234375,2374.10009765625
TCS.NS,2020-09-14,2384.10009765625,2505.75,2381.85009765625,2491.39990234375
TCS.NS,2020-09-15,2491.39990234375,2538.0,2464.60009765625,2491.39990234375
TCS.NS,2020-09-16,2488.949951171875,2507.60009765625,2477.300048828125,2503.0
TCS.NS,2020-09-17,2480.0,2495.75,2450.60009765625,2460.949951171875
TCS.NS,2020-09-18,2485.0,2500.39990234375,2436.39990234375,2449.89990234375
TCS.NS,2020-09-21,2465.0,2504.89990234375,2452.14990234375,2465.300048828125
TCS.NS,2020-09-22,2485.0,2555.0,2458.0,2522.949951171875
TCS.NS,2020-09-23,2510.0,2519.85009765625,2409.0,2467.449951171875
TCS.NS,2020-09-24,2450.0,2450.0,2302.60009765625,2332.25
TCS.NS,2020-09-25,2368.0,2440.0,2352.10009765625,2422.300048828125
TCS.NS,2020-09-28,2440.0,2444.0,2366.0,2426.300048828125
TCS.NS,2020-09-29,2434.85009765625,2511.050048828125,2426.300048828125,2488.39990234375
TCS.NS,2020-09-30,2489.0,2505.0,2460.0,2492.300048828125
TCS.NS,2020-10-01,2510.0,2540.0,2492.300048828125,2523.449951171875
TCS.NS,2020-10-05,2620.0,2728.10009765625,2603.050048828125,2705.800048828125
TCS.NS,2020-10-06,2736.0,2736.0,2650.10009765625,2714.300048828125
TCS.NS,2020-10-07,2742.0,2770.0,2703.0,2735.949951171875
TCS.NS,2020-10-08,2800.0,2885.0,2800.0,2825.699951171875
TCS.NS,2020-10-09,2810.0,2829.85009765625,2780.0,2812.949951171875
TCS.NS,2020-10-12,2815.5,2854.0,2800.75,2830.0
TCS.NS,2020-10-13,2845.0,2854.89990234375,2812.199951171875,2826.550048828125
TCS.NS,2020-10-14,2842.0,2842.0,2787.550048828125,2809.60009765625
TCS.NS,2020-10-15,2811.0,2827.75,2727.0,2740.60009765625
TCS.NS,2020-10-16,2750.10009765625,2771.64990234375,2731.300048828125,2763.300048828125
TCS.NS,2020-10-19,2774.0,2774.0,2706.60009765625,2711.550048828125
TCS.NS,2020-10-20,2725.0,2759.89990234375,2717.949951171875,2739.0
TCS.NS,2020-10-21,2739.0,2749.0,2663.050048828125,2675.39990234375
TCS.NS,2020-10-22,2661.0,2686.64990234375,2638.10009765625,2671.14990234375
TCS.NS,2020-10-23,2687.800048828125,2702.0,2670.10009765625,2686.800048828125
TCS.NS,2020-10-26,2689.949951171875,2709.949951171875,2670.5,2688.199951171875
TCS.NS,2020-10-27,2699.75,2718.14990234375,2624.10009765625,2630.14990234375
TCS.NS,2020-10-28,2650.0,2655.949951171875,2606.0,2622.199951171875
TCS.NS,2020-10-29,2608.0,2655.0,2600.25,2632.64990234375
TCS.NS,2020-10-30,2636.10009765625,2674.35009765625,2621.60009765625,2664.85009765625
TCS.NS,2020-11-02,2660.0,2664.85009765625,2600.050048828125,2604.60009765625
TCS.NS,2020-11-03,2604.0,2665.0,2601.050048828125,2633.60009765625
TCS.NS,2020-11-04,2610.0,2721.85009765625,2610.0,2653.14990234375
TCS.NS,2020-11-05,2685.0,2710.0,2667.0,2685.699951171875
TCS.NS,2020-11-06,2699.0,2713.25,2681.300048828125,2707.449951171875
TCS.NS,2020-11-09,2731.10009765625,2744.0,2695.10009765625,2726.60009765625
TCS.NS,2020-11-10,2697.199951171875,2713.14990234375,2638.35009765625,2649.60009765625
TCS.NS,2020-11-11,2667.949951171875,2692.800048828125,2643.39990234375,2687.800048828125
TCS.NS,2020-11-12,2686.0,2713.0,2661.75,2671.050048828125
TCS.NS,2020-11-13,2655.75,2664.89990234375,2636.0,2656.85009765625
TCS.NS,2020-11-14,2677.949951171875,2689.0,2660.050048828125,2670.35009765625
TCS.NS,2020-11-17,2695.0,2695.0,2650.050048828125,2666.050048828125
TCS.NS,2020-11-18,2661.0,2664.199951171875,2607.050048828125,2626.64990234375
TCS.NS,2020-11-19,2637.0,2676.14990234375,2630.85009765625,2636.89990234375
TCS.NS,2020-11-20,2655.0,2676.0,2627.550048828125,2660.25
TCS.NS,2020-11-23,2690.0,2730.0,2665.0,2724.25
TCS.NS,2020-11-24,2734.39990234375,2743.0,2705.0,2722.050048828125
TCS.NS,2020-11-25,2729.0,2732.949951171875,2688.199951171875,2701.300048828125
TCS.NS,2020-11-26,2686.0,2730.949951171875,2680.0,2720.60009765625
TCS.NS,2020-11-27,2705.0,2717.699951171875,2669.050048828125,2679.64990234375
TCS.NS,2020-12-01,2679.0,2735.89990234375,2624.449951171875,2726.800048828125
TCS.NS,2020-12-02,2719.0,2754.699951171875,2702.449951171875,2749.550048828125
TCS.NS,2020-12-03,2773.89990234375,2773.89990234375,2700.800048828125,2709.449951171875
TCS.NS,2020-12-04,2710.800048828125,2738.85009765625,2699.0,2727.550048828125
TCS.NS,2020-12-07,2715.0,2744.0,2706.14990234375,2737.699951171875
TCS.NS,2020-12-08,2740.0,2805.550048828125,2732.449951171875,2797.300048828125
TCS.NS,2020-12-09,2815.0,2840.0,2793.14990234375,2810.800048828125
TCS.NS,2020-12-10,2818.0,2827.300048828125,2780.25,2784.300048828125
TCS.NS,2020-12-11,2792.699951171875,2807.699951171875,2764.550048828125,2783.60009765625
TCS.NS,2020-12-14,2802.0,2804.0,2756.25,2797.699951171875
TCS.NS,2020-12-15,2786.0,2794.699951171875,2755.0,2761.550048828125
TCS.NS,2020-12-16,2779.0,2819.800048828125,2760.449951171875,2814.199951171875
TCS.NS,2020-12-17,2811.0,2853.699951171875,2805.0,2838.199951171875
TCS.NS,2020-12-18,2868.0,2898.0,2846.199951171875,2861.0
TCS.NS,2020-12-21,2861.0,2886.5,2785.0,2820.14990234375
TCS.NS,2020-12-22,2834.0,2883.64990234375,2818.64990234375,2872.5
TCS.NS,2020-12-23,2876.050048828125,2919.0,2865.449951171875,2908.75
TCS.NS,2020-12-24,2909.0,2921.35009765625,2883.199951171875,2909.35009765625
TCS.NS,2020-12-28,2910.0,2949.699951171875,2902.0,2929.39990234375
TCS.NS,2020-12-29,2920.0,2952.0,2920.0,2930.5
TCS.NS,2020-12-30,2934.39990234375,2947.699951171875,2902.0,2909.300048828125
TCS.NS,2020-12-31,2900.0,2905.0,2845.0,2862.75
TCS.NS,2021-01-01,2880.0,2940.0,2879.0,2928.25
TCS.NS,2021-01-04,2950.0,3050.75,2940.949951171875,3039.449951171875
TCS.NS,2021-01-05,3039.60009765625,3114.25,3039.60009765625,3093.0
TCS.NS,2021-01-06,3100.0,3113.5,3037.199951171875,3051.5
TCS.NS,2021-01-07,3075.0,3080.85009765625,3000.25,3032.800048828125
TCS.NS,2021-01-08,3090.0,3128.0,3060.0,3120.89990234375
TCS.NS,2021-01-11,3230.0,3230.0,3146.550048828125,3176.449951171875
TCS.NS,2021-01-12,3176.449951171875,3210.0,3150.0,3174.85009765625
TCS.NS,2021-01-13,3175.0,3177.0,3126.25,3158.949951171875
TCS.NS,2021-01-14,3155.0,3266.5,3120.39990234375,3250.699951171875
TCS.NS,2021-01-15,3235.0,3274.0,3210.0,3233.35009765625
TCS.NS,2021-01-18,3250.0,3256.75,3187.39990234375,3221.75
TCS.NS,2021-01-19,3233.0,3279.0,3232.0,3260.699951171875
TCS.NS,2021-01-20,3270.0,3327.949951171875,3267.10009765625,3308.800048828125
TCS.NS,2021-01-21,3305.0,3309.14990234375,3262.10009765625,3273.85009765625
TCS.NS,2021-01-22,3241.89990234375,3325.0,3241.89990234375,3303.10009765625
TCS.NS,2021-01-25,3308.949951171875,3339.800048828125,3278.64990234375,3291.300048828125
TCS.NS,2021-01-27,3300.0,3306.449951171875,3227.0,3261.050048828125
TCS.NS,2021-01-28,3230.0,3275.0,3183.800048828125,3196.550048828125
TCS.NS,2021-01-29,3210.050048828125,3216.85009765625,3100.0,3111.35009765625
TCS.NS,2021-02-01,3100.0,3165.0,3044.10009765625,3139.35009765625
TCS.NS,2021-02-02,3174.0,3224.0,3150.0,3203.449951171875
TCS.NS,2021-02-03,3213.0,3236.0,3162.64990234375,3200.050048828125
TCS.NS,2021-02-04,3216.050048828125,3237.85009765625,3176.0,3188.449951171875
TCS.NS,2021-02-05,3198.949951171875,3205.85009765625,3129.0,3157.949951171875
TCS.NS,2021-02-08,3189.5,3226.0,3155.14990234375,3214.10009765625
TCS.NS,2021-02-09,3195.0,3245.800048828125,3164.0,3176.89990234375
TCS.NS,2021-02-10,3185.0,3219.39990234375,3157.300048828125,3213.300048828125
TCS.NS,2021-02-11,3215.0,3219.300048828125,3185.050048828125,3206.0
TCS.NS,2021-02-12,3184.199951171875,3245.5,3182.0,3190.800048828125
TCS.NS,2021-02-15,3209.0,3209.0,3131.550048828125,3139.85009765625
TCS.NS,2021-02-16,3150.0,3167.64990234375,3100.0,3108.800048828125
TCS.NS,2021-02-17,3105.10009765625,3132.85009765625,3045.550048828125,3073.10009765625
TCS.NS,2021-02-18,3065.0,3097.89990234375,3031.0,3057.35009765625
TCS.NS,2021-02-19,3058.0,3087.14990234375,3016.14990234375,3071.85009765625
TCS.NS,2021-02-22,3096.0,3096.0,2943.14990234375,2958.449951171875
TCS.NS,2021-02-23,2970.0,3028.0,2968.0,2980.199951171875
TCS.NS,2021-02-24,2972.0,3003.35009765625,2921.14990234375,2948.10009765625
TCS.NS,2021-02-25,2974.0,3029.89990234375,2968.449951171875,2995.300048828125
TCS.NS,2021-02-26,2960.0,2972.35009765625,2880.0,2894.300048828125
TCS.NS,2021-03-01,2926.0,2965.0,2901.800048828125,2924.199951171875
TCS.NS,2021-03-02,2960.0,3025.0,2948.0,3006.35009765625
TCS.NS,2021-03-03,3035.0,3064.0,2996.89990234375,3059.10009765625
TCS.NS,2021-03-04,3023.0,3081.449951171875,3016.050048828125,3049.699951171875
TCS.NS,2021-03-05,3016.10009765625,3063.199951171875,2996.60009765625,3008.050048828125
TCS.NS,2021-03-08,3016.0,3033.0,2996.0,3006.949951171875
TCS.NS,2021-03-09,3006.949951171875,3066.89990234375,2992.10009765625,3050.949951171875
TCS.NS,2021-03-10,3075.0,3093.199951171875,3060.0,3070.949951171875
TCS.NS,2021-03-12,3075.0,3117.0,3041.35009765625,3057.949951171875
TCS.NS,2021-03-15,3041.0,3099.0,3041.0,3066.14990234375
TCS.NS,2021-03-16,3060.0,3141.0,3060.0,3110.050048828125
TCS.NS,2021-03-17,3105.0,3155.0,3085.300048828125,3112.949951171875
TCS.NS,2021-03-18,3125.949951171875,3146.449951171875,2987.050048828125,3036.5
TCS.NS,2021-03-19,3030.0,3099.0,3005.0,3050.199951171875
TCS.NS,2021-03-22,3048.699951171875,3139.449951171875,3018.64990234375,3129.64990234375
TCS.NS,2021-03-23,3140.0,3169.0,3122.85009765625,3142.60009765625
TCS.NS,2021-03-24,3111.199951171875,3152.300048828125,3111.14990234375,3121.10009765625
TCS.NS,2021-03-25,3112.199951171875,3130.85009765625,3050.0,3064.85009765625
TCS.NS,2021-03-26,3090.64990234375,3118.0,3043.050048828125,3066.800048828125
TCS.NS,2021-03-30,3083.0,3188.449951171875,3060.89990234375,3158.550048828125
TCS.NS,2021-03-31,3155.0,3205.0,3132.0,3177.85009765625
TCS.NS,2021-04-01,3191.10009765625,3215.0,3145.0,3165.0
TCS.NS,2021-04-05,3171.0,3263.0,3151.0,3238.89990234375
TCS.NS,2021-04-06,3275.0,3275.0,3230.0,3264.699951171875
TCS.NS,2021-04-07,3259.0,3277.550048828125,3234.800048828125,3271.39990234375
TCS.NS,2021-04-08,3270.0,3335.0,3266.050048828125,3317.35009765625
TCS.NS,2021-04-09,3354.0,3354.35009765625,3308.0,3322.25
TCS.NS,2021-04-12,3322.25,3338.10009765625,3213.199951171875,3246.550048828125
TCS.NS,2021-04-13,3214.0,3214.0,3073.050048828125,3104.050048828125
TCS.NS,2021-04-15,3160.300048828125,3237.25,3087.449951171875,3218.949951171875
TCS.NS,2021-04-16,3229.0,3247.0,3182.60009765625,3195.14990234375
TCS.NS,2021-04-19,3169.0,3189.0,3135.10009765625,3161.800048828125
TCS.NS,2021-04-20,3225.0,3225.35009765625,3126.35009765625,3144.550048828125
TCS.NS,2021-04-22,3148.0,3148.0,3105.25,3118.800048828125
TCS.NS,2021-04-23,3105.0,3119.0,3091.050048828125,3109.5
TCS.NS,2021-04-26,3102.050048828125,3153.0,3088.050048828125,3100.800048828125
TCS.NS,2021-04-27,3106.0,3136.10009765625,3103.0,3132.0
TCS.NS,2021-04-28,3149.949951171875,3151.0,3112.0,3124.10009765625
TCS.NS,2021-04-29,3145.60009765625,3157.35009765625,3105.5,3115.25
TCS.NS,2021-04-30,3099.0,3132.050048828125,3020.0,3035.64990234375
TCS.NS,2021-05-03,3024.89990234375,3055.0,3004.0,3037.0
TCS.NS,2021-05-04,3062.800048828125,3090.0,3035.0,3049.75
TCS.NS,2021-05-05,3070.0,3099.39990234375,3052.39990234375,3095.699951171875
TCS.NS,2021-05-06,3105.5,3134.0,3074.0,3111.449951171875
TCS.NS,2021-05-07,3133.0,3159.85009765625,3111.800048828125,3132.89990234375
TCS.NS,2021-05-10,3145.949951171875,3164.199951171875,3125.0,3145.5
TCS.NS,2021-05-11,3125.0,3128.10009765625,3091.14990234375,3122.60009765625
TCS.NS,2021-05-12,3120.0,3120.0,3070.60009765625,3087.60009765625
TCS.NS,2021-05-14,3098.5,3098.5,3040.0,3051.5
TCS.NS,2021-05-17,3055.0,3075.199951171875,3036.0,3069.75
TCS.NS,2021-05-18,3100.0,3124.0,3078.0,3088.800048828125
TCS.NS,2021-05-19,3084.0,3118.0,3067.10009765625,3082.0
TCS.NS,2021-05-20,3067.10009765625,3088.800048828125,3052.10009765625,3060.0
TCS.NS,2021-05-21,3061.0,3088.199951171875,3055.10009765625,3080.5
TCS.NS,2021-05-24,3081.5,3105.0,3072.0,3081.5
TCS.NS,2021-05-25,3092.0,3128.25,3082.10009765625,3114.0
TCS.NS,2021-05-26,3120.0,3165.0,3103.800048828125,3158.5
TCS.NS,2021-05-27,3161.949951171875,3217.75,3161.800048828125,3180.0
TCS.NS,2021-05-28,3189.5,3198.0,3135.64990234375,3143.60009765625
TCS.NS,2021-05-31,3150.0,3170.35009765625,3128.60009765625,3159.14990234375
TCS.NS,2021-06-01,3168.60009765625,3169.949951171875,3132.0,3153.0
TCS.NS,2021-06-02,3150.85009765625,3159.449951171875,3115.0,3129.449951171875
TCS.NS,2021-06-03,3154.550048828125,3154.550048828125,3122.64990234375,3141.25
TCS.NS,2021-06-04,3128.0,3156.85009765625,3125.0,3143.75
TCS.NS,2021-06-07,3145.0,3190.449951171875,3133.60009765625,3183.199951171875
TCS.NS,2021-06-08,3198.0,3231.0,3187.199951171875,3200.14990234375
TCS.NS,2021-06-09,3202.0,3220.0,3186.199951171875,3200.25
TCS.NS,2021-06-10,3210.0,3224.0,3193.0,3216.800048828125
TCS.NS,2021-06-11,3211.550048828125,3309.0,3211.0,3273.800048828125
TCS.NS,2021-06-14,3279.0,3308.699951171875,3270.35009765625,3276.35009765625
TCS.NS,2021-06-15,3298.0,3298.0,3251.550048828125,3262.75
TCS.NS,2021-06-16,3262.10009765625,3294.699951171875,3253.0,3274.35009765625
TCS.NS,2021-06-17,3265.5,3336.050048828125,3260.0,3317.75
TCS.NS,2021-06-18,3350.89990234375,3358.0,3275.0,3297.300048828125
TCS.NS,2021-06-21,3265.0,3286.0,3251.699951171875,3273.10009765625
TCS.NS,2021-06-22,3304.0,3327.050048828125,3285.0,3301.199951171875
TCS.NS,2021-06-23,3329.0,3329.0,3256.39990234375,3261.39990234375
TCS.NS,2021-06-24,3284.0,3383.0,3278.5,3373.60009765625
TCS.NS,2021-06-25,3375.25,3399.64990234375,3350.0,3380.800048828125
TCS.NS,2021-06-28,3391.5,3391.5,3333.0,3336.75
TCS.NS,2021-06-29,3342.0,3366.300048828125,3326.5,3340.85009765625
TCS.NS,2021-06-30,3346.0,3382.0,3338.5,3345.75
TCS.NS,2021-07-01,3358.0,3362.0,3332.35009765625,3341.5
TCS.NS,2021-07-02,3331.0,3339.699951171875,3295.199951171875,3325.449951171875
TCS.NS,2021-07-05,3342.0,3374.0,3302.0,3321.0
TCS.NS,2021-07-06,3313.0,3328.0,3256.10009765625,3262.300048828125
TCS.NS,2021-07-07,3275.0,3282.699951171875,3241.60009765625,3274.949951171875
TCS.NS,2021-07-08,3298.0,3298.0,3231.89990234375,3258.5
TCS.NS,2021-07-09,3250.0,3282.0,3201.0,3208.14990234375
TCS.NS,2021-07-12,3235.0,3236.0,3188.35009765625,3193.10009765625
TCS.NS,2021-07-13,3214.0,3214.0,3175.0,3187.550048828125
TCS.NS,2021-07-14,3187.0,3222.0,3185.0,3214.550048828125
TCS.NS,2021-07-15,3227.60009765625,3231.85009765625,3194.0,3202.949951171875
TCS.NS,2021-07-16,3213.0,3219.85009765625,3192.0,3194.800048828125
TCS.NS,2021-07-19,3180.0,3199.800048828125,3176.0,3184.60009765625
TCS.NS,2021-07-20,3184.60009765625,3215.0,3156.14990234375,3205.800048828125
TCS.NS,2021-07-22,3190.0,3224.949951171875,3190.0,3216.35009765625
TCS.NS,2021-07-23,3230.0,3241.550048828125,3206.64990234375,3212.85009765625
TCS.NS,2021-07-26,3200.0,3224.25,3190.85009765625,3197.550048828125
TCS.NS,2021-07-27,3200.0,3210.0,3161.14990234375,3182.949951171875
TCS.NS,2021-07-28,3188.0,3204.449951171875,3132.39990234375,3197.800048828125
TCS.NS,2021-07-29,3200.25,3225.449951171875,3190.300048828125,3195.800048828125
TCS.NS,2021-07-30,3219.0,3223.5,3162.35009765625,3167.449951171875
TCS.NS,2021-08-02,3180.0,3224.89990234375,3167.0,3219.39990234375
TCS.NS,2021-08-03,3229.0,3290.0,3218.949951171875,3284.89990234375
TCS.NS,2021-08-04,3300.0,3305.199951171875,3261.199951171875,3273.949951171875
TCS.NS,2021-08-05,3275.0,3315.0,3262.5,3283.949951171875
TCS.NS,2021-08-06,3272.550048828125,3324.0,3265.0,3309.800048828125
TCS.NS,2021-08-09,3323.89990234375,3337.0,3310.0,3322.699951171875
TCS.NS,2021-08-10,3315.60009765625,3349.89990234375,3315.60009765625,3333.89990234375
TCS.NS,2021-08-11,3350.0,3360.0,3327.10009765625,3344.199951171875
TCS.NS,2021-08-12,3326.0,3368.0,3326.0,3351.75
TCS.NS,2021-08-13,3360.75,3480.0,3357.5,3463.39990234375
TCS.NS,2021-08-16,3460.0,3494.35009765625,3436.5,3472.949951171875
TCS.NS,2021-08-17,3482.10009765625,3560.800048828125,3463.0,3553.050048828125
TCS.NS,2021-08-18,3573.85009765625,3595.0,3536.60009765625,3560.550048828125
TCS.NS,2021-08-20,3506.0,3575.0,3500.0,3559.5
TCS.NS,2021-08-23,3580.0,3673.0,3561.89990234375,3637.39990234375
TCS.NS,2021-08-24,3657.0,3667.35009765625,3594.39990234375,3613.199951171875
TCS.NS,2021-08-25,3610.0,3697.75,3607.050048828125,3659.0
TCS.NS,2021-08-26,3660.0,3687.60009765625,3647.89990234375,3671.85009765625
TCS.NS,2021-08-27,3666.0,3729.5,3651.10009765625,3720.14990234375
TCS.NS,2021-08-30,3715.0,3740.35009765625,3687.60009765625,3701.300048828125
TCS.NS,2021-08-31,3709.39990234375,3804.10009765625,3703.449951171875,3786.449951171875
TCS.NS,2021-09-01,3796.0,3816.699951171875,3707.0,3714.949951171875
TCS.NS,2021-09-02,3734.0,3859.14990234375,3722.0,3836.75
TCS.NS,2021-09-03,3825.0,3856.89990234375,3804.550048828125,3842.050048828125
TCS.NS,2021-09-06,3849.699951171875,3877.60009765625,3814.0,3852.0
TCS.NS,2021-09-07,3864.0,3869.949951171875,3808.25,3815.89990234375
TCS.NS,2021-09-08,3810.0,3815.0,3756.0,3774.14990234375
TCS.NS,2021-09-09,3789.699951171875,3808.699951171875,3765.0,3791.39990234375
TCS.NS,2021-09-13,3767.0,3852.39990234375,3767.0,3845.35009765625
TCS.NS,2021-09-14,3849.949951171875,3896.5,3825.0,3885.89990234375
TCS.NS,2021-09-15,3882.10009765625,3980.0,3866.0,3954.550048828125
TCS.NS,2021-09-16,3930.0,3981.75,3892.10009765625,3903.300048828125
TCS.NS,2021-09-17,3920.0,3945.0,3805.0,3827.85009765625
TCS.NS,2021-09-20,3809.0,3871.0,3807.85009765625,3823.5
TCS.NS,2021-09-21,3858.0,3871.550048828125,3821.64990234375,3862.949951171875
TCS.NS,2021-09-22,3862.5,3896.85009765625,3852.449951171875,3862.14990234375
TCS.NS,2021-09-23,3870.0,3879.0,3835.0,3869.25
TCS.NS,2021-09-24,3890.0,3944.39990234375,3855.0,3871.300048828125
TCS.NS,2021-09-27,3900.0,3904.0,3802.89990234375,3836.949951171875
TCS.NS,2021-09-28,3850.0,3850.0,3751.25,3779.14990234375
TCS.NS,2021-09-29,3759.800048828125,3806.0,3722.14990234375,3791.89990234375
TCS.NS,2021-09-30,3805.0,3805.0,3750.10009765625,3775.550048828125
TCS.NS,2021-10-01,3781.75,3810.0,3725.0,3730.199951171875
TCS.NS,2021-10-04,3724.800048828125,3783.64990234375,3707.449951171875,3773.300048828125
TCS.NS,2021-10-05,3754.0,3840.0,3741.60009765625,3833.300048828125
TCS.NS,2021-10-06,3836.0,3857.449951171875,3795.0,3810.89990234375
TCS.NS,2021-10-07,3830.0,3899.0,3820.050048828125,3892.89990234375
TCS.NS,2021-10-08,3925.0,3989.89990234375,3900.0,3935.64990234375
TCS.NS,2021-10-11,3755.0,3757.5,3660.0,3685.60009765625
TCS.NS,2021-10-12,3706.0,3707.0,3630.60009765625,3652.85009765625
TCS.NS,2021-10-13,3650.0,3675.449951171875,3645.0,3655.199951171875
TCS.NS,2021-10-14,3625.0,3670.0,3608.199951171875,3611.449951171875
TCS.NS,2021-10-18,3603.449951171875,3652.699951171875,3601.449951171875,3647.14990234375
TCS.NS,2021-10-19,3669.0,3690.10009765625,3625.199951171875,3634.14990234375
TCS.NS,2021-10-20,3612.0,3630.0,3578.300048828125,3608.85009765625
TCS.NS,2021-10-21,3604.10009765625,3607.449951171875,3511.25,3532.5
TCS.NS,2021-10-22,3560.0,3561.60009765625,3485.0,3498.85009765625
TCS.NS,2021-10-25,3503.0,3514.550048828125,3450.0,3492.949951171875
TCS.NS,2021-10-26,3494.5,3529.0,3475.0,3482.60009765625
TCS.NS,2021-10-27,3483.0,3511.25,3483.0,3489.75
TCS.NS,2021-10-28,3518.0,3518.0,3415.0,3421.64990234375
TCS.NS,2021-10-29,3400.050048828125,3461.0,3385.949951171875,3397.75
TCS.NS,2021-11-01,3437.949951171875,3487.0,3412.949951171875,3476.39990234375
TCS.NS,2021-11-02,3494.0,3513.60009765625,3469.75,3484.199951171875
TCS.NS,2021-11-03,3504.199951171875,3519.89990234375,3466.050048828125,3492.25
TCS.NS,2021-11-04,3512.949951171875,3513.25,3505.0,3508.64990234375
TCS.NS,2021-11-08,3548.0,3548.0,3481.199951171875,3502.75
TCS.NS,2021-11-09,3508.0,3535.0,3496.0,3505.699951171875
TCS.NS,2021-11-10,3498.0,3519.699951171875,3480.199951171875,3484.300048828125
TCS.NS,2021-11-11,3480.0,3510.050048828125,3436.0,3488.199951171875
TCS.NS,2021-11-12,3506.0,3534.14990234375,3485.699951171875,3526.050048828125
TCS.NS,2021-11-15,3528.0,3569.60009765625,3528.0,3553.300048828125
TCS.NS,2021-11-16,3569.0,3575.550048828125,3542.0,3556.39990234375
TCS.NS,2021-11-17,3550.60009765625,3562.85009765625,3506.39990234375,3521.89990234375
TCS.NS,2021-11-18,3515.14990234375,3520.85009765625,3451.60009765625,3475.699951171875
TCS.NS,2021-11-22,3478.39990234375,3515.949951171875,3440.300048828125,3458.39990234375
TCS.NS,2021-11-23,3445.0,3480.949951171875,3407.800048828125,3464.25
TCS.NS,2021-11-24,3472.199951171875,3493.050048828125,3424.0,3443.300048828125
TCS.NS,2021-11-25,3443.89990234375,3463.0,3434.050048828125,3445.89990234375
TCS.NS,2021-11-26,3425.0,3490.0,3411.89990234375,3446.85009765625
TCS.NS,2021-11-29,3447.14990234375,3529.35009765625,3406.449951171875,3502.0
TCS.NS,2021-11-30,3491.0,3563.75,3491.0,3529.14990234375
TCS.NS,2021-12-01,3535.0,3590.0,3535.0,3577.800048828125
TCS.NS,2021-12-02,3589.199951171875,3648.0,3574.10009765625,3642.89990234375
TCS.NS,2021-12-03,3646.449951171875,3665.949951171875,3630.85009765625,3640.449951171875
TCS.NS,2021-12-06,3640.449951171875,3658.0,3522.0,3536.39990234375
TCS.NS,2021-12-07,3562.5,3598.0,3524.300048828125,3584.5
TCS.NS,2021-12-08,3601.0,3646.449951171875,3601.0,3626.89990234375
TCS.NS,2021-12-09,3610.0,3634.75,3566.0,3601.75
TCS.NS,2021-12-10,3585.0,3642.0,3575.10009765625,3636.800048828125
TCS.NS,2021-12-13,3650.0,3662.0,3601.699951171875,3609.64990234375
TCS.NS,2021-12-14,3605.0,3635.0,3576.699951171875,3623.800048828125
TCS.NS,2021-12-15,3620.0,3623.0,3558.14990234375,3570.35009765625
TCS.NS,2021-12-16,3582.0,3608.449951171875,3570.0,3581.60009765625
TCS.NS,2021-12-17,3602.5,3651.35009765625,3573.699951171875,3584.35009765625
TCS.NS,2021-12-20,3589.0,3606.0,3510.14990234375,3556.89990234375
TCS.NS,2021-12-21,3582.64990234375,3641.199951171875,3566.39990234375,3608.300048828125
TCS.NS,2021-12-22,3624.0,3636.800048828125,3606.25,3630.75
TCS.NS,2021-12-23,3648.0,3670.5,3630.0,3662.699951171875
TCS.NS,2021-12-24,3685.0,3705.0,3644.800048828125,3670.89990234375
TCS.NS,2021-12-27,3671.0,3700.0,3653.10009765625,3696.10009765625
TCS.NS,2021-12-28,3710.0,3725.0,3693.85009765625,3706.550048828125
TCS.NS,2021-12-29,3692.25,3719.949951171875,3685.0,3694.699951171875
TCS.NS,2021-12-30,3681.35009765625,3740.0,3680.0,3733.75
TCS.NS,2021-12-31,3742.800048828125,3760.0,3731.300048828125,3738.35009765625
TCS.NS,2022-01-03,3750.0,3830.0,3745.0,3817.75
TCS.NS,2022-01-04,3831.10009765625,3889.14990234375,3811.699951171875,3884.75
TCS.NS,2022-01-05,3865.0,3870.0,3812.39990234375,3860.949951171875
TCS.NS,2022-01-06,3812.0,3835.0,3772.0,3807.449951171875
TCS.NS,2022-01-07,3820.0,3864.89990234375,3796.39990234375,3853.5
TCS.NS,2022-01-10,3978.0,3978.0,3861.0,3879.85009765625
TCS.NS,2022-01-11,3856.0,3925.0,3856.0,3915.89990234375
TCS.NS,2022-01-12,3925.0,3929.0,3836.550048828125,3859.89990234375
TCS.NS,2022-01-13,3918.0,3923.0,3857.0,3897.89990234375
TCS.NS,2022-01-14,3877.85009765625,3977.0,3860.050048828125,3968.14990234375
TCS.NS,2022-01-17,3992.699951171875,4043.0,3962.300048828125,4019.14990234375
TCS.NS,2022-01-18,4033.949951171875,4041.699951171875,3980.0,3990.60009765625
TCS.NS,2022-01-19,4012.0,4012.0,3910.5,3914.64990234375
TCS.NS,2022-01-20,3910.0,3920.0,3811.0,3826.550048828125
TCS.NS,2022-01-21,3807.0,3851.550048828125,3771.10009765625,3833.5
TCS.NS,2022-01-24,3840.0,3849.64990234375,3740.10009765625,3771.35009765625
TCS.NS,2022-01-25,3769.5,3809.39990234375,3722.199951171875,3769.89990234375
TCS.NS,2022-01-27,3731.0,3733.39990234375,3625.10009765625,3649.25
TCS.NS,2022-01-28,3646.0,3729.800048828125,3646.0,3690.050048828125
TCS.NS,2022-01-31,3749.0,3758.0,3721.39990234375,3736.25
TCS.NS,2022-02-01,3770.0,3808.0,3736.39990234375,3800.64990234375
TCS.NS,2022-02-02,3827.89990234375,3864.0,3800.64990234375,3856.199951171875
TCS.NS,2022-02-03,3851.0,3882.5,3816.050048828125,3824.60009765625
TCS.NS,2022-02-04,3815.300048828125,3824.699951171875,3769.0,3814.89990234375
TCS.NS,2022-02-07,3791.0,3831.800048828125,3756.14990234375,3779.0
TCS.NS,2022-02-08,3791.550048828125,3799.699951171875,3721.0,3743.449951171875
TCS.NS,2022-02-09,3750.0,3777.949951171875,3746.10009765625,3760.550048828125
TCS.NS,2022-02-10,3789.800048828125,3789.800048828125,3758.0,3770.35009765625
TCS.NS,2022-02-11,3752.5,3752.5,3690.0,3694.949951171875
TCS.NS,2022-02-14,3724.0,3793.25,3710.0,3733.75
TCS.NS,2022-02-15,3786.0,3835.0,3748.0,3817.800048828125
TCS.NS,2022-02-16,3844.0,3854.10009765625,3806.0,3813.10009765625
TCS.NS,2022-02-17,3825.0,3835.0,3779.0,3784.199951171875
TCS.NS,2022-02-18,3769.0,3815.949951171875,3757.60009765625,3793.89990234375
TCS.NS,2022-02-21,3810.0,3827.800048828125,3705.550048828125,3719.39990234375
TCS.NS,2022-02-22,3650.0,3667.89990234375,3570.0,3586.39990234375
TCS.NS,2022-02-23,3611.0,3622.89990234375,3555.64990234375,3563.800048828125
TCS.NS,2022-02-24,3474.0,3483.85009765625,3391.10009765625,3401.64990234375
TCS.NS,2022-02-25,3468.0,3530.0,3462.0,3520.75
TCS.NS,2022-02-28,3490.0,3563.75,3455.89990234375,3554.199951171875
TCS.NS,2022-03-02,3552.5,3571.949951171875,3506.0,3546.14990234375
TCS.NS,2022-03-03,3562.85009765625,3578.60009765625,3530.10009765625,3544.39990234375
TCS.NS,2022-03-04,3501.5,3561.199951171875,3487.050048828125,3524.35009765625
TCS.NS,2022-03-07,3450.0,3548.0,3431.550048828125,3484.89990234375
TCS.NS,2022-03-08,3460.0,3609.0,3460.0,3599.949951171875
TCS.NS,2022-03-09,3605.0,3654.0,3597.050048828125,3632.60009765625
TCS.NS,2022-03-10,3684.0,3684.0,3615.0,3620.949951171875
TCS.NS,2022-03-11,3603.25,3639.85009765625,3592.85009765625,3599.14990234375
TCS.NS,2022-03-14,3580.0,3648.35009765625,3580.0,3643.0
TCS.NS,2022-03-15,3659.0,3659.0,3585.39990234375,3593.89990234375
TCS.NS,2022-03-16,3640.5,3668.0,3616.25,3655.89990234375
TCS.NS,2022-03-17,3696.60009765625,3710.0,3660.300048828125,3672.75
TCS.NS,2022-03-21,3696.0,3713.949951171875,3615.0,3626.699951171875
TCS.NS,2022-03-22,3640.0,3711.0,3625.0,3700.949951171875
TCS.NS,2022-03-23,3708.0,3729.800048828125,3690.0,3712.39990234375
TCS.NS,2022-03-24,3700.0,3758.199951171875,3695.0,3749.85009765625
TCS.NS,2022-03-25,3759.89990234375,3779.5,3672.0,3707.449951171875
TCS.NS,2022-03-28,3695.0,3713.0,3661.199951171875,3707.699951171875
TCS.NS,2022-03-29,3694.75,3722.0,3691.0,3705.35009765625
TCS.NS,2022-03-30,3738.0,3738.0,3706.199951171875,3731.550048828125
TCS.NS,2022-03-31,3740.0,3754.64990234375,3720.199951171875,3739.949951171875
TCS.NS,2022-04-01,3748.0,3763.0,3728.050048828125,3758.75
TCS.NS,2022-04-04,3762.0,3780.0,3737.10009765625,3770.35009765625
TCS.NS,2022-04-05,3772.0,3835.60009765625,3772.0,3814.800048828125
TCS.NS,2022-04-06,3809.300048828125,3809.300048828125,3731.14990234375,3755.35009765625
TCS.NS,2022-04-07,3745.5,3745.5,3679.0,3684.14990234375
TCS.NS,2022-04-08,3690.0,3705.0,3642.5,3685.64990234375
TCS.NS,2022-04-11,3690.0,3712.35009765625,3656.10009765625,3696.39990234375
TCS.NS,2022-04-12,3683.0,3739.0,3648.35009765625,3691.10009765625
TCS.NS,2022-04-13,3707.0,3709.85009765625,3655.550048828125,3661.949951171875
TCS.NS,2022-04-18,3610.0,3610.0,3522.5,3528.050048828125
TCS.NS,2022-04-19,3550.0,3563.550048828125,3439.14990234375,3471.89990234375
TCS.NS,2022-04-20,3500.0,3569.14990234375,3480.0,3556.800048828125
TCS.NS,2022-04-21,3580.0,3644.0,3567.39990234375,3628.64990234375
TCS.NS,2022-04-22,3581.10009765625,3617.0,3571.5,3612.550048828125
TCS.NS,2022-04-25,3558.0,3584.0,3533.10009765625,3548.199951171875
TCS.NS,2022-04-26,3575.14990234375,3587.89990234375,3518.14990234375,3546.300048828125
TCS.NS,2022-04-27,3546.0,3568.449951171875,3506.300048828125,3561.199951171875
TCS.NS,2022-04-28,3588.0,3604.39990234375,3538.050048828125,3584.300048828125
TCS.NS,2022-04-29,3597.0,3623.25,3536.85009765625,3546.699951171875
TCS.NS,2022-05-02,3519.89990234375,3547.949951171875,3492.75,3542.39990234375
TCS.NS,2022-05-04,3538.5,3545.449951171875,3465.300048828125,3479.75
TCS.NS,2022-05-05,3512.10009765625,3533.0,3485.35009765625,3513.39990234375
TCS.NS,2022-05-06,3459.0,3474.5,3424.5,3432.60009765625
TCS.NS,2022-05-09,3398.0,3456.0,3346.85009765625,3445.10009765625
TCS.NS,2022-05-10,3434.0,3464.800048828125,3422.0,3438.75
TCS.NS,2022-05-11,3435.0,3448.449951171875,3382.14990234375,3412.0
TCS.NS,2022-05-12,3378.0,3449.699951171875,3350.10009765625,3408.64990234375
TCS.NS,2022-05-13,3435.0,3439.89990234375,3382.14990234375,3414.89990234375
TCS.NS,2022-05-16,3415.0,3430.0,3366.60009765625,3376.800048828125
TCS.NS,2022-05-17,3370.0,3467.0,3350.39990234375,3451.60009765625
TCS.NS,2022-05-18,3465.0,3495.0,3443.050048828125,3448.800048828125
TCS.NS,2022-05-19,3397.0,3405.0,3230.0,3261.949951171875
TCS.NS,2022-05-20,3310.0,3313.89990234375,3270.050048828125,3293.0
TCS.NS,2022-05-23,3304.800048828125,3338.89990234375,3267.0,3321.75
TCS.NS,2022-05-24,3315.14990234375,3324.85009765625,3275.60009765625,3288.0
TCS.NS,2022-05-25,3292.85009765625,3292.85009765625,3154.050048828125,3167.64990234375
TCS.NS,2022-05-26,3191.0,3241.5,3180.550048828125,3226.949951171875
TCS.NS,2022-05-27,3253.199951171875,3278.89990234375,3229.199951171875,3261.300048828125
TCS.NS,2022-05-30,3297.0,3386.60009765625,3286.35009765625,3375.25
TCS.NS,2022-05-31,3354.14990234375,3383.39990234375,3325.0,3364.35009765625
TCS.NS,2022-06-01,3388.0,3388.0,3340.050048828125,3355.199951171875
TCS.NS,2022-06-02,3355.0,3432.0,3346.300048828125,3423.0
TCS.NS,2022-06-03,3459.39990234375,3477.300048828125,3431.199951171875,3440.14990234375
TCS.NS,2022-06-06,3418.0,3453.0,3377.14990234375,3430.949951171875
TCS.NS,2022-06-07,3401.050048828125,3418.85009765625,3356.0,3362.699951171875
TCS.NS,2022-06-08,3380.14990234375,3413.949951171875,3346.5,3404.14990234375
TCS.NS,2022-06-09,3385.0,3437.0,3353.10009765625,3427.10009765625
TCS.NS,2022-06-10,3382.0,3393.0,3352.0,3359.89990234375
TCS.NS,2022-06-13,3290.0,3293.0,3192.449951171875,3219.60009765625
TCS.NS,2022-06-14,3190.0,3238.89990234375,3174.699951171875,3210.550048828125
TCS.NS,2022-06-15,3218.5,3234.0,3201.0,3206.300048828125
TCS.NS,2022-06-16,3240.0,3244.85009765625,3133.050048828125,3142.0
TCS.NS,2022-06-17,3092.0,3118.75,3023.85009765625,3088.89990234375
TCS.NS,2022-06-20,3094.0,3138.75,3069.0,3112.39990234375
TCS.NS,2022-06-21,3130.0,3237.75,3125.39990234375,3211.949951171875
TCS.NS,2022-06-22,3199.89990234375,3250.550048828125,3183.0,3222.949951171875
TCS.NS,2022-06-23,3222.949951171875,3318.0,3222.949951171875,3308.800048828125
TCS.NS,2022-06-24,3339.0,3345.0,3277.5,3293.10009765625
TCS.NS,2022-06-27,3350.0,3362.89990234375,3306.5,3314.699951171875
TCS.NS,2022-06-28,3307.0,3330.0,3272.60009765625,3318.14990234375
TCS.NS,2022-06-29,3271.0,3333.0,3271.0,3290.5
TCS.NS,2022-06-30,3272.0,3310.89990234375,3255.0,3267.10009765625
TCS.NS,2022-07-01,3260.0,3333.0,3252.050048828125,3315.10009765625
TCS.NS,2022-07-04,3312.0,3317.949951171875,3225.050048828125,3235.050048828125
TCS.NS,2022-07-05,3255.0,3272.0,3206.949951171875,3216.300048828125
TCS.NS,2022-07-06,3218.5,3268.5,3202.25,3260.75
TCS.NS,2022-07-07,3271.0,3319.39990234375,3265.050048828125,3287.85009765625
TCS.NS,2022-07-08,3300.0,3305.0,3250.0,3265.449951171875
TCS.NS,2022-07-11,3206.14990234375,3225.0,3106.0,3113.800048828125
TCS.NS,2022-07-12,3114.89990234375,3136.199951171875,3080.25,3084.699951171875
TCS.NS,2022-07-13,3104.0,3110.0,3035.0,3038.75
TCS.NS,2022-07-14,3056.0,3057.0,2967.0,2998.75
TCS.NS,2022-07-15,3018.550048828125,3028.89990234375,2953.0,2994.60009765625
TCS.NS,2022-07-18,3023.0,3076.949951171875,3014.300048828125,3063.5
TCS.NS,2022-07-19,3030.050048828125,3078.949951171875,3030.050048828125,3074.25
TCS.NS,2022-07-20,3107.800048828125,3171.949951171875,3098.050048828125,3164.800048828125
TCS.NS,2022-07-21,3167.0,3184.0,3144.050048828125,3177.300048828125
TCS.NS,2022-07-22,3185.0,3197.0,3143.5,3171.0
TCS.NS,2022-07-25,3165.0,3186.449951171875,3149.10009765625,3166.75
TCS.NS,2022-07-26,3164.699951171875,3168.89990234375,3096.5,3115.89990234375
TCS.NS,2022-07-27,3115.0,3194.10009765625,3110.0,3188.85009765625
TCS.NS,2022-07-28,3216.0,3264.0,3201.64990234375,3260.5
TCS.NS,2022-07-29,3290.0,3317.300048828125,3275.0,3301.89990234375
TCS.NS,2022-08-01,3327.0,3327.0,3271.0,3298.800048828125
TCS.NS,2022-08-02,3290.0,3312.89990234375,3271.64990234375,3291.800048828125
TCS.NS,2022-08-03,3280.0,3349.0,3277.050048828125,3339.5
TCS.NS,2022-08-04,3350.0,3387.89990234375,3307.35009765625,3354.949951171875
TCS.NS,2022-08-05,3361.199951171875,3377.0,3355.0,3365.050048828125
TCS.NS,2022-08-08,3365.0,3378.89990234375,3336.0,3374.449951171875
TCS.NS,2022-08-10,3385.0,3385.0,3335.0,3354.25
TCS.NS,2022-08-11,3400.0,3428.699951171875,3375.050048828125,3422.5
TCS.NS,2022-08-12,3419.0,3419.0,3381.25,3401.550048828125
TCS.NS,2022-08-16,3411.0,3414.85009765625,3387.5,3392.699951171875
TCS.NS,2022-08-17,3385.10009765625,3417.949951171875,3371.10009765625,3401.10009765625
TCS.NS,2022-08-18,3390.0,3392.0,3362.0,3381.25
TCS.NS,2022-08-19,3387.0,3421.5,3371.25,3385.75
TCS.NS,2022-08-22,3365.0,3384.10009765625,3347.39990234375,3354.550048828125
TCS.NS,2022-08-23,3319.949951171875,3341.89990234375,3270.0,3284.60009765625
TCS.NS,2022-08-24,3292.0,3308.0,3250.199951171875,3255.35009765625
TCS.NS,2022-08-25,3276.0,3278.14990234375,3214.75,3218.199951171875
TCS.NS,2022-08-26,3234.300048828125,3257.0,3216.800048828125,3222.199951171875
TCS.NS,2022-08-29,3125.0,3142.699951171875,3081.0,3132.550048828125
TCS.NS,2022-08-30,3155.0,3226.5,3142.10009765625,3211.14990234375
TCS.NS,2022-09-01,3190.0,3190.0,3121.0,3131.699951171875
TCS.NS,2022-09-02,3163.0,3163.0,3120.300048828125,3130.39990234375
TCS.NS,2022-09-05,3123.64990234375,3147.949951171875,3112.25,3133.39990234375
TCS.NS,2022-09-06,3135.5,3140.85009765625,3106.35009765625,3127.050048828125
TCS.NS,2022-09-07,3102.0,3161.89990234375,3102.0,3149.60009765625
TCS.NS,2022-09-08,3170.0,3183.5,3160.10009765625,3169.64990234375
TCS.NS,2022-09-09,3195.0,3233.5,3168.5,3217.64990234375
TCS.NS,2022-09-12,3239.89990234375,3269.800048828125,3225.0,3242.949951171875
TCS.NS,2022-09-13,3263.449951171875,3263.449951171875,3225.0,3229.35009765625
TCS.NS,2022-09-14,3135.0,3141.39990234375,3113.800048828125,3120.39990234375
TCS.NS,2022-09-15,3130.0,3137.75,3100.0,3104.35009765625
TCS.NS,2022-09-16,3076.0,3094.35009765625,3000.0,3008.699951171875
TCS.NS,2022-09-19,3036.0,3042.0,2987.800048828125,3028.800048828125
TCS.NS,2022-09-20,3050.0,3079.949951171875,3030.0,3040.300048828125
TCS.NS,2022-09-21,3028.0,3041.39990234375,2998.14990234375,3001.199951171875
TCS.NS,2022-09-22,2990.0,3029.949951171875,2979.300048828125,3007.39990234375
TCS.NS,2022-09-23,3004.0,3022.5,2979.0,2982.050048828125
TCS.NS,2022-09-26,2959.85009765625,3025.85009765625,2926.10009765625,2994.39990234375
TCS.NS,2022-09-27,3009.39990234375,3025.0,2976.0,3017.449951171875
TCS.NS,2022-09-28,2980.0,3049.949951171875,2980.0,3035.64990234375
TCS.NS,2022-09-29,3054.0,3055.85009765625,2990.0,2997.300048828125
TCS.NS,2022-09-30,2990.85009765625,3019.699951171875,2950.10009765625,3004.550048828125
TCS.NS,2022-10-03,2995.0,3020.699951171875,2974.0,2984.949951171875
TCS.NS,2022-10-04,3029.949951171875,3098.0,3023.0,3091.14990234375
TCS.NS,2022-10-06,3111.0,3124.0,3092.449951171875,3101.949951171875
TCS.NS,2022-10-07,3097.39990234375,3105.0,3058.10009765625,3064.89990234375
TCS.NS,2022-10-10,3010.0,3127.0,3005.0,3118.550048828125
TCS.NS,2022-10-11,3100.0,3145.0,3053.35009765625,3069.550048828125
TCS.NS,2022-10-12,3084.89990234375,3109.89990234375,3062.050048828125,3100.75
TCS.NS,2022-10-13,3100.75,3110.0,3052.35009765625,3103.300048828125
TCS.NS,2022-10-14,3145.0,3150.0,3071.0,3099.14990234375
TCS.NS,2022-10-17,3072.64990234375,3128.39990234375,3071.449951171875,3111.75
TCS.NS,2022-10-18,3150.0,3155.35009765625,3128.550048828125,3144.699951171875
TCS.NS,2022-10-19,3159.0,3159.0,3112.0,3121.85009765625
TCS.NS,2022-10-20,3105.0,3160.0,3105.0,3157.300048828125
TCS.NS,2022-10-21,3157.800048828125,3160.39990234375,3127.0,3137.39990234375
TCS.NS,2022-10-24,3170.10009765625,3178.0,3155.0,3161.699951171875
TCS.NS,2022-10-25,3180.5,3184.25,3151.14990234375,3162.10009765625
TCS.NS,2022-10-27,3160.699951171875,3174.0,3134.35009765625,3157.39990234375
TCS.NS,2022-10-28,3150.0,3178.5,3145.0,3163.25
TCS.NS,2022-10-31,3199.0,3199.0,3177.800048828125,3193.14990234375
TCS.NS,2022-11-01,3214.5,3262.60009765625,3203.449951171875,3259.699951171875
TCS.NS,2022-11-02,3270.0,3270.0,3222.050048828125,3241.699951171875
TCS.NS,2022-11-03,3228.050048828125,3228.050048828125,3195.0,3206.75
TCS.NS,2022-11-04,3217.0,3220.050048828125,3166.14990234375,3217.39990234375
TCS.NS,2022-11-07,3229.0,3242.800048828125,3195.10009765625,3233.699951171875
TCS.NS,2022-11-09,3249.800048828125,3249.800048828125,3201.64990234375,3216.050048828125
TCS.NS,2022-11-10,3170.0,3225.0,3170.0,3205.64990234375
TCS.NS,2022-11-11,3269.60009765625,3341.60009765625,3255.050048828125,3315.949951171875
TCS.NS,2022-11-14,3324.0,3349.0,3309.0,3335.5
TCS.NS,2022-11-15,3321.0,3339.949951171875,3292.0,3332.60009765625
TCS.NS,2022-11-16,3338.89990234375,3367.89990234375,3321.449951171875,3355.35009765625
TCS.NS,2022-11-17,3340.0,3360.0,3317.75,3349.0
TCS.NS,2022-11-18,3350.0,3362.75,3321.0,3343.449951171875
TCS.NS,2022-11-21,3322.5,3333.699951171875,3273.0,3283.5
TCS.NS,2022-11-22,3280.0,3318.949951171875,3255.25,3314.949951171875
TCS.NS,2022-11-23,3330.0,3330.0,3291.0,3308.300048828125
TCS.NS,2022-11-24,3316.25,3392.949951171875,3308.300048828125,3380.14990234375
TCS.NS,2022-11-25,3383.0,3403.35009765625,3348.0,3389.64990234375
TCS.NS,2022-11-28,3366.0,3417.0,3365.550048828125,3395.25
TCS.NS,2022-11-29,3383.0,3429.0,3383.0,3397.35009765625
TCS.NS,2022-11-30,3383.0,3414.89990234375,3375.0,3390.800048828125
TCS.NS,2022-12-01,3425.0,3480.0,3420.0,3475.64990234375
TCS.NS,2022-12-02,3458.10009765625,3468.89990234375,3413.0,3439.14990234375
TCS.NS,2022-12-05,3433.0,3439.14990234375,3407.0,3425.89990234375
TCS.NS,2022-12-06,3400.050048828125,3407.949951171875,3368.0,3385.35009765625
TCS.NS,2022-12-07,3368.300048828125,3393.699951171875,3354.0,3380.60009765625
TCS.NS,2022-12-08,3360.0,3380.60009765625,3339.449951171875,3350.550048828125
TCS.NS,2022-12-09,3374.10009765625,3374.10009765625,3276.35009765625,3292.75
TCS.NS,2022-12-12,3255.5,3296.0,3236.10009765625,3286.449951171875
TCS.NS,2022-12-13,3277.199951171875,3336.449951171875,3267.800048828125,3332.10009765625
TCS.NS,2022-12-14,3348.800048828125,3377.0,3340.89990234375,3365.35009765625
TCS.NS,2022-12-15,3358.800048828125,3364.75,3298.949951171875,3305.10009765625
TCS.NS,2022-12-16,3275.0,3292.0,3225.199951171875,3240.25
TCS.NS,2022-12-19,3227.0,3245.5,3194.5,3202.050048828125
TCS.NS,2022-12-20,3198.89990234375,3249.0,3163.64990234375,3243.949951171875
TCS.NS,2022-12-21,3249.0,3283.050048828125,3240.0,3268.550048828125
TCS.NS,2022-12-22,3294.0,3294.0,3245.10009765625,3259.699951171875
TCS.NS,2022-12-23,3217.0,3266.85009765625,3217.0,3228.35009765625
TCS.NS,2022-12-26,3228.35009765625,3272.0,3225.050048828125,3252.89990234375
TCS.NS,2022-12-27,3269.199951171875,3273.800048828125,3231.5,3259.5
TCS.NS,2022-12-28,3249.800048828125,3266.10009765625,3226.0,3257.10009765625
TCS.NS,2022-12-29,3231.10009765625,3271.5,3228.0,3268.75
TCS.NS,2022-12-30,3286.050048828125,3299.0,3246.199951171875,3256.699951171875
TCS.NS,2023-01-02,3261.0,3266.85009765625,3235.199951171875,3261.449951171875
TCS.NS,2023-01-03,3252.0,3320.0,3245.300048828125,3311.35009765625
TCS.NS,2023-01-04,3306.699951171875,3327.35009765625,3286.199951171875,3314.64990234375
TCS.NS,2023-01-05,3330.199951171875,3337.300048828125,3281.949951171875,3311.10009765625
TCS.NS,2023-01-06,3300.0,3301.550048828125,3200.0,3211.550048828125
TCS.NS,2023-01-09,3229.0,3327.0,3221.14990234375,3319.949951171875
TCS.NS,2023-01-10,3285.0,3298.0,3230.10009765625,3286.39990234375
TCS.NS,2023-01-11,3290.10009765625,3349.5,3271.14990234375,3328.699951171875
TCS.NS,2023-01-12,3329.0,3350.0,3315.550048828125,3334.35009765625
TCS.NS,2023-01-13,3342.89990234375,3379.0,3305.0,3374.550048828125
TCS.NS,2023-01-16,3317.0,3353.0,3298.050048828125,3334.050048828125
TCS.NS,2023-01-17,3330.0,3381.800048828125,3321.0,3378.39990234375
TCS.NS,2023-01-18,3380.0,3408.949951171875,3372.25,3390.0
TCS.NS,2023-01-19,3380.0,3387.0,3361.0,3373.10009765625
TCS.NS,2023-01-20,3365.0,3394.64990234375,3355.60009765625,3363.10009765625
TCS.NS,2023-01-23,3388.0,3419.0,3355.60009765625,3414.89990234375
TCS.NS,2023-01-24,3425.0,3451.949951171875,3417.300048828125,3436.300048828125
TCS.NS,2023-01-25,3425.300048828125,3435.0,3405.0,3429.75
TCS.NS,2023-01-27,3426.0,3446.0,3382.300048828125,3411.050048828125
TCS.NS,2023-01-30,3420.0,3458.449951171875,3385.550048828125,3433.64990234375
TCS.NS,2023-01-31,3449.0,3449.0,3351.0,3358.699951171875
TCS.NS,2023-02-01,3363.0,3419.0,3355.0,3408.35009765625
TCS.NS,2023-02-02,3427.0,3469.0,3420.10009765625,3460.39990234375
TCS.NS,2023-02-03,3504.0,3504.0,3452.89990234375,3482.300048828125
TCS.NS,2023-02-06,3473.14990234375,3473.14990234375,3436.85009765625,3459.949951171875
TCS.NS,2023-02-07,3468.89990234375,3493.0,3461.39990234375,3472.550048828125
TCS.NS,2023-02-08,3478.050048828125,3539.89990234375,3478.050048828125,3520.10009765625
TCS.NS,2023-02-09,3515.0,3547.60009765625,3505.300048828125,3540.85009765625
TCS.NS,2023-02-10,3520.0,3542.35009765625,3508.14990234375,3537.550048828125
TCS.NS,2023-02-13,3549.0,3549.0,3473.39990234375,3482.39990234375
TCS.NS,2023-02-14,3505.0,3524.85009765625,3495.0,3500.10009765625
TCS.NS,2023-02-15,3487.0,3526.0,3460.14990234375,3520.64990234375
TCS.NS,2023-02-16,3527.199951171875,3575.0,3527.0,3558.050048828125
TCS.NS,2023-02-17,3526.14990234375,3538.89990234375,3490.0,3501.14990234375
TCS.NS,2023-02-20,3502.0,3522.0,3475.050048828125,3487.300048828125
TCS.NS,2023-02-21,3494.0,3508.89990234375,3444.75,3451.0
TCS.NS,2023-02-22,3414.949951171875,3447.0,3395.0,3401.550048828125
TCS.NS,2023-02-23,3421.0,3452.39990234375,3408.0,3413.800048828125
TCS.NS,2023-02-24,3422.5,3433.949951171875,3382.300048828125,3400.449951171875
TCS.NS,2023-02-27,3390.0,3390.0,3316.0,3331.85009765625
TCS.NS,2023-02-28,3328.5,3392.0,3299.89990234375,3312.85009765625
TCS.NS,2023-03-01,3323.0,3389.0,3315.0,3385.699951171875
TCS.NS,2023-03-02,3361.0,3369.89990234375,3318.0,3321.449951171875
TCS.NS,2023-03-03,3354.0,3358.0,3331.10009765625,3342.14990234375
TCS.NS,2023-03-06,3361.89990234375,3404.949951171875,3359.0,3371.85009765625
TCS.NS,2023-03-08,3364.0,3396.0,3330.85009765625,3390.39990234375
TCS.NS,2023-03-09,3385.0,3385.0,3330.85009765625,3336.85009765625
TCS.NS,2023-03-10,3312.89990234375,3337.25,3290.0,3331.0
TCS.NS,2023-03-13,3333.0,3369.800048828125,3272.0,3281.949951171875
TCS.NS,2023-03-14,3280.0,3304.39990234375,3209.39990234375,3214.949951171875
TCS.NS,2023-03-15,3250.0,3260.35009765625,3192.0,3198.89990234375
TCS.NS,2023-03-16,3208.0,3219.800048828125,3172.0,3185.0
TCS.NS,2023-03-17,3150.5,3221.39990234375,3144.0,3179.300048828125
TCS.NS,2023-03-20,3169.64990234375,3169.64990234375,3095.050048828125,3143.300048828125
TCS.NS,2023-03-21,3143.300048828125,3156.75,3097.449951171875,3106.10009765625
TCS.NS,2023-03-22,3130.050048828125,3143.5,3106.10009765625,3130.800048828125
TCS.NS,2023-03-23,3114.89990234375,3146.35009765625,3101.0,3124.64990234375
TCS.NS,2023-03-24,3148.89990234375,3170.0,3106.0,3120.5
TCS.NS,2023-03-27,3135.0,3152.75,3106.0,3122.300048828125
TCS.NS,2023-03-28,3127.0,3149.550048828125,3110.14990234375,3115.89990234375
TCS.NS,2023-03-29,3129.0,3150.0,3104.10009765625,3138.89990234375
TCS.NS,2023-03-31,3189.949951171875,3213.0,3152.0,3205.89990234375
TCS.NS,2023-04-03,3224.949951171875,3224.949951171875,3173.75,3200.0
TCS.NS,2023-04-05,3185.5,3264.35009765625,3185.5,3239.800048828125
TCS.NS,2023-04-06,3225.0,3257.35009765625,3215.0,3220.699951171875
TCS.NS,2023-04-10,3220.0,3272.0,3215.0,3263.39990234375
TCS.NS,2023-04-11,3264.0,3272.949951171875,3192.14990234375,3213.800048828125
TCS.NS,2023-04-12,3227.949951171875,3260.949951171875,3199.0,3241.64990234375
TCS.NS,2023-04-13,3210.0,3230.0,3180.0,3188.85009765625
TCS.NS,2023-04-17,3134.10009765625,3163.39990234375,3070.25,3139.5
TCS.NS,2023-04-18,3154.949951171875,3156.85009765625,3110.60009765625,3130.75
TCS.NS,2023-04-19,3130.75,3140.0,3071.5,3089.60009765625
TCS.NS,2023-04-20,3090.0,3113.0,3078.0,3104.800048828125
TCS.NS,2023-04-21,3110.0,3164.449951171875,3100.800048828125,3160.85009765625
TCS.NS,2023-04-24,3151.10009765625,3180.949951171875,3126.14990234375,3174.800048828125
TCS.NS,2023-04-25,3183.0,3191.199951171875,3147.5,3176.0
TCS.NS,2023-04-26,3181.0,3208.39990234375,3181.0,3198.14990234375
TCS.NS,2023-04-27,3185.0,3199.199951171875,3170.64990234375,3187.949951171875
TCS.NS,2023-04-28,3200.39990234375,3227.25,3196.25,3219.25
TCS.NS,2023-05-02,3235.0,3235.0,3210.0,3219.39990234375
TCS.NS,2023-05-03,3216.0,3216.0,3173.14990234375,3179.89990234375
TCS.NS,2023-05-04,3180.14990234375,3224.449951171875,3178.0,3220.699951171875
TCS.NS,2023-05-05,3220.0,3244.0,3210.050048828125,3230.699951171875
TCS.NS,2023-05-08,3245.0,3254.85009765625,3231.300048828125,3250.60009765625
TCS.NS,2023-05-09,3252.60009765625,3298.0,3246.0,3283.25
TCS.NS,2023-05-10,3290.0,3306.5,3266.050048828125,3286.800048828125
TCS.NS,2023-05-11,3309.0,3309.699951171875,3272.0,3282.14990234375
TCS.NS,2023-05-12,3279.14990234375,3290.0,3260.0,3274.300048828125
TCS.NS,2023-05-15,3284.0,3292.0,3248.35009765625,3255.050048828125
TCS.NS,2023-05-16,3256.199951171875,3285.0,3250.449951171875,3258.14990234375
TCS.NS,2023-05-17,3255.949951171875,3280.0,3198.25,3208.699951171875
TCS.NS,2023-05-18,3225.949951171875,3228.949951171875,3195.0,3199.85009765625
TCS.NS,2023-05-19,3210.0,3234.5,3203.050048828125,3222.85009765625
TCS.NS,2023-05-22,3230.0,3308.449951171875,3217.050048828125,3298.699951171875
TCS.NS,2023-05-23,3306.0,3327.949951171875,3290.10009765625,3297.050048828125
TCS.NS,2023-05-24,3276.0,3317.199951171875,3276.0,3303.35009765625
TCS.NS,2023-05-25,3294.0,3306.0,3267.10009765625,3293.5
TCS.NS,2023-05-26,3293.5,3338.64990234375,3291.0,3328.89990234375
TCS.NS,2023-05-29,3360.800048828125,3372.0,3312.0,3320.35009765625
TCS.NS,2023-05-30,3315.0,3326.949951171875,3301.35009765625,3316.199951171875
TCS.NS,2023-05-31,3309.0,3327.699951171875,3265.14990234375,3289.5
TCS.NS,2023-06-01,3314.0,3340.0,3297.5,3324.0
TCS.NS,2023-06-02,3326.25,3335.89990234375,3297.449951171875,3305.60009765625
TCS.NS,2023-06-05,3315.0,3327.0,3285.050048828125,3288.89990234375
TCS.NS,2023-06-06,3280.0,3288.85009765625,3220.60009765625,3232.300048828125
TCS.NS,2023-06-07,3253.0,3278.85009765625,3241.0,3274.89990234375
TCS.NS,2023-06-08,3261.0,3270.0,3233.0,3236.449951171875
TCS.NS,2023-06-09,3245.0,3250.0,3205.35009765625,3209.300048828125
TCS.NS,2023-06-12,3215.0,3254.39990234375,3211.0,3246.89990234375
TCS.NS,2023-06-13,3260.0,3265.0,3239.0,3243.699951171875
TCS.NS,2023-06-14,3243.699951171875,3255.85009765625,3225.85009765625,3251.050048828125
TCS.NS,2023-06-15,3245.300048828125,3247.449951171875,3210.0,3216.300048828125
TCS.NS,2023-06-16,3197.0,3199.39990234375,3156.0,3174.89990234375
TCS.NS,2023-06-19,3190.0,3214.89990234375,3175.0,3210.39990234375
TCS.NS,2023-06-20,3214.0,3232.5,3201.050048828125,3227.699951171875
TCS.NS,2023-06-21,3250.0,3261.39990234375,3223.949951171875,3258.199951171875
TCS.NS,2023-06-22,3260.0,3267.64990234375,3230.10009765625,3238.5
TCS.NS,2023-06-23,3237.300048828125,3249.39990234375,3209.14990234375,3216.35009765625
TCS.NS,2023-06-26,3205.0,3213.89990234375,3173.0,3189.64990234375
TCS.NS,2023-06-27,3202.0,3209.64990234375,3182.300048828125,3197.35009765625
TCS.NS,2023-06-28,3208.0,3230.949951171875,3193.39990234375,3215.449951171875
TCS.NS,2023-06-30,3220.0,3310.0,3214.10009765625,3302.25
TCS.NS,2023-07-03,3314.300048828125,3318.800048828125,3268.75,3272.300048828125
TCS.NS,2023-07-04,3290.0,3315.0,3277.300048828125,3308.85009765625
TCS.NS,2023-07-05,3320.0,3329.0,3305.0,3319.949951171875
TCS.NS,2023-07-06,3306.550048828125,3328.449951171875,3302.0,3322.89990234375
TCS.NS,2023-07-07,3302.0,3356.89990234375,3302.0,3329.25
TCS.NS,2023-07-10,3324.75,3324.75,3265.199951171875,3271.949951171875
TCS.NS,2023-07-11,3295.0,3295.0,3260.800048828125,3272.39990234375
TCS.NS,2023-07-12,3280.949951171875,3289.14990234375,3250.10009765625,3259.89990234375
TCS.NS,2023-07-13,3284.0,3367.449951171875,3272.75,3340.550048828125
TCS.NS,2023-07-14,3365.0,3524.85009765625,3352.0,3514.64990234375
TCS.NS,2023-07-17,3510.0,3549.89990234375,3477.050048828125,3491.699951171875
TCS.NS,2023-07-18,3476.0,3524.0,3465.0,3496.85009765625
TCS.NS,2023-07-19,3500.0,3516.85009765625,3445.64990234375,3470.050048828125
TCS.NS,2023-07-20,3453.10009765625,3478.89990234375,3436.050048828125,3463.300048828125
TCS.NS,2023-07-21,3404.050048828125,3434.89990234375,3359.050048828125,3368.300048828125
TCS.NS,2023-07-24,3381.0,3413.449951171875,3372.10009765625,3394.75
TCS.NS,2023-07-25,3397.5,3406.800048828125,3380.199951171875,3399.14990234375
TCS.NS,2023-07-26,3400.35009765625,3420.85009765625,3385.0,3388.300048828125
TCS.NS,2023-07-27,3394.949951171875,3411.64990234375,3385.050048828125,3396.89990234375
TCS.NS,2023-07-28,3385.0,3393.699951171875,3331.0,3355.39990234375
TCS.NS,2023-07-31,3364.39990234375,3426.64990234375,3360.89990234375,3421.449951171875
TCS.NS,2023-08-01,3415.0,3460.0,3415.0,3452.050048828125
TCS.NS,2023-08-02,3434.949951171875,3446.39990234375,3413.60009765625,3440.64990234375
TCS.NS,2023-08-03,3420.0,3433.25,3368.0,3399.949951171875
TCS.NS,2023-08-04,3401.25,3471.0,3401.25,3443.550048828125
TCS.NS,2023-08-07,3453.949951171875,3488.0,3441.25,3484.050048828125
TCS.NS,2023-08-08,3484.050048828125,3489.949951171875,3456.60009765625,3470.60009765625
TCS.NS,2023-08-09,3464.89990234375,3467.0,3425.050048828125,3462.5
TCS.NS,2023-08-10,3450.0,3464.89990234375,3430.050048828125,3442.10009765625
TCS.NS,2023-08-11,3438.10009765625,3466.64990234375,3414.0,3448.800048828125
TCS.NS,2023-08-14,3440.699951171875,3455.0,3411.0,3449.85009765625
TCS.NS,2023-08-16,3450.0,3466.0,3435.199951171875,3458.39990234375
TCS.NS,2023-08-17,3455.0,3460.800048828125,3413.199951171875,3435.75
TCS.NS,2023-08-18,3410.0,3410.0,3356.5,3367.10009765625
TCS.NS,2023-08-21,3375.0,3409.75,3372.0,3401.64990234375
TCS.NS,2023-08-22,3400.0,3411.0,3365.050048828125,3382.14990234375
TCS.NS,2023-08-23,3388.0,3402.0,3376.0,3398.25
TCS.NS,2023-08-24,3408.0,3413.050048828125,3378.10009765625,3387.75
TCS.NS,2023-08-25,3375.0,3385.800048828125,3350.25,3381.300048828125
TCS.NS,2023-08-28,3394.0,3394.0,3360.10009765625,3375.550048828125
TCS.NS,2023-08-29,3381.050048828125,3389.550048828125,3365.0,3376.14990234375
TCS.NS,2023-08-30,3398.0,3408.10009765625,3383.050048828125,3390.949951171875
TCS.NS,2023-08-31,3401.0,3417.39990234375,3343.64990234375,3356.800048828125
TCS.NS,2023-09-01,3366.0,3389.0,3356.800048828125,3379.199951171875
TCS.NS,2023-09-04,3378.0,3432.85009765625,3370.050048828125,3418.5
TCS.NS,2023-09-05,3420.0,3447.0,3405.14990234375,3429.35009765625
TCS.NS,2023-09-06,3434.0,3443.89990234375,3398.10009765625,3429.89990234375
TCS.NS,2023-09-07,3430.800048828125,3460.0,3422.300048828125,3455.25
TCS.NS,2023-09-08,3455.25,3465.0,3435.050048828125,3441.89990234375
TCS.NS,2023-09-11,3462.0,3485.699951171875,3445.0,3480.64990234375
TCS.NS,2023-09-12,3492.0,3589.89990234375,3483.0,3580.800048828125
TCS.NS,2023-09-13,3571.10009765625,3588.85009765625,3545.0,3567.85009765625
TCS.NS,2023-09-14,3570.050048828125,3597.699951171875,3545.60009765625,3560.050048828125
TCS.NS,2023-09-15,3567.85009765625,3607.35009765625,3562.449951171875,3598.300048828125
TCS.NS,2023-09-18,3580.050048828125,3619.300048828125,3575.25,3606.14990234375
TCS.NS,2023-09-20,3580.0,3625.0,3580.0,3606.050048828125
TCS.NS,2023-09-21,3588.550048828125,3605.0,3528.0,3585.300048828125
TCS.NS,2023-09-22,3584.0,3633.75,3565.050048828125,3603.64990234375
TCS.NS,2023-09-25,3602.5,3620.0,3558.64990234375,3577.14990234375
TCS.NS,2023-09-26,3567.60009765625,3594.949951171875,3536.0,3585.699951171875
TCS.NS,2023-09-27,3590.0,3614.0,3555.699951171875,3589.300048828125
TCS.NS,2023-09-28,3600.0,3602.800048828125,3527.35009765625,3536.75
TCS.NS,2023-09-29,3537.199951171875,3568.449951171875,3505.550048828125,3528.60009765625
TCS.NS,2023-10-03,3534.199951171875,3534.199951171875,3480.10009765625,3513.85009765625
TCS.NS,2023-10-04,3486.300048828125,3548.0,3477.300048828125,3537.75
TCS.NS,2023-10-05,3554.0,3624.0,3551.199951171875,3589.35009765625
TCS.NS,2023-10-06,3591.0,3634.949951171875,3575.050048828125,3621.39990234375
TCS.NS,2023-10-09,3645.050048828125,3679.0,3631.0,3638.35009765625
TCS.NS,2023-10-10,3640.050048828125,3648.0,3601.35009765625,3628.89990234375
TCS.NS,2023-10-11,3650.0,3650.0,3605.0,3609.89990234375
TCS.NS,2023-10-12,3575.0,3588.64990234375,3538.10009765625,3542.550048828125
TCS.NS,2023-10-13,3530.0,3577.0,3525.0,3570.85009765625
TCS.NS,2023-10-16,3566.0,3574.64990234375,3519.10009765625,3524.050048828125
TCS.NS,2023-10-17,3530.0,3534.14990234375,3503.35009765625,3507.050048828125
TCS.NS,2023-10-18,3511.0,3522.699951171875,3484.0,3487.25
TCS.NS,2023-10-19,3469.5,3476.85009765625,3451.89990234375,3455.64990234375
TCS.NS,2023-10-20,3450.39990234375,3499.5,3444.050048828125,3494.550048828125
TCS.NS,2023-10-23,3473.0,3478.949951171875,3401.300048828125,3410.14990234375
TCS.NS,2023-10-25,3390.5,3425.0,3377.199951171875,3390.10009765625
TCS.NS,2023-10-26,3368.050048828125,3373.699951171875,3330.0,3336.75
TCS.NS,2023-10-27,3350.0,3362.0,3337.0,3350.949951171875
TCS.NS,2023-10-30,3350.0,3382.85009765625,3333.75,3378.550048828125
TCS.NS,2023-10-31,3399.0,3399.0,3350.050048828125,3368.75
TCS.NS,2023-11-01,3355.0,3371.60009765625,3311.0,3330.64990234375
TCS.NS,2023-11-02,3343.199951171875,3375.949951171875,3343.199951171875,3360.10009765625
TCS.NS,2023-11-03,3382.0,3387.89990234375,3344.300048828125,3350.89990234375
TCS.NS,2023-11-06,3375.0,3392.300048828125,3359.0,3380.25
TCS.NS,2023-11-07,3378.0,3404.14990234375,3366.0,3370.449951171875
TCS.NS,2023-11-08,3371.449951171875,3401.949951171875,3369.550048828125,3381.550048828125
TCS.NS,2023-11-09,3390.10009765625,3391.5,3342.050048828125,3347.449951171875
TCS.NS,2023-11-10,3338.0,3347.449951171875,3322.35009765625,3333.449951171875
TCS.NS,2023-11-13,3356.0,3356.0,3327.0,3331.550048828125
TCS.NS,2023-11-15,3383.10009765625,3413.0,3356.050048828125,3404.300048828125
TCS.NS,2023-11-16,3430.050048828125,3529.35009765625,3414.199951171875,3497.85009765625
TCS.NS,2023-11-17,3497.85009765625,3524.5,3492.550048828125,3502.449951171875
TCS.NS,2023-11-20,3491.25,3533.89990234375,3491.25,3519.60009765625
TCS.NS,2023-11-21,3519.60009765625,3539.050048828125,3501.0,3510.199951171875
TCS.NS,2023-11-22,3500.0,3532.64990234375,3481.10009765625,3530.14990234375
TCS.NS,2023-11-23,3530.0,3544.0,3500.0,3508.25
TCS.NS,2023-11-24,3494.25,3504.550048828125,3453.0,3457.10009765625
TCS.NS,2023-11-28,3457.10009765625,3481.25,3433.0,3470.14990234375
TCS.NS,2023-11-29,3481.0,3518.0,3475.800048828125,3513.75
TCS.NS,2023-11-30,3499.449951171875,3516.64990234375,3481.0,3487.60009765625
TCS.NS,2023-12-01,3500.0,3516.949951171875,3490.050048828125,3511.64990234375
TCS.NS,2023-12-04,3544.64990234375,3547.800048828125,3498.0,3512.449951171875
TCS.NS,2023-12-05,3538.0,3538.0,3502.800048828125,3531.60009765625
TCS.NS,2023-12-06,3532.60009765625,3612.85009765625,3525.14990234375,3604.10009765625
TCS.NS,2023-12-07,3605.0,3630.550048828125,3591.699951171875,3614.89990234375
TCS.NS,2023-12-08,3633.0,3645.0,3602.050048828125,3626.699951171875
TCS.NS,2023-12-11,3622.89990234375,3653.0,3615.0,3642.89990234375
TCS.NS,2023-12-12,3638.949951171875,3698.39990234375,3631.0,3672.10009765625
TCS.NS,2023-12-13,3643.550048828125,3650.0,3563.0,3593.550048828125
TCS.NS,2023-12-14,3630.0,3678.0,3627.60009765625,3667.25
TCS.NS,2023-12-15,3666.699951171875,3895.949951171875,3666.699951171875,3861.0
TCS.NS,2023-12-18,3858.10009765625,3929.0,3830.14990234375,3859.199951171875
TCS.NS,2023-12-19,3845.0,3855.10009765625,3790.0,3816.199951171875
TCS.NS,2023-12-20,3827.25,3898.800048828125,3766.550048828125,3780.050048828125
TCS.NS,2023-12-21,3756.25,3806.699951171875,3743.35009765625,3787.5
TCS.NS,2023-12-22,3800.0,3845.949951171875,3762.0,3824.0
TCS.NS,2023-12-26,3819.85009765625,3834.0,3790.14990234375,3795.550048828125
TCS.NS,2023-12-27,3799.0,3818.199951171875,3768.0,3811.199951171875
TCS.NS,2023-12-28,3824.0,3838.0,3792.10009765625,3799.89990234375
TCS.NS,2023-12-29,3792.0,3822.60009765625,3765.39990234375,3793.39990234375
TCS.NS,2024-01-01,3790.0,3832.0,3773.0,3811.10009765625
TCS.NS,2024-01-02,3811.10009765625,3811.10009765625,3767.25,3783.199951171875
TCS.NS,2024-01-03,3767.0,3771.85009765625,3687.050048828125,3691.75
TCS.NS,2024-01-04,3701.75,3719.0,3651.0,3666.800048828125
TCS.NS,2024-01-05,3675.0,3747.75,3674.85009765625,3737.89990234375
TCS.NS,2024-01-08,3737.89990234375,3739.75,3672.39990234375,3678.300048828125
TCS.NS,2024-01-09,3709.949951171875,3752.35009765625,3682.75,3689.89990234375
TCS.NS,2024-01-10,3690.0,3729.25,3688.0,3713.050048828125
TCS.NS,2024-01-11,3724.0,3773.0,3707.0,3735.550048828125
TCS.NS,2024-01-12,3848.0,3905.25,3821.60009765625,3882.800048828125
TCS.NS,2024-01-15,3960.0,3965.0,3885.0,3903.800048828125
TCS.NS,2024-01-16,3899.0,3899.0,3855.550048828125,3861.300048828125
TCS.NS,2024-01-17,3819.0,3909.949951171875,3812.550048828125,3884.60009765625
TCS.NS,2024-01-18,3898.0,3908.800048828125,3862.0,3902.60009765625
TCS.NS,2024-01-19,3945.0,3963.550048828125,3915.050048828125,3943.050048828125
TCS.NS,2024-01-23,3900.0,3933.89990234375,3842.75,3858.25
TCS.NS,2024-01-24,3880.0,3883.64990234375,3805.60009765625,3841.800048828125
TCS.NS,2024-01-25,3839.89990234375,3861.0,3778.699951171875,3810.300048828125
TCS.NS,2024-01-29,3800.800048828125,3820.0,3780.85009765625,3801.0
TCS.NS,2024-01-30,3807.449951171875,3847.800048828125,3787.0,3800.550048828125
TCS.NS,2024-01-31,3811.199951171875,3834.0,3796.449951171875,3815.949951171875
TCS.NS,2024-02-01,3820.0,3904.89990234375,3805.050048828125,3854.14990234375
TCS.NS,2024-02-02,3875.050048828125,3984.39990234375,3872.0,3966.300048828125
TCS.NS,2024-02-05,3983.0,4022.0,3962.10009765625,3973.300048828125
TCS.NS,2024-02-06,3997.0,4149.89990234375,3990.0,4136.0
TCS.NS,2024-02-07,4153.0,4155.0,4073.949951171875,4083.39990234375
TCS.NS,2024-02-08,4090.0,4158.0,4086.050048828125,4134.10009765625
TCS.NS,2024-02-09,4136.5498046875,4184.75,4100.0,4133.7001953125
TCS.NS,2024-02-12,4130.0,4159.60009765625,4105.5498046875,4120.7001953125
TCS.NS,2024-02-13,4125.4501953125,4170.0,4081.5,4149.5
TCS.NS,2024-02-14,4107.0,4114.89990234375,4049.5,4100.10009765625
TCS.NS,2024-02-15,4128.0,4146.2998046875,4083.0,4103.2001953125
TCS.NS,2024-02-16,4113.25,4147.9501953125,4100.10009765625,4128.2998046875
TCS.NS,2024-02-19,4123.0498046875,4128.2998046875,4055.0,4103.7998046875
TCS.NS,2024-02-20,4082.10009765625,4098.0,4010.0,4030.64990234375
TCS.NS,2024-02-21,4013.0,4063.35009765625,3980.60009765625,3991.5
TCS.NS,2024-02-22,3971.0,4094.949951171875,3971.0,4087.10009765625
TCS.NS,2024-02-23,4130.0,4130.0,4046.39990234375,4052.10009765625
TCS.NS,2024-02-26,4036.0,4050.0,3982.75,4001.050048828125
TCS.NS,2024-02-27,3999.0,4124.0,3999.0,4104.39990234375
TCS.NS,2024-02-28,4095.60009765625,4154.89990234375,4089.0,4118.9501953125
TCS.NS,2024-02-29,4099.0,4138.10009765625,4064.550048828125,4095.10009765625
TCS.NS,2024-03-01,4107.2001953125,4140.0,4086.800048828125,4094.35009765625
TCS.NS,2024-03-04,4105.0,4117.89990234375,4075.89990234375,4080.699951171875
TCS.NS,2024-03-05,4062.0,4064.0,3980.0,4012.10009765625
TCS.NS,2024-03-06,3994.050048828125,4072.0,3958.449951171875,4064.300048828125
TCS.NS,2024-03-07,4065.0,4124.0,4037.699951171875,4108.60009765625
TCS.NS,2024-03-11,4089.0,4153.0,4089.0,4122.35009765625
TCS.NS,2024-03-12,4122.35009765625,4229.9501953125,4121.0498046875,4192.25
TCS.NS,2024-03-13,4205.0,4241.0,4131.89990234375,4149.0
TCS.NS,2024-03-14,4153.4501953125,4225.0,4086.0,4207.60009765625
TCS.NS,2024-03-15,4192.60009765625,4239.0,4177.0,4219.25
TCS.NS,2024-03-18,4215.25,4254.75,4117.85009765625,4152.5
TCS.NS,2024-03-19,4051.25,4058.0,3966.60009765625,3977.300048828125
TCS.NS,2024-03-20,3986.0,4018.0,3960.199951171875,3970.89990234375
TCS.NS,2024-03-21,3990.050048828125,4008.39990234375,3948.0,3972.949951171875
TCS.NS,2024-03-22,3897.0,3938.0,3855.0,3910.89990234375
TCS.NS,2024-03-26,3875.0,3946.699951171875,3871.449951171875,3877.5
TCS.NS,2024-03-27,3888.5,3895.0,3829.39990234375,3840.89990234375
TCS.NS,2024-03-28,3850.10009765625,3915.0,3840.5,3876.300048828125
TCS.NS,2024-04-01,3897.699951171875,3933.300048828125,3888.050048828125,3916.75
TCS.NS,2024-04-02,3890.0,3909.85009765625,3873.0,3883.800048828125
TCS.NS,2024-04-03,3851.0,3981.0,3851.0,3947.300048828125
TCS.NS,2024-04-04,3975.89990234375,4028.64990234375,3935.25,4003.300048828125
TCS.NS,2024-04-05,3978.0,4002.0,3960.5,3979.25
TCS.NS,2024-04-08,3983.0,4032.64990234375,3960.0,3972.550048828125
TCS.NS,2024-04-09,3984.0,4015.85009765625,3925.050048828125,3946.550048828125
TCS.NS,2024-04-10,3956.39990234375,3990.199951171875,3918.0,3984.64990234375
TCS.NS,2024-04-12,3971.0,4013.35009765625,3945.5,4001.39990234375
TCS.NS,2024-04-15,4001.39990234375,4064.199951171875,3919.050048828125,3941.199951171875
TCS.NS,2024-04-16,3902.0,3928.699951171875,3862.85009765625,3872.800048828125
TCS.NS,2024-04-18,3876.800048828125,3936.0,3850.0,3862.0
TCS.NS,2024-04-19,3838.0,3852.550048828125,3800.89990234375,3826.199951171875
TCS.NS,2024-04-22,3837.0,3878.0,3812.0,3864.60009765625
TCS.NS,2024-04-23,3877.050048828125,3895.0,3860.60009765625,3874.699951171875
TCS.NS,2024-04-24,3890.0,3898.0,3824.449951171875,3831.050048828125
TCS.NS,2024-04-25,3811.199951171875,3873.64990234375,3811.0,3852.199951171875
TCS.NS,2024-04-26,3855.14990234375,3876.800048828125,3802.550048828125,3821.35009765625
TCS.NS,2024-04-29,3838.0,3877.800048828125,3819.199951171875,3870.199951171875
TCS.NS,2024-04-30,3872.0,3881.75,3810.0,3820.64990234375
TCS.NS,2024-05-02,3778.050048828125,3871.10009765625,3778.050048828125,3863.300048828125
TCS.NS,2024-05-03,3890.14990234375,3893.60009765625,3797.60009765625,3843.39990234375
TCS.NS,2024-05-06,3853.0,3939.949951171875,3853.0,3921.050048828125
TCS.NS,2024-05-07,3930.800048828125,3988.0,3913.5,3978.949951171875
TCS.NS,2024-05-08,3961.0,3984.300048828125,3938.60009765625,3976.949951171875
TCS.NS,2024-05-09,3962.0,3971.0,3910.050048828125,3960.199951171875
TCS.NS,2024-05-10,3962.60009765625,3973.60009765625,3885.050048828125,3893.89990234375
TCS.NS,2024-05-13,3884.5,3955.0,3870.0,3947.800048828125
TCS.NS,2024-05-14,3936.0,3945.800048828125,3892.89990234375,3901.199951171875
TCS.NS,2024-05-15,3904.5,3926.949951171875,3875.5,3880.39990234375
TCS.NS,2024-05-16,3891.10009765625,3909.5,3843.5,3900.949951171875
TCS.NS,2024-05-17,3919.0,3920.0,3830.0,3834.10009765625
TCS.NS,2024-05-21,3830.60009765625,3844.75,3810.050048828125,3820.199951171875
TCS.NS,2024-05-22,3835.0,3841.25,3817.550048828125,3832.0
TCS.NS,2024-05-23,3840.949951171875,3905.0,3825.5,3893.449951171875
TCS.NS,2024-05-24,3878.25,3883.800048828125,3844.300048828125,3849.5
TCS.NS,2024-05-27,3855.0,3908.35009765625,3841.35009765625,3847.050048828125
TCS.NS,2024-05-28,3858.0,3870.0,3830.0,3839.89990234375
TCS.NS,2024-05-29,3848.89990234375,3848.89990234375,3800.0,3803.64990234375
TCS.NS,2024-05-30,3777.0,3794.39990234375,3715.449951171875,3736.10009765625
TCS.NS,2024-05-31,3740.0,3749.800048828125,3653.75,3670.949951171875
TCS.NS,2024-06-03,3732.800048828125,3751.550048828125,3696.0,3702.85009765625
TCS.NS,2024-06-04,3700.0,3745.0,3591.5,3715.0
TCS.NS,2024-06-05,3716.0,3783.800048828125,3700.0,3746.449951171875
TCS.NS,2024-06-06,3781.0,3839.89990234375,3741.5,3830.39990234375
TCS.NS,2024-06-07,3837.300048828125,3915.0,3837.300048828125,3893.949951171875
TCS.NS,2024-06-10,3895.0,3905.89990234375,3841.89990234375,3858.699951171875
TCS.NS,2024-06-11,3845.0,3879.949951171875,3841.0,3852.10009765625
TCS.NS,2024-06-12,3874.39990234375,3893.5,3827.449951171875,3831.64990234375
TCS.NS,2024-06-13,3856.800048828125,3890.0,3852.0,3878.14990234375
TCS.NS,2024-06-14,3889.0,3889.0,3828.0,3832.050048828125
TCS.NS,2024-06-18,3826.050048828125,3842.0,3795.050048828125,3815.10009765625
TCS.NS,2024-06-19,3827.64990234375,3833.85009765625,3792.949951171875,3801.699951171875
TCS.NS,2024-06-20,3796.0,3809.949951171875,3780.050048828125,3787.25
TCS.NS,2024-06-21,3827.0,3877.800048828125,3798.050048828125,3810.75
TCS.NS,2024-06-24,3808.75,3857.0,3791.300048828125,3816.800048828125
TCS.NS,2024-06-25,3817.0,3847.64990234375,3792.89990234375,3838.449951171875
TCS.NS,2024-06-26,3844.5,3866.949951171875,3841.0,3855.85009765625
TCS.NS,2024-06-27,3831.0,3942.0,3818.10009765625,3934.14990234375
TCS.NS,2024-06-28,3917.800048828125,3960.0,3897.85009765625,3904.14990234375
TCS.NS,2024-07-01,3884.0,4001.699951171875,3884.0,3978.199951171875
TCS.NS,2024-07-02,3993.60009765625,4023.39990234375,3982.550048828125,4017.39990234375
TCS.NS,2024-07-03,4020.0,4026.10009765625,3955.0,3965.25
TCS.NS,2024-07-04,3999.85009765625,4047.35009765625,3982.10009765625,4020.949951171875
TCS.NS,2024-07-05,4010.0,4026.75,3988.0,4011.800048828125
TCS.NS,2024-07-08,4022.0,4031.25,3978.050048828125,3993.199951171875
TCS.NS,2024-07-09,3985.0,4006.949951171875,3975.10009765625,3985.5
TCS.NS,2024-07-10,3983.699951171875,4003.300048828125,3902.0,3909.14990234375
TCS.NS,2024-07-11,3931.0,3980.0,3895.60009765625,3923.699951171875
TCS.NS,2024-07-12,3980.0,4199.9501953125,3971.300048828125,4183.9501953125
TCS.NS,2024-07-15,4235.7001953125,4240.0,4157.0498046875,4169.2001953125
TCS.NS,2024-07-16,4172.0,4194.5498046875,4144.89990234375,4178.4501953125
TCS.NS,2024-07-18,4160.0,4325.0,4160.0,4315.5498046875
TCS.NS,2024-07-19,4317.39990234375,4358.75,4285.25,4302.39990234375
TCS.NS,2024-07-22,4299.9501953125,4319.9501953125,4265.0,4287.35009765625
TCS.NS,2024-07-23,4283.0,4361.7001953125,4266.2998046875,4302.35009765625
TCS.NS,2024-07-24,4287.5,4339.10009765625,4268.10009765625,4306.25
TCS.NS,2024-07-25,4295.0,4343.0,4274.2001953125,4322.5
TCS.NS,2024-07-26,4350.0,4422.4501953125,4337.0498046875,4387.85009765625
TCS.NS,2024-07-29,4415.0,4431.0,4371.0,4381.10009765625
TCS.NS,2024-07-30,4391.10009765625,4398.0,4327.2998046875,4365.35009765625
TCS.NS,2024-07-31,4350.0,4414.0,4345.0,4385.35009765625
TCS.NS,2024-08-01,4399.39990234375,4419.2998046875,4365.0498046875,4397.10009765625
TCS.NS,2024-08-02,4365.0,4398.0,4270.0,4283.0498046875
TCS.NS,2024-08-05,4239.0,4239.0,4110.5,4155.0498046875
TCS.NS,2024-08-06,4170.9501953125,4258.25,4160.7998046875,4171.2001953125
TCS.NS,2024-08-07,4228.0,4244.9501953125,4180.2998046875,4200.4501953125
TCS.NS,2024-08-08,4181.0,4232.0,4160.0,4172.5498046875
TCS.NS,2024-08-09,4217.0,4253.64990234375,4205.5498046875,4228.75
TCS.NS,2024-08-12,4230.0,4239.0,4186.35009765625,4195.64990234375
TCS.NS,2024-08-13,4213.0,4234.0,4183.0,4196.9501953125
TCS.NS,2024-08-14,4209.0,4306.2001953125,4188.14990234375,4295.25
TCS.NS,2024-08-16,4350.0,4427.0,4325.10009765625,4416.0498046875
TCS.NS,2024-08-19,4421.0,4494.25,4390.35009765625,4490.0
TCS.NS,2024-08-20,4505.0,4565.0,4500.0,4523.2998046875
TCS.NS,2024-08-21,4518.0,4560.0,4492.5498046875,4551.5
TCS.NS,2024-08-22,4560.0,4560.9501953125,4497.2001953125,4502.0
TCS.NS,2024-08-23,4500.0,4506.0,4455.0,4463.89990234375
TCS.NS,2024-08-26,4489.0,4552.14990234375,4485.0,4502.4501953125
TCS.NS,2024-08-27,4505.0,4510.0,4486.7998046875,4497.14990234375
TCS.NS,2024-08-28,4498.75,4562.5,4457.2998046875,4506.0498046875
TCS.NS,2024-08-29,4460.0,4556.0,4460.0,4511.7998046875
TCS.NS,2024-08-30,4500.0,4592.25,4487.7998046875,4553.75
TCS.NS,2024-09-02,4576.0,4588.0,4512.0,4521.0498046875
TCS.NS,2024-09-03,4521.0498046875,4555.89990234375,4495.89990234375,4512.35009765625
TCS.NS,2024-09-04,4476.9501953125,4487.0,4436.7001953125,4479.25
TCS.NS,2024-09-05,4481.0,4499.0,4454.14990234375,4475.9501953125
TCS.NS,2024-09-06,4473.9501953125,4518.9501953125,4440.0,4456.75
TCS.NS,2024-09-09,4455.0,4490.25,4430.5,4449.5498046875
TCS.NS,2024-09-10,4442.4501953125,4539.9501953125,4440.4501953125,4507.85009765625
TCS.NS,2024-09-11,4521.4501953125,4549.35009765625,4471.25,4479.35009765625
TCS.NS,2024-09-12,4510.25,4532.60009765625,4431.2998046875,4517.7001953125
TCS.NS,2024-09-13,4530.0,4547.0,4505.0,4522.60009765625
TCS.NS,2024-09-16,4527.0,4546.0498046875,4494.4501953125,4513.25
TCS.NS,2024-09-17,4513.25,4535.7998046875,4466.0,4505.64990234375
TCS.NS,2024-09-18,4497.0498046875,4497.0498046875,4321.0,4346.14990234375
TCS.NS,2024-09-19,4390.0498046875,4422.2001953125,4281.7998046875,4296.14990234375
TCS.NS,2024-09-20,4316.89990234375,4330.7001953125,4227.5,4284.89990234375
TCS.NS,2024-09-23,4300.0,4309.39990234375,4253.0,4268.5
TCS.NS,2024-09-24,4251.64990234375,4291.0,4240.0,4271.2998046875
TCS.NS,2024-09-25,4252.35009765625,4289.60009765625,4240.0,4274.75
TCS.NS,2024-09-26,4260.0,4316.7998046875,4260.0,4292.5
TCS.NS,2024-09-27,4335.0,4378.0,4300.0498046875,4308.7001953125
TCS.NS,2024-09-30,4286.89990234375,4298.75,4260.0498046875,4268.5
TCS.NS,2024-10-01,4255.5498046875,4295.75,4242.9501953125,4287.89990234375
TCS.NS,2024-10-03,4262.60009765625,4279.0,4210.0,4232.75
TCS.NS,2024-10-04,4225.0,4298.0,4224.0498046875,4252.25
TCS.NS,2024-10-07,4273.89990234375,4297.25,4229.39990234375,4272.85009765625
TCS.NS,2024-10-08,4272.60009765625,4279.39990234375,4203.9501953125,4253.25
TCS.NS,2024-10-09,4260.0,4295.0,4246.7001953125,4252.9501953125
TCS.NS,2024-10-10,4253.25,4293.85009765625,4198.60009765625,4227.39990234375
TCS.NS,2024-10-11,4143.0,4241.9501953125,4112.4501953125,4149.2001953125
TCS.NS,2024-10-14,4140.0,4165.39990234375,4122.2001953125,4136.64990234375
TCS.NS,2024-10-15,4131.0498046875,4169.9501953125,4095.0,4116.7998046875
TCS.NS,2024-10-16,4085.0,4115.0,4067.199951171875,4094.949951171875
TCS.NS,2024-10-17,4112.7998046875,4129.9501953125,4092.949951171875,4109.0
TCS.NS,2024-10-18,4090.0,4146.14990234375,4080.0,4123.0498046875
TCS.NS,2024-10-21,4132.60009765625,4139.9501953125,4070.0,4079.85009765625
TCS.NS,2024-10-22,4066.0,4089.800048828125,4006.35009765625,4015.5
TCS.NS,2024-10-23,3999.60009765625,4113.5498046875,3995.14990234375,4066.25
TCS.NS,2024-10-24,4004.0,4079.0,4004.0,4047.89990234375
TCS.NS,2024-10-25,4057.050048828125,4092.0,4032.699951171875,4057.550048828125
TCS.NS,2024-10-28,4068.949951171875,4134.0,4051.0,4090.85009765625
TCS.NS,2024-10-29,4095.85009765625,4103.5,4060.10009765625,4075.25
TCS.NS,2024-10-30,4075.0,4107.0,4060.050048828125,4084.64990234375
TCS.NS,2024-10-31,4070.0,4078.300048828125,3960.0,3968.449951171875
TCS.NS,2024-11-01,3989.85009765625,3998.949951171875,3976.050048828125,3984.199951171875
TCS.NS,2024-11-04,3966.300048828125,3991.89990234375,3913.25,3964.14990234375
TCS.NS,2024-11-05,3941.10009765625,3986.0,3941.10009765625,3971.35009765625
TCS.NS,2024-11-06,4003.60009765625,4149.7998046875,3975.25,4139.64990234375
TCS.NS,2024-11-07,4169.7001953125,4205.7998046875,4085.050048828125,4150.89990234375
TCS.NS,2024-11-08,4155.0,4169.75,4117.64990234375,4147.0
TCS.NS,2024-11-11,4128.2001953125,4234.2998046875,4117.64990234375,4198.7001953125
TCS.NS,2024-11-12,4216.0,4218.0,4164.35009765625,4197.39990234375
TCS.NS,2024-11-13,4178.10009765625,4196.75,4131.0498046875,4150.35009765625
TCS.NS,2024-11-14,4135.0,4160.0,4116.4501953125,4145.89990234375
TCS.NS,2024-11-18,4213.0,4213.0,3990.199951171875,4019.5
TCS.NS,2024-11-19,4019.89990234375,4132.14990234375,4014.10009765625,4039.550048828125
TCS.NS,2024-11-21,4044.89990234375,4092.449951171875,4024.0,4072.85009765625
TCS.NS,2024-11-22,4071.0,4254.9501953125,4054.0,4244.60009765625
TCS.NS,2024-11-25,4280.0,4328.10009765625,4252.2001953125,4315.10009765625
TCS.NS,2024-11-26,4321.0498046875,4366.60009765625,4310.0,4352.7001953125
TCS.NS,2024-11-27,4358.9501953125,4377.39990234375,4324.0498046875,4332.5498046875
TCS.NS,2024-11-28,4319.0,4339.9501953125,4233.0,4244.89990234375
TCS.NS,2024-11-29,4220.0,4298.7001953125,4195.64990234375,4270.85009765625
TCS.NS,2024-12-02,4270.0,4288.2001953125,4230.0498046875,4276.64990234375
TCS.NS,2024-12-03,4314.35009765625,4325.0,4265.4501953125,4302.75
TCS.NS,2024-12-04,4313.5498046875,4386.9501953125,4289.0498046875,4354.39990234375
TCS.NS,2024-12-05,4400.7998046875,4489.0,4360.0,4464.0498046875
TCS.NS,2024-12-06,4453.0,4465.0,4412.75,4445.5
TCS.NS,2024-12-09,4430.4501953125,4469.39990234375,4415.5498046875,4452.14990234375
TCS.NS,2024-12-10,4426.14990234375,4493.7998046875,4412.10009765625,4432.5498046875
TCS.NS,2024-12-11,4431.85009765625,4448.64990234375,4407.0,4427.4501953125
TCS.NS,2024-12-12,4430.0498046875,4485.0,4426.0,4454.9501953125
TCS.NS,2024-12-13,4434.9501953125,4494.89990234375,4394.39990234375,4473.89990234375
TCS.NS,2024-12-16,4459.0,4475.0,4397.0,4415.2001953125
TCS.NS,2024-12-17,4410.0,4432.9501953125,4318.0,4328.5
TCS.NS,2024-12-18,4311.7001953125,4362.0,4289.60009765625,4347.85009765625
TCS.NS,2024-12-19,4282.0,4364.0,4262.0,4271.89990234375
TCS.NS,2024-12-20,4329.0,4382.0,4152.5,4170.2998046875
TCS.NS,2024-12-23,4200.0498046875,4217.0,4114.89990234375,4158.2998046875
TCS.NS,2024-12-24,4158.2998046875,4218.0,4158.2998046875,4179.5
TCS.NS,2024-12-26,4179.5,4199.9501953125,4143.14990234375,4169.10009765625
TCS.NS,2024-12-27,4163.0,4180.9501953125,4147.25,4164.85009765625
TCS.NS,2024-12-30,4151.0,4199.2998046875,4112.0,4158.7998046875
TCS.NS,2024-12-31,4135.0,4139.9501953125,4032.050048828125,4094.800048828125
TCS.NS,2025-01-01,4094.39990234375,4134.0,4085.449951171875,4112.4501953125
TCS.NS,2025-01-02,4120.0,4183.0,4096.9501953125,4175.75
TCS.NS,2025-01-03,4179.9501953125,4179.9501953125,4092.300048828125,4099.89990234375
TCS.NS,2025-01-06,4105.5,4149.64990234375,4066.39990234375,4095.0
TCS.NS,2025-01-07,4114.9501953125,4140.35009765625,4011.550048828125,4028.300048828125
TCS.NS,2025-01-08,4034.89990234375,4126.0,4017.75,4108.39990234375
TCS.NS,2025-01-09,4101.0,4137.75,4025.300048828125,4038.85009765625
TCS.NS,2025-01-10,4200.0,4297.0,4170.0,4265.64990234375
TCS.NS,2025-01-13,4245.0,4322.9501953125,4227.39990234375,4291.10009765625
TCS.NS,2025-01-14,4302.0,4313.89990234375,4219.0498046875,4233.0498046875
TCS.NS,2025-01-15,4218.0,4256.4501953125,4207.4501953125,4249.60009765625
TCS.NS,2025-01-16,4260.0,4294.0,4191.85009765625,4206.2998046875
TCS.NS,2025-01-17,4159.89990234375,4160.60009765625,4100.0498046875,4124.2998046875
TCS.NS,2025-01-20,4145.7998046875,4145.7998046875,4068.10009765625,4077.800048828125
TCS.NS,2025-01-21,4095.300048828125,4111.0,4030.0,4035.85009765625
TCS.NS,2025-01-22,4050.0,4163.14990234375,4044.199951171875,4156.60009765625
TCS.NS,2025-01-23,4168.0,4191.35009765625,4140.0498046875,4145.4501953125
TCS.NS,2025-01-24,4104.0,4178.0,4104.0,4152.35009765625
TCS.NS,2025-01-27,4102.0,4156.35009765625,4041.050048828125,4065.14990234375
TCS.NS,2025-01-28,4070.800048828125,4102.0,4028.300048828125,4040.300048828125
TCS.NS,2025-01-29,4054.0,4107.85009765625,4054.0,4099.7998046875
TCS.NS,2025-01-30,4099.89990234375,4129.89990234375,4058.5,4100.0498046875
TCS.NS,2025-01-31,4110.0,4128.4501953125,4085.25,4112.39990234375
TCS.NS,2025-02-01,4113.0,4135.89990234375,4056.0,4073.14990234375
TCS.NS,2025-02-03,4030.89990234375,4077.0,3998.699951171875,4068.64990234375
TCS.NS,2025-02-04,4083.699951171875,4118.85009765625,4066.050048828125,4107.0498046875
TCS.NS,2025-02-05,4150.0,4150.0,4076.0,4091.10009765625
TCS.NS,2025-02-06,4105.39990234375,4139.5,4051.550048828125,4082.75
TCS.NS,2025-02-07,4090.0,4090.0,4008.0,4029.39990234375
TCS.NS,2025-02-10,4040.0,4052.0,4014.35009765625,4036.949951171875
TCS.NS,2025-02-11,4018.39990234375,4040.0,3955.0,3963.550048828125
TCS.NS,2025-02-12,3971.10009765625,4021.75,3940.14990234375,3950.14990234375
TCS.NS,2025-02-13,3968.0,3984.449951171875,3902.25,3910.14990234375
TCS.NS,2025-02-14,3925.0,3948.0,3900.0,3934.85009765625
TCS.NS,2025-02-17,3856.5,3934.0,3856.199951171875,3904.5
TCS.NS,2025-02-18,3898.39990234375,3924.39990234375,3864.5,3873.199951171875
TCS.NS,2025-02-19,3872.199951171875,3874.949951171875,3768.14990234375,3784.10009765625
TCS.NS,2025-02-20,3761.5,3788.0,3751.300048828125,3779.39990234375
TCS.NS,2025-02-21,3776.10009765625,3817.0,3775.0,3786.0
TCS.NS,2025-02-24,3743.14990234375,3763.199951171875,3670.0,3675.60009765625
TCS.NS,2025-02-25,3625.0,3658.0,3621.25,3629.550048828125
TCS.NS,2025-02-27,3611.699951171875,3638.0,3600.699951171875,3612.550048828125
TCS.NS,2025-02-28,3584.949951171875,3600.0,3457.0,3483.25
TCS.NS,2025-03-03,3485.0,3523.25,3476.14990234375,3493.050048828125
TCS.NS,2025-03-04,3474.0,3551.0,3464.300048828125,3532.050048828125
TCS.NS,2025-03-05,3520.85009765625,3600.35009765625,3520.85009765625,3547.050048828125
TCS.NS,2025-03-06,3557.0,3609.449951171875,3536.10009765625,3601.60009765625
TCS.NS,2025-03-07,3600.0,3625.0,3574.39990234375,3611.199951171875
TCS.NS,2025-03-10,3606.5,3622.10009765625,3582.60009765625,3589.64990234375
TCS.NS,2025-03-11,3558.0,3588.75,3537.64990234375,3575.300048828125
TCS.NS,2025-03-12,3565.0,3569.25,3486.85009765625,3506.199951171875
TCS.NS,2025-03-13,3502.300048828125,3524.300048828125,3484.10009765625,3511.050048828125
TCS.NS,2025-03-17,3489.0,3530.449951171875,3477.35009765625,3497.699951171875
TCS.NS,2025-03-18,3497.699951171875,3497.699951171875,3497.699951171875,3497.699951171875
TCS.NS,2025-03-19,3547.0,3547.0,3462.75,3497.10009765625
TCS.NS,2025-03-20,3512.0,3578.949951171875,3512.0,3563.14990234375
TCS.NS,2025-03-21,3475.0,3616.25,3465.0,3578.10009765625
TCS.NS,2025-03-24,3600.0,3649.75,3566.60009765625,3628.949951171875
TCS.NS,2025-03-25,3645.0,3710.0,3638.0,3657.75
TCS.NS,2025-03-26,3647.75,3680.5,3625.85009765625,3635.800048828125
TCS.NS,2025-03-27,3614.85009765625,3663.0,3610.5,3651.199951171875
TCS.NS,2025-03-28,3651.0,3660.949951171875,3591.89990234375,3606.14990234375
TCS.NS,2025-04-01,3572.699951171875,3584.0,3525.0,3550.800048828125
TCS.NS,2025-04-02,3544.0,3564.10009765625,3530.050048828125,3543.949951171875
TCS.NS,2025-04-03,3491.0,3502.0,3396.14990234375,3403.14990234375
TCS.NS,2025-04-04,3362.60009765625,3399.64990234375,3295.5,3299.39990234375
TCS.NS,2025-04-07,3100.0,3291.39990234375,3056.050048828125,3274.050048828125
TCS.NS,2025-04-08,3302.050048828125,3349.0,3255.300048828125,3292.949951171875
TCS.NS,2025-04-09,3260.550048828125,3270.0,3212.050048828125,3246.60009765625
TCS.NS,2025-04-11,3289.550048828125,3298.949951171875,3206.0,3231.5
TCS.NS,2025-04-15,3314.39990234375,3314.39990234375,3238.60009765625,3248.199951171875
TCS.NS,2025-04-16,3248.199951171875,3278.10009765625,3229.0,3273.800048828125
TCS.NS,2025-04-17,3245.5,3303.60009765625,3218.0,3298.89990234375
TCS.NS,2025-04-21,3290.10009765625,3354.0,3284.10009765625,3321.60009765625
TCS.NS,2025-04-22,3322.60009765625,3333.89990234375,3295.0,3314.39990234375
TCS.NS,2025-04-23,3365.0,3420.89990234375,3337.300048828125,3413.0
TCS.NS,2025-04-24,3401.10009765625,3412.5,3387.699951171875,3401.60009765625
TCS.NS,2025-04-25,3420.0,3477.800048828125,3405.0,3448.0
TCS.NS,2025-04-28,3435.0,3457.800048828125,3405.0,3443.5
TCS.NS,2025-04-29,3455.0,3495.0,3430.39990234375,3472.5
TCS.NS,2025-04-30,3472.0,3509.89990234375,3366.0,3453.699951171875
TCS.NS,2025-05-02,3472.0,3491.5,3420.0,3431.0
TCS.NS,2025-05-05,3450.0,3504.5,3446.39990234375,3454.300048828125
TCS.NS,2025-05-06,3460.0,3473.0,3437.0,3460.0
TCS.NS,2025-05-07,3420.60009765625,3459.5,3420.60009765625,3445.10009765625
TCS.NS,2025-05-08,3448.0,3477.0,3428.699951171875,3448.89990234375
TCS.NS,2025-05-09,3399.0,3446.199951171875,3398.10009765625,3440.300048828125
TCS.NS,2025-05-12,3505.0,3630.5,3502.199951171875,3620.39990234375
TCS.NS,2025-05-13,3620.39990234375,3623.0,3510.5,3515.0
TCS.NS,2025-05-14,3521.0,3561.0,3508.60009765625,3548.699951171875
TCS.NS,2025-05-15,3564.0,3600.0,3514.10009765625,3579.89990234375
TCS.NS,2025-05-16,3593.89990234375,3593.89990234375,3546.10009765625,3561.300048828125
TCS.NS,2025-05-19,3550.0,3550.0,3503.699951171875,3518.800048828125
TCS.NS,2025-05-20,3531.800048828125,3558.0,3494.0,3498.300048828125
TCS.NS,2025-05-21,3508.0,3537.0,3498.300048828125,3525.800048828125
TCS.NS,2025-05-22,3495.0,3497.800048828125,3451.300048828125,3477.0
TCS.NS,2025-05-23,3477.0,3535.0,3465.60009765625,3514.60009765625
TCS.NS,2025-05-26,3521.0,3545.0,3510.10009765625,3537.300048828125
TCS.NS,2025-05-27,3532.0,3540.0,3483.10009765625,3498.699951171875
TCS.NS,2025-05-28,3520.0,3529.0,3493.0,3497.699951171875
TCS.NS,2025-05-29,3504.699951171875,3532.5,3486.5,3498.10009765625
TCS.NS,2025-05-30,3490.0,3506.699951171875,3453.10009765625,3463.39990234375
TCS.NS,2025-06-02,3450.0,3460.0,3418.60009765625,3449.800048828125
TCS.NS,2025-06-03,3446.0,3473.5,3400.5,3405.199951171875
TCS.NS,2025-06-04,3389.0,3394.800048828125,3370.0,3380.89990234375
TCS.NS,2025-06-05,3409.0,3409.0,3363.699951171875,3371.10009765625
TCS.NS,2025-06-06,3371.10009765625,3390.89990234375,3358.699951171875,3384.199951171875
TCS.NS,2025-06-09,3400.0,3434.0,3390.89990234375,3421.89990234375
TCS.NS,2025-06-10,3440.0,3485.800048828125,3423.199951171875,3462.89990234375
TCS.NS,2025-06-11,3470.0,3489.0,3449.10009765625,3471.89990234375
TCS.NS,2025-06-12,3471.89990234375,3474.699951171875,3423.199951171875,3434.199951171875
TCS.NS,2025-06-13,3393.199951171875,3450.5,3393.199951171875,3445.699951171875
TCS.NS,2025-06-16,3440.0,3509.0,3426.199951171875,3496.300048828125
TCS.NS,2025-06-17,3510.0,3520.0,3488.10009765625,3515.300048828125
TCS.NS,2025-06-18,3519.10009765625,3538.0,3443.10009765625,3451.39990234375
TCS.NS,2025-06-19,3450.0,3451.0,3413.0,3424.0
TCS.NS,2025-06-20,3425.0,3446.300048828125,3410.89990234375,3435.699951171875
TCS.NS,2025-06-23,3415.0,3425.0,3370.0,3393.60009765625
TCS.NS,2025-06-24,3434.60009765625,3442.10009765625,3382.0,3390.39990234375
TCS.NS,2025-06-25,3407.300048828125,3450.0,3400.0,3444.800048828125
TCS.NS,2025-06-26,3444.800048828125,3451.39990234375,3415.300048828125,3441.800048828125
TCS.NS,2025-06-27,3455.0,3466.39990234375,3431.0,3441.10009765625
TCS.NS,2025-06-30,3439.89990234375,3464.89990234375,3430.0,3462.0
TCS.NS,2025-07-01,3455.0,3485.0,3413.5,3429.699951171875
TCS.NS,2025-07-02,3487.199951171875,3489.89990234375,3420.0,3423.300048828125
TCS.NS,2025-07-03,3430.0,3435.300048828125,3397.60009765625,3400.800048828125
TCS.NS,2025-07-04,3408.0,3427.0,3390.10009765625,3419.800048828125
TCS.NS,2025-07-07,3418.300048828125,3426.10009765625,3408.39990234375,3411.699951171875
TCS.NS,2025-07-08,3405.0,3425.0,3393.39990234375,3406.199951171875
TCS.NS,2025-07-09,3410.0,3414.0,3367.0,3383.800048828125
TCS.NS,2025-07-10,3380.0,3399.0,3356.0,3382.0
TCS.NS,2025-07-11,3299.89990234375,3335.0,3261.10009765625,3266.0
TCS.NS,2025-07-14,3266.0,3272.0,3200.0,3222.699951171875
TCS.NS,2025-07-15,3206.0,3259.39990234375,3206.0,3252.300048828125
TCS.NS,2025-07-16,3227.0,3244.89990234375,3220.60009765625,3233.10009765625
TCS.NS,2025-07-17,3224.10009765625,3242.0,3204.10009765625,3209.199951171875
TCS.NS,2025-07-18,3225.0,3228.800048828125,3187.0,3189.89990234375
TCS.NS,2025-07-21,3190.0,3197.60009765625,3152.0,3158.199951171875
TCS.NS,2025-07-22,3159.60009765625,3180.10009765625,3154.60009765625,3159.60009765625
TCS.NS,2025-07-23,3159.60009765625,3182.0,3157.60009765625,3179.10009765625
TCS.NS,2025-07-24,3165.10009765625,3173.699951171875,3140.0,3148.0
TCS.NS,2025-07-25,3140.0,3156.89990234375,3125.60009765625,3135.800048828125
TCS.NS,2025-07-28,3110.0,3118.0,3069.89990234375,3079.300048828125
TCS.NS,2025-07-29,3060.0,3074.0,3041.199951171875,3056.0
TCS.NS,2025-07-30,3060.0,3069.0,3047.199951171875,3053.60009765625
TCS.NS,2025-07-31,3041.699951171875,3059.800048828125,3015.0,3036.800048828125
TCS.NS,2025-08-01,3029.89990234375,3036.800048828125,3000.0,3003.0
TCS.NS,2025-08-04,3009.10009765625,3079.39990234375,2991.60009765625,3074.39990234375
TCS.NS,2025-08-05,3074.39990234375,3077.5,3042.0,3063.89990234375
TCS.NS,2025-08-06,3063.0,3066.800048828125,3026.0,3032.300048828125
TCS.NS,2025-08-07,3016.0,3051.60009765625,3010.89990234375,3047.0
TCS.NS,2025-08-08,3048.10009765625,3059.800048828125,3025.0,3036.39990234375
TCS.NS,2025-08-11,3036.39990234375,3049.89990234375,3021.300048828125,3040.800048828125
TCS.NS,2025-08-12,3041.0,3096.39990234375,3026.89990234375,3035.39990234375
TCS.NS,2025-08-13,3036.10009765625,3044.39990234375,3028.60009765625,3036.199951171875
TCS.NS,2025-08-14,3034.0,3055.89990234375,3019.10009765625,3022.300048828125
TCS.NS,2025-08-18,3046.5,3049.0,3003.39990234375,3011.199951171875
TCS.NS,2025-08-19,3011.199951171875,3025.0,3011.10009765625,3016.199951171875
TCS.NS,2025-08-20,3010.89990234375,3103.39990234375,3010.89990234375,3098.60009765625
TCS.NS,2025-08-21,3130.0,3130.0,3083.10009765625,3102.60009765625
TCS.NS,2025-08-22,3086.0,3095.699951171875,3050.0,3054.0
TCS.NS,2025-08-25,3087.300048828125,3152.0,3077.10009765625,3140.60009765625
TCS.NS,2025-08-26,3129.0,3162.0,3120.0,3157.199951171875
TCS.NS,2025-08-28,3145.0,3146.5,3086.5,3093.699951171875
TCS.NS,2025-08-29,3093.0,3115.0,3077.199951171875,3084.699951171875
TCS.NS,2025-09-01,3090.0,3131.10009765625,3090.0,3112.60009765625
TCS.NS,2025-09-02,3121.10009765625,3155.0,3103.10009765625,3111.5
TCS.NS,2025-09-03,3129.89990234375,3141.89990234375,3088.0,3097.5
TCS.NS,2025-09-04,3116.0,3118.0,3090.800048828125,3095.699951171875
TCS.NS,2025-09-05,3097.10009765625,3103.39990234375,3028.60009765625,3048.300048828125
TCS.NS,2025-09-08,3050.0,3064.89990234375,3016.0,3019.0
TCS.NS,2025-09-09,3032.10009765625,3060.0,3030.800048828125,3049.39990234375
TCS.NS,2025-09-10,3056.39990234375,3122.699951171875,3053.39990234375,3110.0
TCS.NS,2025-09-11,3139.0,3139.0,3110.10009765625,3124.199951171875
TCS.NS,2025-09-12,3144.0,3148.699951171875,3121.0,3133.39990234375
TCS.NS,2025-09-15,3134.0,3134.0,3096.0,3111.89990234375
TCS.NS,2025-09-16,3128.0,3150.0,3109.10009765625,3145.699951171875
TCS.NS,2025-09-17,3152.0,3182.39990234375,3142.39990234375,3172.800048828125
TCS.NS,2025-09-18,3185.0,3203.0,3161.39990234375,3176.699951171875
TCS.NS,2025-09-19,3170.0,3180.5,3144.0,3169.199951171875
TCS.NS,2025-09-22,3095.0,3106.89990234375,3065.0,3073.800048828125
TCS.NS,2025-09-23,3070.0,3080.699951171875,3052.0,3062.39990234375
TCS.NS,2025-09-24,3050.0,3057.0,3033.0,3035.39990234375
TCS.NS,2025-09-25,3022.0,3029.60009765625,2951.0,2957.39990234375
TCS.NS,2025-09-26,2941.0,2954.800048828125,2891.300048828125,2899.10009765625
TCS.NS,2025-09-29,2916.0,2929.300048828125,2894.0,2896.10009765625
TCS.NS,2025-09-30,2911.0,2915.300048828125,2885.10009765625,2888.39990234375
TCS.NS,2025-10-01,2891.0,2924.800048828125,2866.60009765625,2914.199951171875
TCS.NS,2025-10-03,2924.0,2924.0,2891.10009765625,2901.89990234375
TCS.NS,2025-10-06,2902.0,2993.60009765625,2895.60009765625,2988.39990234375
TCS.NS,2025-10-07,2995.0,3004.5,2955.5,2973.699951171875
TCS.NS,2025-10-08,2975.0,3043.0,2968.0,3027.199951171875
TCS.NS,2025-10-09,3034.0,3066.0,3020.0,3061.699951171875
TCS.NS,2025-10-10,3050.0,3070.0,3006.89990234375,3028.300048828125
TCS.NS,2025-10-13,3027.0,3035.5,2998.199951171875,3007.199951171875
TCS.NS,2025-10-14,3021.0,3027.199951171875,2955.5,2960.300048828125
TCS.NS,2025-10-15,2971.0,2979.699951171875,2951.0,2969.800048828125
TCS.NS,2025-10-16,2969.89990234375,2975.0,2943.10009765625,2970.699951171875
TCS.NS,2025-10-17,2970.0,2988.800048828125,2955.39990234375,2962.199951171875
TCS.NS,2025-10-20,2985.5,3023.0,2978.5,3015.199951171875
TCS.NS,2025-10-21,3031.10009765625,3031.800048828125,2996.0,3006.699951171875
TCS.NS,2025-10-23,3055.0,3098.0,3036.10009765625,3073.199951171875
TCS.NS,2025-10-24,3080.0,3090.0,3058.300048828125,3063.199951171875
TCS.NS,2025-10-27,3066.5,3094.199951171875,3060.199951171875,3084.89990234375
TCS.NS,2025-10-28,3076.0,3090.199951171875,3040.199951171875,3057.89990234375
TCS.NS,2025-10-29,3057.89990234375,3076.0,3046.10009765625,3057.60009765625
TCS.NS,2025-10-30,3049.10009765625,3063.800048828125,3032.800048828125,3035.300048828125
TCS.NS,2025-10-31,3035.0,3067.39990234375,3025.10009765625,3058.0
TCS.NS,2025-11-03,3046.89990234375,3058.0,3010.0,3016.800048828125
TCS.NS,2025-11-04,3019.60009765625,3029.300048828125,2976.0,2990.199951171875
TCS.NS,2025-11-06,2990.10009765625,3024.0,2990.0,3010.89990234375
TCS.NS,2025-11-07,3001.0,3004.0,2960.5,2991.800048828125
TCS.NS,2025-11-10,2993.0,3047.89990234375,2992.0,3025.199951171875
TCS.NS,2025-11-11,3045.0,3055.699951171875,3018.0,3047.0
TCS.NS,2025-11-12,3060.0,3136.39990234375,3057.10009765625,3131.800048828125
TCS.NS,2025-11-13,3131.800048828125,3131.89990234375,3102.0,3105.699951171875
TCS.NS,2025-11-14,3090.0,3113.10009765625,3077.300048828125,3106.0
TCS.NS,2025-11-17,3106.0,3123.5,3086.60009765625,3102.199951171875
TCS.NS,2025-11-18,3102.0,3105.0,3078.0,3087.10009765625
TCS.NS,2025-11-19,3097.0,3155.0,3083.5,3147.699951171875
TCS.NS,2025-11-20,3148.0,3164.5,3138.10009765625,3144.800048828125
TCS.NS,2025-11-21,3144.800048828125,3170.0,3135.199951171875,3150.60009765625
TCS.NS,2025-11-24,3158.0,3178.89990234375,3131.0,3141.199951171875
TCS.NS,2025-11-25,3145.300048828125,3149.800048828125,3115.0,3119.199951171875
TCS.NS,2025-11-26,3118.800048828125,3178.0,3117.0,3162.89990234375
TCS.NS,2025-11-27,3180.0,3180.0,3125.0,3136.60009765625
TCS.NS,2025-11-28,3140.0,3147.300048828125,3125.0,3137.5
TCS.NS,2025-12-01,3137.89990234375,3154.0,3122.199951171875,3133.39990234375
TCS.NS,2025-12-02,3131.0,3144.0,3120.39990234375,3135.699951171875
TCS.NS,2025-12-03,3140.0,3211.89990234375,3139.0,3180.0
TCS.NS,2025-12-04,3194.0,3250.0,3187.39990234375,3229.199951171875
TCS.NS,2025-12-05,3230.0,3271.60009765625,3222.39990234375,3238.199951171875
TCS.NS,2025-12-08,3243.0,3259.89990234375,3208.60009765625,3236.5
TCS.NS,2025-12-09,3230.0,3233.699951171875,3181.199951171875,3208.300048828125
TCS.NS,2025-12-10,3225.0,3225.0,3178.10009765625,3189.199951171875
TCS.NS,2025-12-11,3205.0,3208.39990234375,3153.10009765625,3191.89990234375
TCS.NS,2025-12-12,3197.699951171875,3223.0,3185.699951171875,3220.5
TCS.NS,2025-12-15,3211.10009765625,3238.199951171875,3197.300048828125,3230.199951171875
TCS.NS,2025-12-16,3220.0,3220.0,3191.10009765625,3205.10009765625
TCS.NS,2025-12-17,3200.5,3236.89990234375,3200.5,3217.800048828125
TCS.NS,2025-12-18,3228.0,3287.800048828125,3221.0,3280.800048828125
TCS.NS,2025-12-19,3299.0,3317.89990234375,3278.800048828125,3282.0
TCS.NS,2025-12-22,3310.0,3328.60009765625,3291.0,3324.89990234375
TCS.NS,2025-12-23,3319.89990234375,3319.89990234375,3293.5,3310.0
TCS.NS,2025-12-24,3304.10009765625,3327.10009765625,3296.10009765625,3319.0
TCS.NS,2025-12-26,3313.10009765625,3320.0,3271.800048828125,3280.0
TCS.NS,2025-12-29,3280.0,3288.0,3242.89990234375,3251.5
TCS.NS,2025-12-30,3250.0,3267.5,3239.5,3246.800048828125
TCS.NS,2025-12-31,3240.0,3246.0,3198.5,3206.199951171875
TCS.NS,2026-01-01,3215.0,3234.10009765625,3198.199951171875,3227.39990234375
TCS.NS,2026-01-02,3234.0,3254.300048828125,3219.5,3250.699951171875
TCS.NS,2026-01-05,3240.5,3247.0,3191.0,3216.10009765625
TCS.NS,2026-01-06,3210.0,3263.199951171875,3205.0,3255.800048828125
TCS.NS,2026-01-07,3242.89990234375,3300.60009765625,3223.199951171875,3295.60009765625
TCS.NS,2026-01-08,3286.89990234375,3286.89990234375,3182.0,3203.89990234375
TCS.NS,2026-01-09,3191.0,3229.699951171875,3191.0,3207.800048828125
TCS.NS,2026-01-12,3203.0,3252.0,3174.300048828125,3239.60009765625
TCS.NS,2026-01-13,3245.0,3280.0,3210.5,3268.0
TCS.NS,2026-01-14,3260.0,3260.0,3183.0,3192.5
TCS.NS,2026-01-15,3192.5,3192.5,3192.5,3192.5
TCS.NS,2026-01-16,3219.39990234375,3221.89990234375,3171.0,3206.699951171875
TCS.NS,2026-01-19,3188.0,3220.0,3152.10009765625,3163.60009765625
TCS.NS,2026-01-20,3151.60009765625,3160.0,3091.10009765625,3102.300048828125
TCS.NS,2026-01-21,3100.0,3138.5,3082.0,3122.60009765625
TCS.NS,2026-01-22,3150.0,3160.0,3122.300048828125,3150.39990234375
TCS.NS,2026-01-23,3190.300048828125,3194.5,3152.0,3162.5
TCS.NS,2026-01-27,3175.0,3175.0,3130.0,3158.0
TCS.NS,2026-01-28,3176.0,3205.199951171875,3170.60009765625,3200.10009765625
TCS.NS,2026-01-29,3200.10009765625,3200.10009765625,3125.60009765625,3144.39990234375
TCS.NS,2026-01-30,3141.0,3141.0,3092.0,3123.89990234375
TCS.NS,2026-02-02,3198.0,3198.0,3134.0,3169.60009765625
TCS.NS,2026-02-03,3350.0,3350.0,3186.300048828125,3225.300048828125
TCS.NS,2026-02-04,3120.0,3120.0,2986.0,2999.10009765625
TCS.NS,2026-02-05,2990.0,3029.699951171875,2972.300048828125,2991.5
TCS.NS,2026-02-06,2976.60009765625,2985.0,2916.0,2941.60009765625
TCS.NS,2026-02-09,2959.10009765625,2977.0,2937.5,2948.199951171875
TCS.NS,2026-02-10,2949.800048828125,3011.60009765625,2943.5,2984.60009765625
TCS.NS,2026-02-11,2980.0,2998.0,2904.199951171875,2909.800048828125
TCS.NS,2026-02-12,2869.800048828125,2880.0,2740.0,2750.10009765625
TCS.NS,2026-02-13,2585.0,2713.0,2585.0,2692.199951171875
TCS.NS,2026-02-16,2700.0,2719.800048828125,2671.0,2706.60009765625
TCS.NS,2026-02-17,2716.0,2760.0,2695.199951171875,2717.39990234375
TCS.NS,2026-02-18,2730.0,2730.0,2657.300048828125,2694.89990234375
TCS.NS,2026-02-19,2708.0,2748.699951171875,2666.60009765625,2677.89990234375
TCS.NS,2026-02-20,2667.0,2702.60009765625,2647.5,2686.199951171875
TCS.NS,2026-02-23,2686.0,2704.0,2660.199951171875,2676.300048828125
TCS.NS,2026-02-24,2641.0,2647.5,2561.300048828125,2573.699951171875
TCS.NS,2026-02-25,2596.0,2654.199951171875,2595.0,2629.300048828125
TCS.NS,2026-02-26,2650.0,2671.0,2635.0,2647.699951171875
TCS.NS,2026-02-27,2681.60009765625,2688.60009765625,2626.10009765625,2637.39990234375
TCS.NS,2026-03-02,2592.0,2623.800048828125,2580.300048828125,2613.5
TCS.NS,2026-03-04,2625.0,2635.0,2580.39990234375,2587.800048828125
TCS.NS,2026-03-05,2600.0,2609.5,2546.39990234375,2578.800048828125
TCS.NS,2026-03-06,2572.0,2619.199951171875,2553.60009765625,2557.60009765625
TCS.NS,2026-03-09,2530.0,2560.0,2505.0,2527.39990234375
TCS.NS,2026-03-10,2541.0,2545.199951171875,2490.10009765625,2513.10009765625
TCS.NS,2026-03-11,2508.10009765625,2521.0,2460.10009765625,2464.89990234375
TCS.NS,2026-03-12,2459.800048828125,2472.89990234375,2436.0,2442.39990234375
TCS.NS,2026-03-13,2437.0,2445.89990234375,2397.0,2410.5
TCS.NS,2026-03-16,2410.0,2425.0,2366.10009765625,2409.199951171875
TCS.NS,2026-03-17,2420.0,2420.0,2360.0,2391.699951171875
TCS.NS,2026-03-18,2410.0,2482.89990234375,2410.0,2440.800048828125
TCS.NS,2026-03-19,2417.0,2424.0,2350.199951171875,2356.0
TCS.NS,2026-03-20,2386.0,2407.800048828125,2364.199951171875,2390.60009765625
TCS.NS,2026-03-23,2365.0,2406.800048828125,2348.0,2383.800048828125
TCS.NS,2026-03-24,2404.10009765625,2435.39990234375,2379.10009765625,2398.800048828125
TCS.NS,2026-03-25,2400.89990234375,2421.60009765625,2369.800048828125,2377.39990234375
TCS.NS,2026-03-27,2403.89990234375,2422.10009765625,2385.0,2389.800048828125
TCS.NS,2026-03-30,2375.10009765625,2398.0,2346.199951171875,2358.89990234375
TCS.NS,2026-04-01,2429.0,2472.0,2397.89990234375,2408.199951171875
TCS.NS,2026-04-02,2386.0,2469.89990234375,2375.699951171875,2450.699951171875
TCS.NS,2026-04-06,2474.0,2482.0,2448.199951171875,2473.89990234375
TCS.NS,2026-04-07,2461.0,2543.89990234375,2448.0,2539.800048828125
TCS.NS,2026-04-08,2572.0,2580.300048828125,2540.10009765625,2559.199951171875
TCS.NS,2026-04-09,2554.0,2605.0,2531.10009765625,2589.0
TCS.NS,2026-04-10,2565.800048828125,2565.800048828125,2501.10009765625,2524.300048828125
TCS.NS,2026-04-13,2489.89990234375,2504.89990234375,2470.0,2472.60009765625
TCS.NS,2026-04-15,2501.89990234375,2559.0,2493.39990234375,2554.89990234375
TCS.NS,2026-04-16,2572.0,2594.0,2558.0,2576.89990234375
TCS.NS,2026-04-17,2570.0,2589.0,2555.89990234375,2581.5
TCS.NS,2026-04-20,2587.10009765625,2594.0,2561.199951171875,2579.60009765625
TCS.NS,2026-04-21,2560.0,2614.0,2560.0,2610.5
TCS.NS,2026-04-22,2580.0,2580.0,2503.60009765625,2538.5
TCS.NS,2026-04-23,2529.0,2559.5,2516.300048828125,2521.800048828125
TCS.NS,2026-04-24,2488.0,2505.0,2388.800048828125,2396.89990234375
TCS.NS,2026-04-27,2396.89990234375,2459.0,2396.89990234375,2447.60009765625
TCS.NS,2026-04-28,2444.0,2487.0,2427.39990234375,2444.699951171875
TCS.NS,2026-04-29,2451.0,2487.89990234375,2447.60009765625,2474.699951171875
TCS.NS,2026-04-30,2479.0,2491.0,2438.0,2473.89990234375
TCS.NS,2026-05-01,2473.89990234375,2473.89990234375,2473.89990234375,2473.89990234375
TCS.NS,2026-05-04,2494.0,2498.300048828125,2425.0,2431.300048828125
TCS.NS,2026-05-05,2430.0,2460.39990234375,2412.199951171875,2427.300048828125
TCS.NS,2026-05-06,2441.89990234375,2471.0,2406.5,2435.39990234375
TCS.NS,2026-05-07,2438.199951171875,2439.699951171875,2398.0,2401.39990234375
TCS.NS,2026-05-08,2398.0,2407.0,2375.10009765625,2394.39990234375
TCS.NS,2026-05-11,2371.0,2415.0,2371.0,2392.89990234375
TCS.NS,2026-05-12,2375.0,2375.0,2283.0,2300.300048828125
TCS.NS,2026-05-13,2306.0,2309.199951171875,2269.0,2272.800048828125
TCS.NS,2026-05-14,2265.0,2265.0,2206.39990234375,2246.0
TCS.NS,2026-05-15,2252.0,2304.89990234375,2252.0,2264.0
TCS.NS,2026-05-18,2264.0,2292.89990234375,2252.199951171875,2283.199951171875
TCS.NS,2026-05-19,2300.0,2377.60009765625,2297.10009765625,2327.10009765625
TCS.NS,2026-05-20,2323.89990234375,2342.0,2317.800048828125,2327.39990234375
TCS.NS,2026-05-21,2331.0,2335.89990234375,2314.0,2327.199951171875
TCS.NS,2026-05-22,2331.10009765625,2340.0,2308.10009765625,2317.300048828125
TCS.NS,2026-05-25,2325.0,2326.10009765625,2293.0,2308.199951171875
TCS.NS,2026-05-26,2308.199951171875,2327.89990234375,2272.39990234375,2276.199951171875
TCS.NS,2026-05-27,2275.0,2295.60009765625,2260.89990234375,2284.199951171875
TCS.NS,2026-05-28,2284.199951171875,2284.199951171875,2284.199951171875,2284.199951171875
TCS.NS,2026-05-29,2291.0,2334.0,2235.0,2258.89990234375
TCS.NS,2026-06-01,2284.0,2335.0,2280.0,2297.39990234375
TCS.NS,2026-06-02,2320.0,2457.39990234375,2316.199951171875,2446.89990234375
TCS.NS,2026-06-03,2393.0,2393.0,2224.800048828125,2241.699951171875
TCS.NS,2026-06-04,2241.699951171875,2253.10009765625,2216.60009765625,2241.0
TCS.NS,2026-06-05,2262.89990234375,2271.800048828125,2192.0,2198.89990234375
TCS.NS,2026-06-08,2170.0,2177.0,2143.300048828125,2151.39990234375
TCS.NS,2026-06-09,2174.0,2174.0,2132.800048828125,2151.0
TCS.NS,2026-06-10,2151.300048828125,2180.800048828125,2144.800048828125,2153.89990234375
TCS.NS,2026-06-11,2127.0,2154.60009765625,2110.0,2135.60009765625
TCS.NS,2026-06-12,2150.0,2168.0,2138.0,2161.39990234375
TCS.NS,2026-06-15,2192.0,2192.0,2159.300048828125,2162.0
TCS.NS,2026-06-16,2167.0,2209.0,2160.60009765625,2199.0
TCS.NS,2026-06-17,2209.0,2231.0,2200.699951171875,2223.0
TCS.NS,2026-06-18,2209.0,2214.0,2182.0,2203.300048828125
TCS.NS,2026-06-19,2105.0,2138.0,2059.89990234375,2125.0
TCS.NS,2026-06-22,2132.199951171875,2157.0,2121.0,2127.800048828125
TCS.NS,2026-06-23,2111.0,2114.0,2055.0,2059.60009765625
TCS.NS,2026-06-24,2061.0,2120.699951171875,2061.0,2109.0
TCS.NS,2026-06-25,2133.60009765625,2148.5,2088.0,2094.699951171875
TCS.NS,2026-06-26,2094.699951171875,2094.699951171875,2094.699951171875,2094.699951171875
TCS.NS,2026-06-29,2090.0,2105.0,2071.0,2097.89990234375
TCS.NS,2026-06-30,2090.0,2104.300048828125,2018.800048828125,2031.5
TCS.NS,2026-07-01,2039.9000244140625,2052.0,1976.800048828125,1982.5999755859375
TCS.NS,2026-07-02,2008.0,2076.89990234375,2002.5,2068.10009765625
TCS.NS,2026-07-03,2100.0,2116.60009765625,2085.0,2093.5
TCS.NS,2026-07-06,2090.0,2093.0,2050.60009765625,2057.60009765625
TCS.NS,2026-07-07,2050.0,2122.699951171875,2049.0,2096.10009765625
TCS.NS,2026-07-08,2094.0,2109.699951171875,2048.800048828125,2057.5
TCS.NS,2026-07-09,2057.5,2065.0,2016.0,2049.5
TCS.NS,2026-07-10,2105.199951171875,2133.300048828125,2064.60009765625,2069.0
TCS.NS,2026-07-13,2075.0,2204.89990234375,2065.10009765625,2181.5
TCS.NS,2026-07-14,2182.89990234375,2228.0,2179.0,2200.60009765625
TCS.NS,2026-07-15,2174.10009765625,2202.89990234375,2145.39990234375,2189.199951171875
TCS.NS,2026-07-16,2206.0,2231.39990234375,2187.800048828125,2201.0
TCS.NS,2026-07-17,2224.800048828125,2275.0,2215.10009765625,2269.0
TCS.NS,2026-07-20,2280.10009765625,2283.39990234375,2245.10009765625,2251.10009765625
TCS.NS,2026-07-21,2245.10009765625,2259.89990234375,2218.5,2221.10009765625
TCS.NS,2026-07-22,2216.0,2226.800048828125,2201.0,2208.300048828125
TCS.NS,2026-07-23,2204.0,2250.0,2193.60009765625,2242.89990234375
TCS.NS,2026-07-24,2205.10009765625,2264.300048828125,2205.10009765625,2254.300048828125
TCS.NS,2026-07-27,2286.0,2315.0,2272.39990234375,2295.60009765625
TCS.NS,2026-07-28,2325.0,2417.39990234375,2323.0,2398.0
TCS.NS,2026-07-29,2440.0,2475.5,2415.10009765625,2446.60009765625
TCS.NS,2026-07-30,2440.0,2495.0,2423.0,2431.800048828125
TCS.NS,2026-07-31,2385.0,2391.0,2326.10009765625,2365.60009765625
TCS.NS,2026-08-03,2383.89990234375,2473.699951171875,2383.0,2473.699951171875
TCS.NS,2026-08-04,2463.10009765625,2467.39990234375,2435.10009765625,2460.0
TCS.NS,2026-08-05,2460.0,2460.89990234375,2408.0,2413.0
TCS.NS,2026-08-06,2417.0,2434.5,2368.5,2373.0
TCS.NS,2026-08-07,2375.0,2457.699951171875,2375.0,2452.699951171875
TCS.NS,2026-08-10,2452.699951171875,2472.89990234375,2423.5,2425.699951171875
RELIANCE.NS,2006-08-21,120.57762908935547,122.8520278930664,119.43470764160156,122.0177001953125
RELIANCE.NS,2006-08-22,123.4349136352539,123.99494171142578,120.64048767089844,121.69768524169922
RELIANCE.NS,2006-08-23,121.37767028808594,122.73773956298828,120.59477233886719,121.36624145507812
RELIANCE.NS,2006-08-24,121.14908599853516,127.98371887207031,120.23474884033203,126.50364685058594
RELIANCE.NS,2006-08-25,127.43511962890625,128.57803344726562,125.83503723144531,126.93795013427734
RELIANCE.NS,2006-08-28,127.20653533935547,128.4523162841797,126.53793334960938,128.24659729003906
RELIANCE.NS,2006-08-29,129.1380615234375,130.28097534179688,127.43511962890625,127.8751449584961
RELIANCE.NS,2006-08-30,127.43511962890625,129.720947265625,126.53221893310547,129.01234436035156
RELIANCE.NS,2006-08-31,118.86325073242188,129.81239318847656,118.86325073242188,127.70370483398438
RELIANCE.NS,2006-09-01,127.43511962890625,128.9666290283203,127.43511962890625,128.2923126220703
RELIANCE.NS,2006-09-04,128.58375549316406,130.05812072753906,128.58375549316406,129.33236694335938
RELIANCE.NS,2006-09-05,128.57803344726562,129.720947265625,127.5494155883789,128.68661499023438
RELIANCE.NS,2006-09-06,128.69232177734375,130.97816467285156,128.4637451171875,130.00668334960938
RELIANCE.NS,2006-09-07,129.720947265625,129.720947265625,128.04086303710938,128.6580352783203
RELIANCE.NS,2006-09-08,129.1494903564453,129.65809631347656,127.1493911743164,129.24093627929688
RELIANCE.NS,2006-09-11,129.37808227539062,129.71524047851562,123.77779388427734,124.3149642944336
RELIANCE.NS,2006-09-12,124.80641174316406,126.83509063720703,122.64630126953125,126.50364685058594
RELIANCE.NS,2006-09-13,127.06938934326172,128.61231994628906,126.97795867919922,127.56655883789062
RELIANCE.NS,2006-09-14,128.00657653808594,129.9381103515625,127.52655792236328,128.73233032226562
RELIANCE.NS,2006-09-15,128.80662536621094,130.74957275390625,127.34940338134766,130.36099243164062
RELIANCE.NS,2006-09-18,130.86387634277344,131.50961303710938,128.59518432617188,129.54380798339844
RELIANCE.NS,2006-09-19,129.720947265625,130.9095916748047,126.74937438964844,127.76085662841797
RELIANCE.NS,2006-09-20,127.32083129882812,129.355224609375,126.29792022705078,128.93804931640625
RELIANCE.NS,2006-09-21,129.509521484375,130.7152862548828,129.17807006835938,130.16668701171875
RELIANCE.NS,2006-09-22,129.6923828125,132.4525146484375,128.92091369628906,132.12107849121094
RELIANCE.NS,2006-09-25,132.55538940429688,134.29261779785156,132.12107849121094,132.9325408935547
RELIANCE.NS,2006-09-26,133.03541564941406,135.0926513671875,132.5953826904297,134.76121520996094
RELIANCE.NS,2006-09-27,135.54981994628906,136.7841796875,133.74972534179688,134.1840362548828
RELIANCE.NS,2006-09-28,133.85830688476562,134.86407470703125,132.92111206054688,133.49256896972656
RELIANCE.NS,2006-09-29,135.984130859375,135.984130859375,133.61830139160156,133.92117309570312
RELIANCE.NS,2006-10-03,133.1782684326172,134.44691467285156,132.5782470703125,132.78396606445312
RELIANCE.NS,2006-10-04,133.1497039794922,133.37828063964844,130.63528442382812,131.32675170898438
RELIANCE.NS,2006-10-05,132.5782470703125,133.0811309814453,131.50390625,131.995361328125
RELIANCE.NS,2006-10-06,133.2639923095703,134.2240447998047,131.66390991210938,132.9039764404297
RELIANCE.NS,2006-10-09,132.0067901611328,133.37828063964844,131.44676208496094,131.8296356201172
RELIANCE.NS,2006-10-10,132.5782470703125,133.12684631347656,131.09815979003906,131.53819274902344
RELIANCE.NS,2006-10-11,132.0067901611328,132.79539489746094,130.1209716796875,130.66957092285156
RELIANCE.NS,2006-10-12,130.80101013183594,134.0640411376953,130.549560546875,133.5782928466797
RELIANCE.NS,2006-10-13,134.0640411376953,136.68702697753906,134.0640411376953,136.0869903564453
RELIANCE.NS,2006-10-16,136.5784454345703,139.32144165039062,136.4641571044922,138.68141174316406
RELIANCE.NS,2006-10-17,138.86428833007812,139.64146423339844,137.7327880859375,138.88714599609375
RELIANCE.NS,2006-10-18,137.40135192871094,139.49288940429688,137.40135192871094,138.1213836669922
RELIANCE.NS,2006-10-19,138.74998474121094,138.74998474121094,135.61839294433594,136.81846618652344
RELIANCE.NS,2006-10-20,137.81280517578125,139.35572814941406,137.14990234375,137.55564880371094
RELIANCE.NS,2006-10-23,137.14990234375,137.2527618408203,136.2012939453125,136.447021484375
RELIANCE.NS,2006-10-26,136.00698852539062,136.4641571044922,133.72116088867188,134.28689575195312
RELIANCE.NS,2006-10-27,135.309814453125,140.24720764160156,134.87550354003906,139.74432373046875
RELIANCE.NS,2006-10-30,140.0072021484375,141.72157287597656,138.53854370117188,141.28155517578125
RELIANCE.NS,2006-10-31,141.15011596679688,141.60728454589844,139.23573303222656,140.12149047851562
RELIANCE.NS,2006-11-01,139.55003356933594,144.92173767089844,139.44717407226562,144.51028442382812
RELIANCE.NS,2006-11-02,144.92173767089844,148.4647674560547,143.83596801757812,146.67611694335938
RELIANCE.NS,2006-11-03,147.4361572265625,147.65330505371094,144.92173767089844,147.17327880859375
RELIANCE.NS,2006-11-06,146.97898864746094,150.29344177246094,146.32180786132812,149.0933837890625
RELIANCE.NS,2006-11-07,149.49339294433594,150.4020233154297,146.8818359375,147.58473205566406
RELIANCE.NS,2006-11-08,147.58473205566406,147.9733123779297,141.87586975097656,143.12164306640625
RELIANCE.NS,2006-11-09,143.55023193359375,144.76173400878906,142.1558837890625,144.0759735107422
RELIANCE.NS,2006-11-10,144.8074493408203,147.85902404785156,143.22450256347656,146.8989715576172
RELIANCE.NS,2006-11-13,147.2075653076172,148.1219024658203,146.52182006835938,146.91041564941406
RELIANCE.NS,2006-11-14,147.48187255859375,148.1104736328125,145.43032836914062,146.2246551513672
RELIANCE.NS,2006-11-15,146.52182006835938,146.9618377685547,143.79025268554688,144.31027221679688
RELIANCE.NS,2006-11-16,144.578857421875,146.52182006835938,143.45309448242188,144.66458129882812
RELIANCE.NS,2006-11-17,145.1503143310547,145.37890625,143.13307189941406,143.9216766357422
RELIANCE.NS,2006-11-20,140.0357666015625,144.91030883789062,140.0357666015625,143.8931121826172
RELIANCE.NS,2006-11-21,144.8074493408203,146.11036682128906,143.91024780273438,145.6132049560547
RELIANCE.NS,2006-11-22,146.28179931640625,147.49330139160156,145.41319274902344,146.08180236816406
RELIANCE.NS,2006-11-23,146.29322814941406,147.41329956054688,145.03602600097656,145.37318420410156
RELIANCE.NS,2006-11-24,145.1503143310547,145.6531982421875,143.8131103515625,144.27598571777344
RELIANCE.NS,2006-11-27,144.23599243164062,145.03602600097656,142.93878173828125,143.19021606445312
RELIANCE.NS,2006-11-28,142.78448486328125,145.11602783203125,141.71014404296875,142.94448852539062
RELIANCE.NS,2006-11-29,143.44737243652344,144.6588592529297,142.42446899414062,142.78448486328125
RELIANCE.NS,2006-11-30,142.97877502441406,144.12168884277344,141.72727966308594,142.23016357421875
RELIANCE.NS,2006-12-01,142.30445861816406,145.02459716796875,142.30445861816406,144.12741088867188
RELIANCE.NS,2006-12-04,144.578857421875,145.83607482910156,143.5045166015625,143.9959716796875
RELIANCE.NS,2006-12-05,146.29322814941406,147.93902587890625,144.578857421875,146.24180603027344
RELIANCE.NS,2006-12-06,146.84182739257812,148.4590606689453,145.16746520996094,146.44752502441406
RELIANCE.NS,2006-12-07,146.40753173828125,149.60769653320312,146.40753173828125,148.693359375
RELIANCE.NS,2006-12-08,149.15052795410156,149.15052795410156,144.578857421875,145.0531768798828
RELIANCE.NS,2006-12-11,146.29322814941406,146.29322814941406,140.15577697753906,141.72157287597656
RELIANCE.NS,2006-12-12,141.49298095703125,143.8931121826172,134.44691467285156,137.76707458496094
RELIANCE.NS,2006-12-13,138.85284423828125,141.96157836914062,137.26419067382812,141.53871154785156
RELIANCE.NS,2006-12-14,142.29302978515625,145.53890991210938,141.6129913330078,143.94454956054688
RELIANCE.NS,2006-12-15,144.69314575195312,145.1503143310547,142.3501739501953,143.28736877441406
RELIANCE.NS,2006-12-18,144.0074005126953,148.35047912597656,142.07015991210938,147.33328247070312
RELIANCE.NS,2006-12-19,148.32762145996094,148.32762145996094,140.5786590576172,143.2702178955078
RELIANCE.NS,2006-12-20,144.0074005126953,145.72177124023438,140.955810546875,142.73876953125
RELIANCE.NS,2006-12-21,143.0930633544922,144.8760223388672,142.07586669921875,144.17312622070312
RELIANCE.NS,2006-12-22,144.18455505371094,145.72177124023438,143.5788116455078,145.44175720214844
RELIANCE.NS,2006-12-26,146.85325622558594,146.85325622558594,144.69314575195312,145.9503631591797
RELIANCE.NS,2006-12-27,146.86468505859375,148.33905029296875,146.3503875732422,147.81903076171875
RELIANCE.NS,2006-12-28,148.23619079589844,148.92193603515625,144.95030212402344,145.68748474121094
RELIANCE.NS,2006-12-29,146.2989501953125,147.09327697753906,144.60171508789062,145.16746520996094
RELIANCE.NS,2007-01-02,145.72177124023438,146.9561309814453,145.18460083007812,146.39610290527344
RELIANCE.NS,2007-01-03,146.86468505859375,147.5390167236328,145.76177978515625,146.81326293945312
RELIANCE.NS,2007-01-04,147.4361572265625,148.57907104492188,145.9503631591797,146.3503875732422
RELIANCE.NS,2007-01-05,145.72177124023438,149.9505615234375,145.72177124023438,147.22471618652344
RELIANCE.NS,2007-01-08,147.893310546875,147.893310546875,144.76173400878906,145.93321228027344
RELIANCE.NS,2007-01-09,147.98475646972656,147.98475646972656,145.37890625,146.09893798828125
RELIANCE.NS,2007-01-10,145.72177124023438,147.5390167236328,144.4759979248047,145.5103302001953
RELIANCE.NS,2007-01-11,145.72177124023438,148.57907104492188,144.60171508789062,148.17904663085938
RELIANCE.NS,2007-01-12,149.5734100341797,153.72218322753906,148.0076141357422,153.0935821533203
RELIANCE.NS,2007-01-15,155.98516845703125,156.8080596923828,153.8364715576172,156.00230407714844
RELIANCE.NS,2007-01-16,156.23660278320312,156.8080596923828,153.61932373046875,153.94505310058594
RELIANCE.NS,2007-01-17,155.20797729492188,155.66514587402344,153.7393341064453,154.27650451660156
RELIANCE.NS,2007-01-18,154.86509704589844,158.2595672607422,154.17935180664062,156.28231811523438
RELIANCE.NS,2007-01-19,163.20838928222656,163.20838928222656,157.06521606445312,158.0366973876953
RELIANCE.NS,2007-01-22,158.29385375976562,159.43104553222656,156.69947814941406,157.01950073242188
RELIANCE.NS,2007-01-23,156.69947814941406,157.80810546875,155.16796875,155.49942016601562
RELIANCE.NS,2007-01-24,157.08236694335938,157.08236694335938,155.4651336669922,156.52232360839844
RELIANCE.NS,2007-01-25,157.6881103515625,157.6881103515625,155.72801208496094,156.64805603027344
RELIANCE.NS,2007-01-29,156.57948303222656,159.31105041503906,156.03659057617188,157.98526000976562
RELIANCE.NS,2007-01-31,158.40243530273438,158.7510223388672,155.27655029296875,156.17373657226562
RELIANCE.NS,2007-02-01,156.35089111328125,158.1795654296875,155.89944458007812,157.44808959960938
RELIANCE.NS,2007-02-02,158.14527893066406,159.28819274902344,156.3566131591797,157.15664672851562
RELIANCE.NS,2007-02-05,157.72239685058594,158.97959899902344,156.8080596923828,158.56243896484375
RELIANCE.NS,2007-02-06,152.0078125,160.9225616455078,152.0078125,158.7738800048828
RELIANCE.NS,2007-02-07,159.77964782714844,159.98536682128906,157.86524963378906,159.4253387451172
RELIANCE.NS,2007-02-08,159.65963745117188,160.35110473632812,157.83668518066406,159.6710662841797
RELIANCE.NS,2007-02-09,160.06536865234375,160.785400390625,156.57948303222656,159.07102966308594
RELIANCE.NS,2007-02-12,158.52243041992188,158.52243041992188,154.6593780517578,155.31655883789062
RELIANCE.NS,2007-02-13,154.97940063476562,158.29385375976562,153.3793182373047,156.122314453125
RELIANCE.NS,2007-02-14,156.02516174316406,158.48814392089844,153.4078826904297,157.38523864746094
RELIANCE.NS,2007-02-15,158.00811767578125,161.5740203857422,158.00811767578125,160.80255126953125
RELIANCE.NS,2007-02-19,161.15113830566406,163.4369659423828,161.15113830566406,162.37977600097656
RELIANCE.NS,2007-02-20,163.3226776123047,165.082763671875,161.17971801757812,161.6768798828125
RELIANCE.NS,2007-02-21,158.97959899902344,162.86550903320312,158.97959899902344,160.77969360351562
RELIANCE.NS,2007-02-22,161.72259521484375,162.97409057617188,160.0082244873047,161.38543701171875
RELIANCE.NS,2007-02-23,162.751220703125,165.0027618408203,160.24822998046875,161.5225830078125
RELIANCE.NS,2007-02-26,162.29405212402344,163.4141082763672,156.86520385742188,160.7568359375
RELIANCE.NS,2007-02-27,149.16195678710938,161.73402404785156,149.16195678710938,160.63111877441406
RELIANCE.NS,2007-02-28,154.30506896972656,157.72239685058594,152.13925170898438,154.57937622070312
RELIANCE.NS,2007-03-01,157.15093994140625,157.15093994140625,150.75631713867188,156.32232666015625
RELIANCE.NS,2007-03-02,156.6937713623047,156.6937713623047,149.49339294433594,150.4305877685547
RELIANCE.NS,2007-03-05,148.57907104492188,148.693359375,142.6587677001953,143.93310546875
RELIANCE.NS,2007-03-06,145.60748291015625,149.36767578125,144.3845672607422,148.33334350585938
RELIANCE.NS,2007-03-07,149.83627319335938,151.89352416992188,144.13311767578125,147.2818603515625
RELIANCE.NS,2007-03-08,150.7506103515625,153.15072631835938,147.4361572265625,152.6421356201172
RELIANCE.NS,2007-03-09,152.92214965820312,154.27078247070312,149.15052795410156,150.6591796875
RELIANCE.NS,2007-03-12,151.9963836669922,152.53355407714844,149.3791046142578,150.37344360351562
RELIANCE.NS,2007-03-13,150.37344360351562,152.2021026611328,149.17909240722656,151.63636779785156
RELIANCE.NS,2007-03-14,149.60769653320312,149.60769653320312,144.1502685546875,146.90469360351562
RELIANCE.NS,2007-03-15,148.4647674560547,149.71055603027344,146.17893981933594,146.68182373046875
RELIANCE.NS,2007-03-16,146.68182373046875,149.24195861816406,145.83607482910156,148.59620666503906
RELIANCE.NS,2007-03-19,148.7047882080078,150.6363067626953,148.24761962890625,150.12771606445312
RELIANCE.NS,2007-03-20,150.6363067626953,152.5792694091797,150.40773010253906,151.20205688476562
RELIANCE.NS,2007-03-21,150.86489868164062,153.5850372314453,149.15052795410156,153.15072631835938
RELIANCE.NS,2007-03-22,153.95077514648438,157.7166748046875,153.95077514648438,157.17950439453125
RELIANCE.NS,2007-03-23,157.26522827148438,158.15670776367188,155.43655395507812,157.27093505859375
RELIANCE.NS,2007-03-26,158.0652618408203,158.0652618408203,154.29364013671875,155.9565887451172
RELIANCE.NS,2007-03-28,155.43655395507812,157.03663635253906,153.44216918945312,154.29364013671875
RELIANCE.NS,2007-03-29,155.8937225341797,156.46517944335938,153.8364715576172,155.11654663085938
RELIANCE.NS,2007-03-30,155.43655395507812,157.13951110839844,154.6593780517578,156.61376953125
RELIANCE.NS,2007-04-02,154.86509704589844,155.29940795898438,149.17909240722656,150.17343139648438
RELIANCE.NS,2007-04-03,150.9220428466797,153.8364715576172,149.6648406982422,153.2364501953125
RELIANCE.NS,2007-04-04,154.0650634765625,156.45947265625,154.03077697753906,155.80801391601562
RELIANCE.NS,2007-04-05,155.77943420410156,155.98516845703125,154.5450897216797,155.3051300048828
RELIANCE.NS,2007-04-09,156.00802612304688,158.63671875,155.66514587402344,158.21385192871094
RELIANCE.NS,2007-04-10,158.80816650390625,158.8653106689453,156.64805603027344,158.22528076171875
RELIANCE.NS,2007-04-11,158.3109893798828,159.8253631591797,157.38523864746094,158.47671508789062
RELIANCE.NS,2007-04-12,158.1795654296875,159.20819091796875,156.83663940429688,158.57957458496094
RELIANCE.NS,2007-04-13,157.17950439453125,161.82545471191406,157.17950439453125,161.37400817871094
RELIANCE.NS,2007-04-16,162.076904296875,167.32289123535156,161.97975158691406,166.6085662841797
RELIANCE.NS,2007-04-17,167.4371795654297,170.06588745117188,165.99139404296875,168.67152404785156
RELIANCE.NS,2007-04-18,168.3515167236328,170.96878051757812,168.3515167236328,169.7630157470703
RELIANCE.NS,2007-04-19,167.4657440185547,171.38023376464844,166.93429565429688,170.56304931640625
RELIANCE.NS,2007-04-20,170.8659210205078,176.58050537109375,170.8659210205078,176.17477416992188
RELIANCE.NS,2007-04-23,176.3519287109375,178.2948760986328,174.32896423339844,177.64341735839844
RELIANCE.NS,2007-04-24,177.609130859375,181.67791748046875,176.12905883789062,180.91787719726562
RELIANCE.NS,2007-04-25,180.80929565429688,182.86654663085938,178.63775634765625,182.6836700439453
RELIANCE.NS,2007-04-26,184.00946044921875,185.9066925048828,181.03787231445312,182.50653076171875
RELIANCE.NS,2007-04-27,184.238037109375,184.238037109375,175.09471130371094,175.91761779785156
RELIANCE.NS,2007-04-30,177.1291046142578,179.6663818359375,171.5516815185547,178.41488647460938
RELIANCE.NS,2007-05-03,180.00924682617188,186.2952880859375,180.00924682617188,185.8552703857422
RELIANCE.NS,2007-05-04,186.32386779785156,186.9810333251953,180.249267578125,180.94073486328125
RELIANCE.NS,2007-05-07,183.43800354003906,184.92379760742188,182.4093780517578,183.60943603515625
RELIANCE.NS,2007-05-08,183.83802795410156,184.51234436035156,181.7236328125,182.08364868164062
RELIANCE.NS,2007-05-09,181.7236328125,182.86654663085938,179.8378143310547,182.66653442382812
RELIANCE.NS,2007-05-10,183.6665802001953,183.98660278320312,180.00924682617188,180.74072265625
RELIANCE.NS,2007-05-11,177.26625061035156,182.86654663085938,175.00900268554688,181.62075805664062
RELIANCE.NS,2007-05-14,184.00946044921875,185.95240783691406,183.43800354003906,185.1809539794922
RELIANCE.NS,2007-05-15,185.2095184326172,185.82669067382812,182.12364196777344,182.69509887695312
RELIANCE.NS,2007-05-16,182.9808349609375,188.3525390625,182.70652770996094,186.83245849609375
RELIANCE.NS,2007-05-17,188.02108764648438,193.12420654296875,188.02108764648438,192.60989379882812
RELIANCE.NS,2007-05-18,192.5584716796875,194.9814453125,190.87838745117188,194.11854553222656
RELIANCE.NS,2007-05-21,195.43861389160156,202.29611206054688,194.77572631835938,201.26177978515625
RELIANCE.NS,2007-05-22,202.18182373046875,204.01048278808594,198.6559295654297,203.3533172607422
RELIANCE.NS,2007-05-23,203.43902587890625,205.47341918945312,200.01028442382812,200.7131805419922
RELIANCE.NS,2007-05-24,200.0159912109375,201.1531982421875,196.24436950683594,197.40443420410156
RELIANCE.NS,2007-05-25,194.43856811523438,198.5244903564453,194.42141723632812,197.5015869140625
RELIANCE.NS,2007-05-28,198.85594177246094,200.01028442382812,196.15866088867188,197.0272674560547
RELIANCE.NS,2007-05-29,196.81011962890625,202.06753540039062,195.75863647460938,200.79888916015625
RELIANCE.NS,2007-05-30,200.01028442382812,203.43902587890625,199.1073760986328,200.3360137939453
RELIANCE.NS,2007-05-31,200.5817413330078,202.49612426757812,199.6674041748047,201.01605224609375
RELIANCE.NS,2007-06-01,202.6161346435547,203.42759704589844,199.70741271972656,200.1531524658203
RELIANCE.NS,2007-06-04,202.18182373046875,202.18182373046875,198.70164489746094,199.09024047851562
RELIANCE.NS,2007-06-05,198.75306701660156,200.12457275390625,196.82725524902344,199.4845428466797
RELIANCE.NS,2007-06-06,200.12457275390625,200.92462158203125,192.27273559570312,193.30136108398438
RELIANCE.NS,2007-06-07,191.20982360839844,195.07289123535156,189.7240447998047,190.76980590820312
RELIANCE.NS,2007-06-08,190.1811981201172,194.0499725341797,188.2496795654297,189.38687133789062
RELIANCE.NS,2007-06-11,205.724853515625,205.724853515625,189.7526092529297,190.4269256591797
RELIANCE.NS,2007-06-12,191.42698669433594,195.65005493164062,190.03262329101562,194.16998291015625
RELIANCE.NS,2007-06-13,194.10140991210938,195.41575622558594,190.86695861816406,191.484130859375
RELIANCE.NS,2007-06-14,192.69561767578125,194.63858032226562,192.58132934570312,193.84425354003906
RELIANCE.NS,2007-06-15,194.2957000732422,195.43861389160156,190.655517578125,192.22702026367188
RELIANCE.NS,2007-06-18,194.0442657470703,194.0442657470703,190.46693420410156,191.04981994628906
RELIANCE.NS,2007-06-19,191.04981994628906,197.77017211914062,190.87838745117188,197.33013916015625
RELIANCE.NS,2007-06-20,197.33013916015625,199.87313842773438,196.81011962890625,198.06161499023438
RELIANCE.NS,2007-06-21,198.29591369628906,199.72454833984375,196.71868896484375,198.22161865234375
RELIANCE.NS,2007-06-22,198.29591369628906,198.29591369628906,194.1414031982422,194.8785858154297
RELIANCE.NS,2007-06-25,195.2100372314453,195.89578247070312,193.92996215820312,195.3414764404297
RELIANCE.NS,2007-06-26,195.32432556152344,196.58152770996094,194.2957000732422,194.66714477539062
RELIANCE.NS,2007-06-27,194.18141174316406,196.57009887695312,193.45565795898438,194.12997436523438
RELIANCE.NS,2007-06-28,195.32432556152344,195.98721313476562,192.73562622070312,193.38136291503906
RELIANCE.NS,2007-06-29,194.2957000732422,195.5529022216797,193.0384979248047,194.3585662841797
RELIANCE.NS,2007-07-02,194.75286865234375,195.66720581054688,191.9012908935547,192.50132751464844
RELIANCE.NS,2007-07-03,191.5641326904297,195.76434326171875,191.5641326904297,195.13003540039062
RELIANCE.NS,2007-07-04,195.5529022216797,197.91302490234375,195.32432556152344,196.37008666992188
RELIANCE.NS,2007-07-05,196.3529510498047,197.15298461914062,192.0670166015625,195.42147827148438
RELIANCE.NS,2007-07-06,195.89578247070312,197.7873077392578,192.58132934570312,195.42718505859375
RELIANCE.NS,2007-07-09,194.6271514892578,196.5186767578125,194.4099884033203,195.5471954345703
RELIANCE.NS,2007-07-10,196.0157928466797,196.0157928466797,193.7242431640625,194.6042938232422
RELIANCE.NS,2007-07-11,196.23866271972656,196.4443817138672,192.7127685546875,194.67286682128906
RELIANCE.NS,2007-07-12,195.05003356933594,197.16441345214844,195.05003356933594,196.5072479248047
RELIANCE.NS,2007-07-13,197.7015838623047,204.6619415283203,197.2958526611328,202.6446990966797
RELIANCE.NS,2007-07-16,203.43902587890625,204.4676513671875,201.9818115234375,203.06185913085938
RELIANCE.NS,2007-07-17,204.4676513671875,210.1593780517578,203.45045471191406,208.9078826904297
RELIANCE.NS,2007-07-18,209.72506713867188,210.18223571777344,206.13059997558594,208.31356811523438
RELIANCE.NS,2007-07-19,208.3535614013672,218.18264770507812,207.690673828125,216.33111572265625
RELIANCE.NS,2007-07-20,217.03973388671875,218.86839294433594,214.98248291015625,216.2568359375
RELIANCE.NS,2007-07-23,214.86819458007812,218.86839294433594,214.29672241210938,218.20550537109375
RELIANCE.NS,2007-07-24,218.5255126953125,220.69705200195312,218.068359375,218.59408569335938
RELIANCE.NS,2007-07-25,216.5825653076172,218.5255126953125,214.29672241210938,217.451171875
RELIANCE.NS,2007-07-26,218.29693603515625,222.69715881347656,217.8397674560547,221.94854736328125
RELIANCE.NS,2007-07-27,219.4169921875,221.26852416992188,212.01089477539062,213.43954467773438
RELIANCE.NS,2007-07-30,215.4396514892578,217.0225830078125,210.29652404785156,211.29656982421875
RELIANCE.NS,2007-07-31,213.15380859375,217.3597412109375,209.49649047851562,216.41111755371094
RELIANCE.NS,2007-08-01,212.81094360351562,214.18243408203125,204.86767578125,205.4676971435547
RELIANCE.NS,2007-08-02,209.95364379882812,210.26223754882812,204.81053161621094,205.7877197265625
RELIANCE.NS,2007-08-03,206.98207092285156,210.1365203857422,205.2677001953125,205.85629272460938
RELIANCE.NS,2007-08-06,203.7819061279297,204.81053161621094,200.1702880859375,203.4561767578125
RELIANCE.NS,2007-08-07,206.86778259277344,208.12498474121094,204.83909606933594,206.89064025878906
RELIANCE.NS,2007-08-08,208.3535614013672,215.42822265625,207.87353515625,214.34815979003906
RELIANCE.NS,2007-08-09,215.66822814941406,218.58265686035156,209.78221130371094,210.95941162109375
RELIANCE.NS,2007-08-10,208.0106964111328,208.0106964111328,203.0047149658203,206.7592010498047
RELIANCE.NS,2007-08-13,208.23927307128906,209.9307861328125,206.5877685546875,209.0621795654297
RELIANCE.NS,2007-08-14,205.724853515625,210.29652404785156,205.724853515625,209.502197265625
RELIANCE.NS,2007-08-16,204.81053161621094,204.81053161621094,197.15298461914062,198.7587890625
RELIANCE.NS,2007-08-17,195.5529022216797,202.74185180664062,192.3756103515625,200.3417205810547
RELIANCE.NS,2007-08-20,205.724853515625,210.86798095703125,203.55331420898438,205.49627685546875
RELIANCE.NS,2007-08-21,205.724853515625,207.17636108398438,198.3302001953125,199.6502685546875
RELIANCE.NS,2007-08-22,199.6674041748047,205.01625061035156,196.0443572998047,201.86180114746094
RELIANCE.NS,2007-08-23,205.61056518554688,206.63919067382812,198.29591369628906,199.32452392578125
RELIANCE.NS,2007-08-24,200.64459228515625,203.66761779785156,199.1073760986328,203.02186584472656
RELIANCE.NS,2007-08-27,207.7821044921875,210.3422393798828,204.81053161621094,209.58792114257812
RELIANCE.NS,2007-08-28,209.58792114257812,216.0111083984375,208.81072998046875,215.15391540527344
RELIANCE.NS,2007-08-29,211.8966064453125,217.5883331298828,210.86798095703125,215.97682189941406
RELIANCE.NS,2007-08-30,217.15402221679688,220.0113067626953,214.98248291015625,218.53123474121094
RELIANCE.NS,2007-08-31,217.15402221679688,225.15443420410156,217.0225830078125,224.1143798828125
RELIANCE.NS,2007-09-03,224.1143798828125,226.1830596923828,221.72567749023438,223.7772216796875
RELIANCE.NS,2007-09-04,224.4686737060547,225.9373321533203,219.5827178955078,225.48587036132812
RELIANCE.NS,2007-09-05,227.09738159179688,227.89743041992188,222.98289489746094,224.53726196289062
RELIANCE.NS,2007-09-06,222.18284606933594,227.21168518066406,222.0685577392578,226.62307739257812
RELIANCE.NS,2007-09-07,226.64022827148438,227.4402618408203,223.4400634765625,224.34295654296875
RELIANCE.NS,2007-09-10,223.4400634765625,228.01171875,222.18284606933594,226.9373779296875
RELIANCE.NS,2007-09-11,227.4402618408203,229.55465698242188,226.86880493164062,227.45169067382812
RELIANCE.NS,2007-09-12,228.12600708007812,230.98330688476562,227.66883850097656,230.08612060546875
RELIANCE.NS,2007-09-13,231.4404754638672,232.58338928222656,230.1432647705078,231.7261962890625
RELIANCE.NS,2007-09-14,232.58338928222656,236.6864471435547,231.81192016601562,232.5548095703125
RELIANCE.NS,2007-09-17,232.01193237304688,235.37210083007812,230.98330688476562,231.817626953125
RELIANCE.NS,2007-09-18,230.86900329589844,235.89784240722656,230.40042114257812,235.21780395507812
RELIANCE.NS,2007-09-19,244.01254272460938,249.47567749023438,237.72079467773438,248.45848083496094
RELIANCE.NS,2007-09-20,248.69850158691406,251.64151000976562,247.6698760986328,250.33287048339844
RELIANCE.NS,2007-09-21,249.61282348632812,262.7563781738281,249.3328094482422,260.6362609863281
RELIANCE.NS,2007-09-24,262.87066650390625,271.8996887207031,261.27056884765625,269.2138366699219
RELIANCE.NS,2007-09-25,264.6136169433594,277.2713928222656,264.6136169433594,274.25408935546875
RELIANCE.NS,2007-09-26,274.1855163574219,276.0141906738281,264.58502197265625,265.3793640136719
RELIANCE.NS,2007-09-27,266.37939453125,270.8710632324219,263.4935302734375,264.9621887207031
RELIANCE.NS,2007-09-28,268.5852355957031,268.5852355957031,258.8704528808594,262.6477966308594
RELIANCE.NS,2007-10-01,264.0135803222656,266.17938232421875,258.55615234375,261.97918701171875
RELIANCE.NS,2007-10-03,263.0992431640625,278.8714904785156,255.4416961669922,273.8312072753906
RELIANCE.NS,2007-10-04,272.01397705078125,278.8543395996094,269.95672607421875,277.2599792480469
RELIANCE.NS,2007-10-05,285.1346435546875,287.443359375,276.58563232421875,284.8717956542969
RELIANCE.NS,2007-10-08,286.3004455566406,289.38629150390625,272.6825866699219,276.7228088378906
RELIANCE.NS,2007-10-09,266.4136962890625,299.3125305175781,251.17861938476562,297.15814208984375
RELIANCE.NS,2007-10-10,301.14691162109375,306.7586364746094,295.12945556640625,299.2611083984375
RELIANCE.NS,2007-10-11,303.9013366699219,303.9013366699219,295.1466064453125,300.6497497558594
RELIANCE.NS,2007-10-12,300.87261962890625,311.4102783203125,290.5120849609375,293.24365234375
RELIANCE.NS,2007-10-15,295.4552001953125,306.30145263671875,294.43798828125,304.74139404296875
RELIANCE.NS,2007-10-16,303.4441833496094,308.5815734863281,299.3296813964844,303.04986572265625
RELIANCE.NS,2007-10-17,287.7862243652344,309.15875244140625,257.2703552246094,307.16436767578125
RELIANCE.NS,2007-10-18,314.3018798828125,341.6175537109375,288.7005615234375,295.2323303222656
RELIANCE.NS,2007-10-19,299.901123046875,308.5872802734375,276.5513610839844,282.22021484375
RELIANCE.NS,2007-10-22,274.2998046875,283.7860107421875,271.0767822265625,275.4484558105469
RELIANCE.NS,2007-10-23,282.30023193359375,298.7582092285156,280.5858459472656,297.1409912109375
RELIANCE.NS,2007-10-24,301.72979736328125,302.9527282714844,292.1978759765625,298.87823486328125
RELIANCE.NS,2007-10-25,297.7295837402344,304.9071044921875,296.26666259765625,300.364013671875
RELIANCE.NS,2007-10-26,302.8727111816406,310.1645202636719,297.7638854980469,308.39300537109375
RELIANCE.NS,2007-10-29,316.0162353515625,325.1595764160156,312.5874938964844,323.2052001953125
RELIANCE.NS,2007-10-30,324.47381591796875,326.2396240234375,313.1932373046875,316.5305480957031
RELIANCE.NS,2007-10-31,316.359130859375,322.1308288574219,314.759033203125,318.1649169921875
RELIANCE.NS,2007-11-01,322.3022766113281,324.47381591796875,302.87841796875,306.3700256347656
RELIANCE.NS,2007-11-02,294.5294189453125,311.444580078125,294.5294189453125,310.10736083984375
RELIANCE.NS,2007-11-05,310.10736083984375,312.5874938964844,300.92974853515625,304.1470642089844
RELIANCE.NS,2007-11-06,308.438720703125,314.8733215332031,303.01556396484375,304.7242431640625
RELIANCE.NS,2007-11-07,314.8733215332031,320.4736022949219,308.5872802734375,316.6905517578125
RELIANCE.NS,2007-11-08,314.3018798828125,319.422119140625,303.1012878417969,313.48468017578125
RELIANCE.NS,2007-11-12,302.8727111816406,309.12445068359375,297.38671875,305.798583984375
RELIANCE.NS,2007-11-13,306.9872131347656,311.30743408203125,304.015625,307.7986755371094
RELIANCE.NS,2007-11-14,312.01605224609375,331.3313293457031,312.01605224609375,330.12554931640625
RELIANCE.NS,2007-11-15,329.1597900390625,332.5885314941406,325.73101806640625,328.5997619628906
RELIANCE.NS,2007-11-16,325.73101806640625,334.6457824707031,322.5308532714844,329.3483581542969
RELIANCE.NS,2007-11-19,329.7483825683594,332.13134765625,324.702392578125,325.8338928222656
RELIANCE.NS,2007-11-20,323.4451904296875,326.6453552246094,315.4676513671875,318.2849426269531
RELIANCE.NS,2007-11-21,316.58770751953125,319.77642822265625,307.4443664550781,309.6730651855469
RELIANCE.NS,2007-11-22,316.55340576171875,316.55340576171875,304.7013854980469,311.416015625
RELIANCE.NS,2007-11-23,314.3075866699219,323.7880859375,310.8845520019531,321.2965087890625
RELIANCE.NS,2007-11-26,326.43963623046875,331.8684997558594,323.2280578613281,329.6798095703125
RELIANCE.NS,2007-11-27,330.8741455078125,330.8741455078125,322.8737487792969,324.96527099609375
RELIANCE.NS,2007-11-28,326.302490234375,327.87969970703125,316.4734191894531,319.13641357421875
RELIANCE.NS,2007-11-29,324.47381591796875,325.010986328125,319.7878723144531,321.4508056640625
RELIANCE.NS,2007-11-30,322.8737487792969,329.5026550292969,321.5365295410156,325.91961669921875
RELIANCE.NS,2007-12-03,330.0969543457031,336.3487243652344,326.4167785644531,335.43438720703125
RELIANCE.NS,2007-12-04,337.1601867675781,338.9431457519531,325.7538757324219,327.15966796875
RELIANCE.NS,2007-12-05,332.8971252441406,333.7314453125,327.4454040527344,331.6056213378906
RELIANCE.NS,2007-12-06,337.1601867675781,341.5032653808594,327.4739685058594,328.451171875
RELIANCE.NS,2007-12-07,332.0170593261719,332.0170593261719,320.2850341796875,324.75384521484375
RELIANCE.NS,2007-12-10,325.73101806640625,327.87969970703125,320.1650390625,322.6394348144531
RELIANCE.NS,2007-12-11,326.302490234375,331.3255920410156,323.4451904296875,329.8055114746094
RELIANCE.NS,2007-12-12,328.13116455078125,332.5885314941406,324.5881042480469,329.26263427734375
RELIANCE.NS,2007-12-13,329.69696044921875,334.20574951171875,321.7651062011719,323.7594909667969
RELIANCE.NS,2007-12-14,320.5879211425781,331.44561767578125,320.5879211425781,330.1484069824219
RELIANCE.NS,2007-12-17,325.73675537109375,330.0740966796875,309.7301940917969,317.17059326171875
RELIANCE.NS,2007-12-18,318.30206298828125,320.02789306640625,308.9358825683594,311.73602294921875
RELIANCE.NS,2007-12-19,306.3071594238281,318.2906494140625,303.04986572265625,309.0216064453125
RELIANCE.NS,2007-12-20,310.3016662597656,318.1877746582031,307.6615295410156,310.1473693847656
RELIANCE.NS,2007-12-24,316.1305236816406,320.0107421875,308.35870361328125,318.70782470703125
RELIANCE.NS,2007-12-26,320.0164489746094,333.1257019042969,319.7878723144531,331.04559326171875
RELIANCE.NS,2007-12-27,331.44561767578125,334.41717529296875,328.5997619628906,330.7427062988281
RELIANCE.NS,2007-12-28,329.9598083496094,334.8743591308594,326.4453430175781,330.85699462890625
RELIANCE.NS,2007-12-31,331.84564208984375,334.8743591308594,328.0168762207031,329.4683532714844
RELIANCE.NS,2008-01-01,330.3027038574219,331.3313293457031,324.028076171875,325.531005859375
RELIANCE.NS,2008-01-02,326.302490234375,329.616943359375,321.3079528808594,327.0739440917969
RELIANCE.NS,2008-01-03,325.9596252441406,334.8743591308594,323.4737548828125,331.8684997558594
RELIANCE.NS,2008-01-04,331.90277099609375,345.1377258300781,331.90277099609375,342.0747375488281
RELIANCE.NS,2008-01-07,339.99462890625,346.30352783203125,338.3031005859375,345.1891784667969
RELIANCE.NS,2008-01-08,348.646484375,352.4752502441406,342.874755859375,349.12078857421875
RELIANCE.NS,2008-01-09,348.3207702636719,350.87518310546875,344.2862548828125,346.7206726074219
RELIANCE.NS,2008-01-10,346.8749694824219,354.0181884765625,344.5891418457031,346.05206298828125
RELIANCE.NS,2008-01-11,351.9609375,358.8755798339844,345.7320556640625,357.4583740234375
RELIANCE.NS,2008-01-14,361.047119140625,370.30474853515625,357.2755126953125,368.1160583496094
RELIANCE.NS,2008-01-15,376.93365478515625,376.93365478515625,359.024169921875,361.7957458496094
RELIANCE.NS,2008-01-16,355.44683837890625,359.4470520019531,345.7320556640625,353.57818603515625
RELIANCE.NS,2008-01-17,361.047119140625,361.047119140625,340.14892578125,342.48046875
RELIANCE.NS,2008-01-18,340.0174865722656,340.0174865722656,317.7306213378906,319.9707336425781
RELIANCE.NS,2008-01-21,317.707763671875,317.707763671875,268.0423583984375,290.3920593261719
RELIANCE.NS,2008-01-22,268.8423767089844,284.35748291015625,242.2981719970703,269.43670654296875
RELIANCE.NS,2008-01-23,276.58563232421875,322.8737487792969,274.2998046875,291.5235595703125
RELIANCE.NS,2008-01-24,296.0152282714844,302.3012390136719,278.3000183105469,284.4603271484375
RELIANCE.NS,2008-01-25,294.30084228515625,300.0154113769531,288.5862731933594,298.918212890625
RELIANCE.NS,2008-01-28,293.1579284667969,296.5523986816406,277.72857666015625,293.31793212890625
RELIANCE.NS,2008-01-29,302.3012390136719,302.3012390136719,290.34063720703125,294.51800537109375
RELIANCE.NS,2008-01-30,290.89495849609375,296.9295349121094,280.3572692871094,282.5173645019531
RELIANCE.NS,2008-01-31,282.52880859375,293.6950988769531,270.9853515625,283.3174133300781
RELIANCE.NS,2008-02-01,284.5860595703125,292.61505126953125,276.58563232421875,290.61492919921875
RELIANCE.NS,2008-02-04,289.8434753417969,301.9583740234375,289.8434753417969,296.1523742675781
RELIANCE.NS,2008-02-05,297.15814208984375,301.0440368652344,293.3065185546875,299.1125183105469
RELIANCE.NS,2008-02-06,292.5750427246094,293.7293701171875,285.8775634765625,291.7292785644531
RELIANCE.NS,2008-02-07,288.0148010253906,294.872314453125,275.1112976074219,277.2085266113281
RELIANCE.NS,2008-02-08,278.31146240234375,282.0716552734375,273.1568908691406,277.3171081542969
RELIANCE.NS,2008-02-11,275.89990234375,275.89990234375,255.4416961669922,260.241943359375
RELIANCE.NS,2008-02-12,260.6991271972656,276.58563232421875,257.95611572265625,265.7108154296875
RELIANCE.NS,2008-02-13,270.8710632324219,282.1802062988281,268.5909423828125,273.0997619628906
RELIANCE.NS,2008-02-14,280.014404296875,289.5005798339844,280.014404296875,287.64337158203125
RELIANCE.NS,2008-02-15,286.28900146484375,297.15814208984375,281.8430480957031,296.4666748046875
RELIANCE.NS,2008-02-18,297.15814208984375,298.87249755859375,290.0720520019531,291.8664245605469
RELIANCE.NS,2008-02-19,296.0152282714844,299.21539306640625,289.15771484375,291.9635925292969
RELIANCE.NS,2008-02-20,285.7518310546875,291.44354248046875,281.3858947753906,283.9002990722656
RELIANCE.NS,2008-02-21,286.87188720703125,290.4149169921875,281.31732177734375,285.30609130859375
RELIANCE.NS,2008-02-22,279.13433837890625,283.4431457519531,276.0141906738281,278.2371520996094
RELIANCE.NS,2008-02-25,285.1575012207031,293.1579284667969,275.4484558105469,291.6092834472656
RELIANCE.NS,2008-02-26,293.146484375,295.55804443359375,289.3977355957031,294.4894104003906
RELIANCE.NS,2008-02-27,297.7295837402344,301.501220703125,293.735107421875,295.83807373046875
RELIANCE.NS,2008-02-28,294.872314453125,297.15814208984375,287.63763427734375,289.5291748046875
RELIANCE.NS,2008-02-29,291.6721496582031,291.6721496582031,275.4427185058594,281.5516052246094
RELIANCE.NS,2008-03-03,274.2769470214844,274.2769470214844,261.6763000488281,263.556396484375
RELIANCE.NS,2008-03-04,265.156494140625,267.2137451171875,252.58441162109375,256.37890625
RELIANCE.NS,2008-03-05,256.02459716796875,265.156494140625,254.53880310058594,262.04205322265625
RELIANCE.NS,2008-03-07,260.4362487792969,260.4362487792969,247.5841522216797,256.9560546875
RELIANCE.NS,2008-03-10,252.68727111816406,261.590576171875,242.56675720214844,259.9619445800781
RELIANCE.NS,2008-03-11,257.15606689453125,269.1567077636719,251.9443817138672,268.34521484375
RELIANCE.NS,2008-03-12,276.448486328125,277.5456848144531,269.7281494140625,271.3968200683594
RELIANCE.NS,2008-03-13,261.7277526855469,265.7279357910156,251.62435913085938,256.36175537109375
RELIANCE.NS,2008-03-14,257.15606689453125,267.4308776855469,254.90452575683594,265.4536437988281
RELIANCE.NS,2008-03-17,258.4247131347656,259.7847900390625,246.29837036132812,249.17852783203125
RELIANCE.NS,2008-03-18,257.1332092285156,257.1332092285156,242.2981719970703,245.84120178222656
RELIANCE.NS,2008-03-19,257.15606689453125,268.0137634277344,245.172607421875,246.7669677734375
RELIANCE.NS,2008-03-24,246.8698272705078,252.5501251220703,242.91534423828125,251.47006225585938
RELIANCE.NS,2008-03-25,253.15586853027344,265.72222900390625,253.15586853027344,264.4478759765625
RELIANCE.NS,2008-03-26,266.7565612792969,266.9908752441406,259.5047607421875,262.80780029296875
RELIANCE.NS,2008-03-27,261.7277526855469,264.4707336425781,256.4703369140625,259.5333557128906
RELIANCE.NS,2008-03-28,266.7565612792969,270.63104248046875,255.05882263183594,268.865234375
RELIANCE.NS,2008-03-31,263.4421081542969,266.870849609375,257.1675109863281,258.9618835449219
RELIANCE.NS,2008-04-01,262.7563781738281,271.4425354003906,256.4131774902344,268.0423583984375
RELIANCE.NS,2008-04-02,273.7283630371094,280.33441162109375,266.2994079589844,267.8480529785156
RELIANCE.NS,2008-04-03,268.5852355957031,276.3570556640625,268.1280822753906,273.8483581542969
RELIANCE.NS,2008-04-04,272.58544921875,276.00274658203125,264.2078552246094,265.2879333496094
RELIANCE.NS,2008-04-07,257.8703918457031,277.69427490234375,257.8703918457031,274.8598327636719
RELIANCE.NS,2008-04-08,274.2998046875,276.911376953125,269.7224426269531,272.2139892578125
RELIANCE.NS,2008-04-09,269.1567077636719,277.9342956542969,268.7052307128906,276.3856506347656
RELIANCE.NS,2008-04-10,277.1571044921875,287.94622802734375,274.9855651855469,282.14593505859375
RELIANCE.NS,2008-04-11,290.3006286621094,293.3865051269531,281.7859191894531,291.6206970214844
RELIANCE.NS,2008-04-15,287.4319152832031,301.3869323730469,284.16888427734375,298.50677490234375
RELIANCE.NS,2008-04-16,299.4496765136719,304.7013854980469,298.90679931640625,302.0155334472656
RELIANCE.NS,2008-04-17,306.3243103027344,310.64453125,299.5010986328125,301.7355041503906
RELIANCE.NS,2008-04-21,300.5525817871094,306.30145263671875,299.6839904785156,302.1412353515625
RELIANCE.NS,2008-04-22,297.2724304199219,305.7300109863281,296.8323974609375,297.9981689453125
RELIANCE.NS,2008-04-23,298.5296325683594,300.8154602050781,293.50079345703125,294.5979919433594
RELIANCE.NS,2008-04-24,297.15814208984375,297.15814208984375,292.1693115234375,295.1751708984375
RELIANCE.NS,2008-04-25,296.0152282714844,301.0440368652344,292.8150634765625,299.9582824707031
RELIANCE.NS,2008-04-28,300.701171875,302.3012390136719,295.16375732421875,296.17523193359375
RELIANCE.NS,2008-04-29,294.872314453125,305.7300109863281,294.872314453125,304.0099182128906
RELIANCE.NS,2008-04-30,302.8727111816406,305.7300109863281,297.9124450683594,298.81536865234375
RELIANCE.NS,2008-05-02,345.8463439941406,345.8463439941406,300.47259521484375,305.701416015625
RELIANCE.NS,2008-05-05,305.7414245605469,309.61590576171875,302.8727111816406,305.0671081542969
RELIANCE.NS,2008-05-06,297.15814208984375,306.530029296875,297.15814208984375,302.8727111816406
RELIANCE.NS,2008-05-07,308.5872802734375,308.5872802734375,299.901123046875,307.3243713378906
RELIANCE.NS,2008-05-08,306.30145263671875,306.9872131347656,303.16986083984375,304.84423828125
RELIANCE.NS,2008-05-09,304.64422607421875,305.5757141113281,286.87188720703125,288.974853515625
RELIANCE.NS,2008-05-12,286.99188232421875,293.0550537109375,283.1116943359375,291.8835754394531
RELIANCE.NS,2008-05-13,297.15814208984375,297.15814208984375,284.35748291015625,285.8547058105469
RELIANCE.NS,2008-05-14,288.0148010253906,292.0207214355469,283.4717102050781,289.2434387207031
RELIANCE.NS,2008-05-15,289.2605895996094,300.8954772949219,289.2434387207031,299.7811279296875
RELIANCE.NS,2008-05-16,300.701171875,302.6441345214844,297.5010070800781,301.23834228515625
RELIANCE.NS,2008-05-20,300.0154113769531,301.1583251953125,294.1865539550781,297.49530029296875
RELIANCE.NS,2008-05-21,294.872314453125,305.7300109863281,291.4721374511719,304.8956604003906
RELIANCE.NS,2008-05-22,301.1583251953125,302.8727111816406,296.81524658203125,300.13543701171875
RELIANCE.NS,2008-05-23,300.5868835449219,301.72979736328125,291.44354248046875,292.15216064453125
RELIANCE.NS,2008-05-26,290.3006286621094,291.99786376953125,285.968994140625,287.5119323730469
RELIANCE.NS,2008-05-27,292.5864562988281,295.99237060546875,283.4431457519531,285.1689453125
RELIANCE.NS,2008-05-28,286.3004455566406,289.72918701171875,282.4145202636719,288.300537109375
RELIANCE.NS,2008-05-29,292.0664367675781,292.0664367675781,279.44293212890625,281.4659118652344
RELIANCE.NS,2008-05-30,285.6032409667969,285.6032409667969,273.18548583984375,274.6998291015625
RELIANCE.NS,2008-06-02,277.4999694824219,278.8714904785156,267.44232177734375,269.59100341796875
RELIANCE.NS,2008-06-03,268.5852355957031,277.1456604003906,264.3564453125,275.0598449707031
RELIANCE.NS,2008-06-04,275.32843017578125,279.3286437988281,261.1562805175781,263.6706848144531
RELIANCE.NS,2008-06-05,268.5852355957031,268.5852355957031,248.58421325683594,256.79034423828125
RELIANCE.NS,2008-06-06,262.7563781738281,262.7563781738281,252.81298828125,255.8417205810547
RELIANCE.NS,2008-06-09,249.38424682617188,253.65875244140625,241.26954650878906,247.1784210205078
RELIANCE.NS,2008-06-10,257.15606689453125,257.15606689453125,245.15545654296875,251.18434143066406
RELIANCE.NS,2008-06-11,260.5848083496094,260.5848083496094,252.58441162109375,258.4590148925781
RELIANCE.NS,2008-06-12,257.16180419921875,262.2991943359375,246.45266723632812,260.2762451171875
RELIANCE.NS,2008-06-13,261.3848571777344,262.8592224121094,255.4416961669922,259.48760986328125
RELIANCE.NS,2008-06-16,268.5852355957031,268.5852355957031,258.5504455566406,260.8534240722656
RELIANCE.NS,2008-06-17,260.5905456542969,267.44232177734375,258.2989807128906,266.630859375
RELIANCE.NS,2008-06-18,268.5852355957031,268.5852355957031,260.5848083496094,261.39630126953125
RELIANCE.NS,2008-06-19,258.16754150390625,259.4476318359375,254.89881896972656,256.94464111328125
RELIANCE.NS,2008-06-20,258.3047180175781,258.3047180175781,237.1893310546875,239.9208984375
RELIANCE.NS,2008-06-23,237.72650146484375,238.05795288085938,226.56593322753906,231.52047729492188
RELIANCE.NS,2008-06-24,233.72630310058594,243.78396606445312,230.29754638671875,235.749267578125
RELIANCE.NS,2008-06-25,223.58291625976562,245.4983367919922,223.58291625976562,244.1268310546875
RELIANCE.NS,2008-06-26,245.15545654296875,258.2875671386719,244.1268310546875,255.96173095703125
RELIANCE.NS,2008-06-27,248.69850158691406,256.927490234375,244.04112243652344,249.4585418701172
RELIANCE.NS,2008-06-30,249.15567016601562,253.37303161621094,237.4979248046875,239.45802307128906
RELIANCE.NS,2008-07-01,241.15525817871094,245.6126251220703,231.59475708007812,233.629150390625
RELIANCE.NS,2008-07-02,233.1205596923828,249.49853515625,227.4402618408203,245.04116821289062
RELIANCE.NS,2008-07-03,243.4410858154297,243.4410858154297,231.50904846191406,236.5950164794922
RELIANCE.NS,2008-07-04,236.5893096923828,243.57823181152344,234.303466796875,239.77232360839844
RELIANCE.NS,2008-07-07,238.87513732910156,242.2981719970703,228.2403106689453,231.8061981201172
RELIANCE.NS,2008-07-08,228.35459899902344,230.52041625976562,220.61705017089844,226.23448181152344
RELIANCE.NS,2008-07-09,228.5831756591797,239.43516540527344,228.5831756591797,237.62936401367188
RELIANCE.NS,2008-07-10,237.37220764160156,238.26939392089844,232.19479370117188,233.91488647460938
RELIANCE.NS,2008-07-11,234.7549285888672,236.45787048339844,227.66883850097656,230.42327880859375
RELIANCE.NS,2008-07-14,228.5831756591797,237.15504455566406,227.4402618408203,233.5491485595703
RELIANCE.NS,2008-07-15,229.15463256835938,233.93202209472656,224.92584228515625,226.00018310546875
RELIANCE.NS,2008-07-16,227.45741271972656,231.4404754638672,219.43984985351562,222.12570190429688
RELIANCE.NS,2008-07-17,232.92625427246094,233.6920166015625,224.5944061279297,230.7032928466797
RELIANCE.NS,2008-07-18,227.4402618408203,243.09820556640625,227.4402618408203,241.52098083496094
RELIANCE.NS,2008-07-21,245.6126251220703,247.35557556152344,239.218017578125,246.05264282226562
RELIANCE.NS,2008-07-22,242.86962890625,251.32720947265625,242.86962890625,245.97264099121094
RELIANCE.NS,2008-07-23,248.01275634765625,260.47052001953125,248.01275634765625,259.1333312988281
RELIANCE.NS,2008-07-24,258.2875671386719,266.2994079589844,258.2875671386719,263.79071044921875
RELIANCE.NS,2008-07-25,267.2651672363281,267.2651672363281,244.01254272460938,245.39547729492188
RELIANCE.NS,2008-07-28,245.73263549804688,250.18429565429688,240.69808959960938,249.1442413330078
RELIANCE.NS,2008-07-29,244.56114196777344,246.7498321533203,237.15504455566406,238.080810546875
RELIANCE.NS,2008-07-30,244.3554229736328,248.46990966796875,240.01805114746094,247.49844360351562
RELIANCE.NS,2008-07-31,253.1330108642578,253.72732543945312,246.3269500732422,252.29867553710938
RELIANCE.NS,2008-08-01,248.01846313476562,264.3564453125,246.06979370117188,262.5963439941406
RELIANCE.NS,2008-08-04,268.5623779296875,268.5623779296875,255.1674041748047,256.2874450683594
RELIANCE.NS,2008-08-05,257.9161071777344,261.27056884765625,252.01295471191406,260.13336181640625
RELIANCE.NS,2008-08-06,261.7277526855469,268.470947265625,261.2820129394531,262.71063232421875
RELIANCE.NS,2008-08-07,262.6420593261719,264.80218505859375,258.32757568359375,259.73907470703125
RELIANCE.NS,2008-08-08,257.1217956542969,261.0419921875,254.99024963378906,257.3617858886719
RELIANCE.NS,2008-08-11,257.2875061035156,266.9851379394531,257.2875061035156,265.75653076171875
RELIANCE.NS,2008-08-12,267.44232177734375,271.3853759765625,264.5964660644531,268.27093505859375
RELIANCE.NS,2008-08-13,266.27655029296875,271.55682373046875,263.710693359375,267.0823059082031
RELIANCE.NS,2008-08-14,266.9851379394531,268.0137634277344,258.4532775878906,260.2076721191406
RELIANCE.NS,2008-08-18,261.7277526855469,261.7277526855469,252.60726928710938,254.2759246826172
RELIANCE.NS,2008-08-19,254.2987823486328,255.32740783691406,250.91575622558594,253.68161010742188
RELIANCE.NS,2008-08-20,253.72732543945312,258.2989807128906,253.4416046142578,256.7389221191406
RELIANCE.NS,2008-08-21,258.4418640136719,258.4418640136719,251.73294067382812,252.8872833251953
RELIANCE.NS,2008-08-22,251.3843536376953,258.2875671386719,251.33863830566406,256.561767578125
RELIANCE.NS,2008-08-25,252.05296325683594,261.1562805175781,252.05296325683594,255.0988311767578
RELIANCE.NS,2008-08-26,253.613037109375,253.613037109375,245.3440399169922,249.0813751220703
RELIANCE.NS,2008-08-27,251.43006896972656,251.43006896972656,244.58399963378906,245.4983367919922
RELIANCE.NS,2008-08-28,247.78416442871094,247.78416442871094,234.61776733398438,236.6807403564453
RELIANCE.NS,2008-08-29,244.58399963378906,245.48690795898438,239.89804077148438,244.14968872070312
RELIANCE.NS,2008-09-01,242.2981719970703,247.4927215576172,240.35520935058594,244.7725830078125
RELIANCE.NS,2008-09-02,244.58399963378906,254.2987823486328,242.86962890625,252.89871215820312
RELIANCE.NS,2008-09-04,257.15606689453125,257.15606689453125,243.66966247558594,245.98406982421875
RELIANCE.NS,2008-09-05,240.58380126953125,240.58380126953125,236.0121307373047,237.82936096191406
RELIANCE.NS,2008-09-08,250.298583984375,250.298583984375,242.86962890625,243.80682373046875
RELIANCE.NS,2008-09-09,245.15545654296875,246.7555389404297,238.47511291503906,244.8754425048828
RELIANCE.NS,2008-09-10,243.43536376953125,243.97825622558594,236.8121795654297,238.0293731689453
RELIANCE.NS,2008-09-11,236.58358764648438,236.58358764648438,226.55450439453125,228.28602600097656
RELIANCE.NS,2008-09-12,231.8919219970703,233.15484619140625,219.4055633544922,220.88563537597656
RELIANCE.NS,2008-09-15,215.97682189941406,217.15402221679688,208.38214111328125,215.6625213623047
RELIANCE.NS,2008-09-16,205.724853515625,221.1542205810547,205.724853515625,220.35989379882812
RELIANCE.NS,2008-09-17,224.0115203857422,224.0115203857422,211.26800537109375,214.4853057861328
RELIANCE.NS,2008-09-18,205.9534454345703,222.6400146484375,201.7246551513672,221.5256805419922
RELIANCE.NS,2008-09-19,226.41163635253906,236.80645751953125,224.0115203857422,234.88064575195312
RELIANCE.NS,2008-09-22,240.01234436035156,241.15525817871094,230.44613647460938,233.05197143554688
RELIANCE.NS,2008-09-23,228.5831756591797,239.60089111328125,228.5831756591797,229.3203582763672
RELIANCE.NS,2008-09-24,227.44598388671875,236.0064239501953,227.44598388671875,233.85202026367188
RELIANCE.NS,2008-09-25,233.2805633544922,235.40638732910156,227.78314208984375,231.52047729492188
RELIANCE.NS,2008-09-26,230.6404266357422,232.58338928222656,223.57720947265625,224.3772430419922
RELIANCE.NS,2008-09-29,225.72589111328125,226.29734802246094,214.98248291015625,220.9084930419922
RELIANCE.NS,2008-09-30,215.9996795654297,226.86880493164062,206.342041015625,222.7943115234375
RELIANCE.NS,2008-10-01,224.0115203857422,224.35438537597656,215.2624969482422,217.91976928710938
RELIANCE.NS,2008-10-03,223.897216796875,223.897216796875,199.5131072998047,201.3189239501953
RELIANCE.NS,2008-10-06,197.6101531982422,199.89599609375,186.5924530029297,187.62107849121094
RELIANCE.NS,2008-10-07,189.85546875,195.66720581054688,184.40948486328125,191.39840698242188
RELIANCE.NS,2008-10-08,186.2952880859375,190.3983612060547,172.45457458496094,188.4154052734375
RELIANCE.NS,2008-10-10,182.83226013183594,182.83226013183594,168.8086700439453,174.59182739257812
RELIANCE.NS,2008-10-13,178.06629943847656,182.1807861328125,177.17481994628906,179.59780883789062
RELIANCE.NS,2008-10-14,185.7238311767578,190.63836669921875,184.00946044921875,185.2723846435547
RELIANCE.NS,2008-10-15,181.72933959960938,182.83226013183594,172.174560546875,173.74607849121094
RELIANCE.NS,2008-10-16,165.72280883789062,167.4371795654297,151.4363555908203,159.0881805419922
RELIANCE.NS,2008-10-17,160.0082244873047,164.57989501953125,147.07041931152344,149.27052307128906
RELIANCE.NS,2008-10-20,152.00210571289062,157.72239685058594,146.40753173828125,150.96775817871094
RELIANCE.NS,2008-10-21,154.29364013671875,162.86550903320312,151.26492309570312,159.43104553222656
RELIANCE.NS,2008-10-22,156.8709259033203,156.98521423339844,149.20767211914062,150.49916076660156
RELIANCE.NS,2008-10-23,145.2646026611328,148.22476196289062,136.62416076660156,139.1671600341797
RELIANCE.NS,2008-10-24,137.14990234375,138.26995849609375,113.14867401123047,116.52027130126953
RELIANCE.NS,2008-10-27,117.39460754394531,124.57783508300781,106.29117584228516,123.092041015625
RELIANCE.NS,2008-10-29,137.14990234375,139.1957244873047,131.32102966308594,137.34991455078125
RELIANCE.NS,2008-10-31,144.57315063476562,159.43104553222656,141.1901092529297,157.20236206054688
RELIANCE.NS,2008-11-03,164.46559143066406,166.2942657470703,159.67677307128906,164.77418518066406
RELIANCE.NS,2008-11-04,165.72280883789062,167.32289123535156,157.17379760742188,165.90567016601562
RELIANCE.NS,2008-11-05,172.0316925048828,172.0316925048828,141.5272674560547,145.041748046875
RELIANCE.NS,2008-11-06,137.11561584472656,140.92152404785156,132.15536499023438,133.7840118408203
RELIANCE.NS,2008-11-07,134.0640411376953,141.69871520996094,131.5839080810547,139.52145385742188
RELIANCE.NS,2008-11-10,142.89877319335938,149.57911682128906,141.15011596679688,148.93336486816406
RELIANCE.NS,2008-11-11,146.30465698242188,147.4361572265625,136.46987915039062,138.0299530029297
RELIANCE.NS,2008-11-12,137.14990234375,137.90423583984375,130.5838623046875,132.82968139648438
RELIANCE.NS,2008-11-14,135.93841552734375,136.5784454345703,124.27495574951172,131.06387329101562
RELIANCE.NS,2008-11-17,131.43533325195312,133.70973205566406,123.246337890625,130.45242309570312
RELIANCE.NS,2008-11-18,125.95504760742188,131.66390991210938,122.33200073242188,130.2866973876953
RELIANCE.NS,2008-11-19,131.57818603515625,139.6471710205078,127.43511962890625,129.42950439453125
RELIANCE.NS,2008-11-20,124.0063705444336,125.60645294189453,118.86325073242188,120.6976318359375
RELIANCE.NS,2008-11-21,121.72054290771484,132.12107849121094,117.9603500366211,128.50375366210938
RELIANCE.NS,2008-11-24,134.4697723388672,134.4697723388672,122.86345672607422,130.84100341796875
RELIANCE.NS,2008-11-25,133.72116088867188,135.86984252929688,120.1204605102539,122.49772644042969
RELIANCE.NS,2008-11-26,121.90912628173828,131.0924530029297,121.90912628173828,130.16668701171875
RELIANCE.NS,2008-11-27,130.16668701171875,130.16668701171875,130.16668701171875,130.16668701171875
RELIANCE.NS,2008-11-28,128.00657653808594,133.68687438964844,124.69212341308594,129.65809631347656
RELIANCE.NS,2008-12-01,128.61231994628906,134.86407470703125,125.50930786132812,126.79508972167969
RELIANCE.NS,2008-12-02,122.29199981689453,123.85779571533203,117.14888000488281,122.74345397949219
RELIANCE.NS,2008-12-03,125.78360748291016,127.32083129882812,120.00616455078125,122.18914031982422
RELIANCE.NS,2008-12-04,123.89208221435547,133.72116088867188,120.0176010131836,132.4753875732422
RELIANCE.NS,2008-12-05,134.29261779785156,135.0926513671875,126.0636215209961,127.7322769165039
RELIANCE.NS,2008-12-08,131.686767578125,134.25833129882812,126.52079010009766,127.84085845947266
RELIANCE.NS,2008-12-10,131.2867431640625,141.03582763671875,129.9495391845703,140.25863647460938
RELIANCE.NS,2008-12-11,142.86448669433594,148.31619262695312,136.3841552734375,143.8931121826172
RELIANCE.NS,2008-12-12,141.72157287597656,151.3220672607422,137.86422729492188,149.39053344726562
RELIANCE.NS,2008-12-15,154.17935180664062,155.322265625,145.40176391601562,153.21359252929688
RELIANCE.NS,2008-12-16,154.29364013671875,159.64248657226562,151.51065063476562,158.69387817382812
RELIANCE.NS,2008-12-17,158.8653106689453,160.8082733154297,152.0192413330078,154.4536590576172
RELIANCE.NS,2008-12-18,153.15072631835938,156.8080596923828,146.5846710205078,155.5508575439453
RELIANCE.NS,2008-12-19,155.4651336669922,157.43666076660156,151.15061950683594,154.44223022460938
RELIANCE.NS,2008-12-22,149.15052795410156,154.5679473876953,146.17893981933594,146.92755126953125
RELIANCE.NS,2008-12-23,146.40753173828125,146.40753173828125,142.45303344726562,143.9788360595703
RELIANCE.NS,2008-12-24,142.97877502441406,143.66452026367188,140.59579467773438,141.9501495361328
RELIANCE.NS,2008-12-26,142.86448669433594,145.72177124023438,137.60707092285156,138.30996704101562
RELIANCE.NS,2008-12-29,137.14990234375,143.0873565673828,135.77841186523438,142.4416046142578
RELIANCE.NS,2008-12-30,144.01312255859375,145.49319458007812,140.36721801757812,142.921630859375
RELIANCE.NS,2008-12-31,143.3216552734375,144.6588592529297,138.97857666015625,140.89295959472656
RELIANCE.NS,2009-01-02,143.97311401367188,148.56764221191406,143.0930633544922,147.0247039794922
RELIANCE.NS,2009-01-05,148.4647674560547,157.3795166015625,148.01904296875,156.10516357421875
RELIANCE.NS,2009-01-06,155.43655395507812,158.8653106689453,152.1506805419922,156.68234252929688
RELIANCE.NS,2009-01-07,156.46517944335938,158.40814208984375,134.29261779785156,137.23562622070312
RELIANCE.NS,2009-01-09,138.29281616210938,138.29281616210938,124.9949951171875,131.80677795410156
RELIANCE.NS,2009-01-12,130.25811767578125,130.86387634277344,124.0063705444336,125.4807357788086
RELIANCE.NS,2009-01-13,125.11500549316406,130.97816467285156,121.72054290771484,123.15489959716797
RELIANCE.NS,2009-01-14,124.70355224609375,139.2071533203125,124.70355224609375,134.8354949951172
RELIANCE.NS,2009-01-15,130.49813842773438,132.57252502441406,126.57793426513672,130.5609893798828
RELIANCE.NS,2009-01-16,131.54962158203125,140.6929473876953,130.28097534179688,139.13287353515625
RELIANCE.NS,2009-01-19,139.96148681640625,142.8587646484375,138.06423950195312,140.56723022460938
RELIANCE.NS,2009-01-20,139.07000732421875,139.07000732421875,133.49256896972656,135.28123474121094
RELIANCE.NS,2009-01-21,132.5782470703125,135.19552612304688,126.86366271972656,127.98943328857422
RELIANCE.NS,2009-01-22,131.4239044189453,131.98963928222656,126.53221893310547,129.86953735351562
RELIANCE.NS,2009-01-23,136.92132568359375,152.5792694091797,128.00657653808594,132.13821411132812
RELIANCE.NS,2009-01-27,135.54981994628906,140.97296142578125,133.72116088867188,140.1157684326172
RELIANCE.NS,2009-01-28,142.6359100341797,147.4361572265625,140.16720581054688,145.60748291015625
RELIANCE.NS,2009-01-29,146.86468505859375,148.0076141357422,141.86444091796875,145.1617431640625
RELIANCE.NS,2009-01-30,141.49298095703125,152.0992431640625,141.49298095703125,151.27635192871094
RELIANCE.NS,2009-02-02,147.4361572265625,154.61366271972656,145.55604553222656,146.29322814941406
RELIANCE.NS,2009-02-03,147.4361572265625,152.54498291015625,145.4989013671875,149.2876739501953
RELIANCE.NS,2009-02-04,150.29344177246094,152.86500549316406,148.01904296875,149.43624877929688
RELIANCE.NS,2009-02-05,151.89352416992188,151.89352416992188,145.28175354003906,147.2989959716797
RELIANCE.NS,2009-02-06,148.57907104492188,154.29364013671875,148.07618713378906,153.70504760742188
RELIANCE.NS,2009-02-09,154.86509704589844,159.89393615722656,153.2650146484375,158.83102416992188
RELIANCE.NS,2009-02-10,158.73959350585938,161.61973571777344,156.8480682373047,160.23109436035156
RELIANCE.NS,2009-02-11,156.00802612304688,158.78530883789062,155.5508575439453,157.86524963378906
RELIANCE.NS,2009-02-12,157.5738067626953,157.5738067626953,153.7564697265625,154.47079467773438
RELIANCE.NS,2009-02-13,156.23660278320312,160.46539306640625,155.5508575439453,159.1396026611328
RELIANCE.NS,2009-02-16,158.23098754882812,159.6710662841797,149.8477020263672,150.88775634765625
RELIANCE.NS,2009-02-17,148.7104949951172,149.3791046142578,143.8016815185547,144.84173583984375
RELIANCE.NS,2009-02-18,144.8074493408203,150.6134490966797,141.72157287597656,148.02474975585938
RELIANCE.NS,2009-02-19,147.4361572265625,149.60769653320312,146.5332489013672,147.86474609375
RELIANCE.NS,2009-02-20,143.5559539794922,146.6361083984375,141.8987274169922,143.25308227539062
RELIANCE.NS,2009-02-24,141.15011596679688,144.41885375976562,137.30419921875,143.23593139648438
RELIANCE.NS,2009-02-25,144.578857421875,146.97898864746094,144.29884338378906,144.75601196289062
RELIANCE.NS,2009-02-26,143.77882385253906,148.23619079589844,143.0130615234375,147.527587890625
RELIANCE.NS,2009-02-27,147.36756896972656,147.77902221679688,142.47018432617188,144.69886779785156
RELIANCE.NS,2009-03-02,140.43006896972656,144.43028259277344,138.86428833007812,140.08148193359375
RELIANCE.NS,2009-03-03,140.5786590576172,143.0873565673828,134.29261779785156,136.78988647460938
RELIANCE.NS,2009-03-04,132.04678344726562,139.17286682128906,132.04678344726562,138.41854858398438
RELIANCE.NS,2009-03-05,138.06423950195312,139.4357452392578,130.549560546875,131.4124755859375
RELIANCE.NS,2009-03-06,129.1494903564453,134.5211944580078,127.46940612792969,133.70973205566406
RELIANCE.NS,2009-03-09,132.69253540039062,133.49256896972656,130.0809783935547,131.81820678710938
RELIANCE.NS,2009-03-12,134.97836303710938,138.8185577392578,132.3496551513672,137.3784942626953
RELIANCE.NS,2009-03-13,140.56723022460938,147.87045288085938,140.12149047851562,146.7789764404297
RELIANCE.NS,2009-03-16,146.7789764404297,152.46498107910156,145.2646026611328,151.7335205078125
RELIANCE.NS,2009-03-17,152.0078125,153.4936065673828,147.79617309570312,148.6019287109375
RELIANCE.NS,2009-03-18,150.30487060546875,155.66514587402344,150.30487060546875,152.16781616210938
RELIANCE.NS,2009-03-19,152.92214965820312,154.73367309570312,150.87632751464844,153.80218505859375
RELIANCE.NS,2009-03-20,153.03643798828125,155.4251251220703,151.09347534179688,153.05929565429688
RELIANCE.NS,2009-03-23,154.7508087158203,165.72280883789062,154.7508087158203,164.40274047851562
RELIANCE.NS,2009-03-24,165.728515625,168.58009338378906,164.57989501953125,166.00282287597656
RELIANCE.NS,2009-03-25,165.72280883789062,177.0376739501953,165.72280883789062,175.11756896972656
RELIANCE.NS,2009-03-26,177.11767578125,180.46641540527344,174.0660858154297,178.92347717285156
RELIANCE.NS,2009-03-27,177.609130859375,180.96929931640625,175.43759155273438,177.00909423828125
RELIANCE.NS,2009-03-30,173.84893798828125,175.43759155273438,170.8659210205078,173.31747436523438
RELIANCE.NS,2009-03-31,175.43759155273438,177.3748321533203,173.15176391601562,174.26609802246094
RELIANCE.NS,2009-04-01,174.0660858154297,182.1807861328125,171.13450622558594,180.72357177734375
RELIANCE.NS,2009-04-02,184.00946044921875,192.00987243652344,183.1237030029297,189.87832641601562
RELIANCE.NS,2009-04-06,194.2957000732422,199.13023376464844,188.07823181152344,191.04981994628906
RELIANCE.NS,2009-04-08,187.4324951171875,198.75306701660156,183.43800354003906,197.17013549804688
RELIANCE.NS,2009-04-09,200.01028442382812,202.05038452148438,194.89573669433594,198.38162231445312
RELIANCE.NS,2009-04-13,201.14747619628906,204.4676513671875,196.92440795898438,202.70184326171875
RELIANCE.NS,2009-04-15,200.01028442382812,210.26223754882812,198.08447265625,209.15931701660156
RELIANCE.NS,2009-04-16,206.99349975585938,210.29652404785156,196.39295959472656,198.29591369628906
RELIANCE.NS,2009-04-17,200.02171325683594,203.51332092285156,194.5642852783203,196.23294067382812
RELIANCE.NS,2009-04-20,196.58152770996094,200.54745483398438,192.95849609375,196.0557861328125
RELIANCE.NS,2009-04-21,193.7242431640625,198.14161682128906,192.5470428466797,194.9928741455078
RELIANCE.NS,2009-04-22,196.58152770996094,198.06732177734375,193.26707458496094,196.3529510498047
RELIANCE.NS,2009-04-23,196.23866271972656,202.85614013671875,193.83853149414062,201.57608032226562
RELIANCE.NS,2009-04-24,200.01028442382812,205.9534454345703,197.38157653808594,204.4505157470703
RELIANCE.NS,2009-04-27,204.6962432861328,206.52490234375,201.26748657226562,204.07334899902344
RELIANCE.NS,2009-04-28,203.55331420898438,204.81053161621094,197.8387451171875,198.54164123535156
RELIANCE.NS,2009-04-29,200.12457275390625,208.0106964111328,199.5359649658203,206.43917846679688
RELIANCE.NS,2009-04-30,206.89064025878906,206.89064025878906,206.89064025878906,206.89064025878906
RELIANCE.NS,2009-05-04,211.55372619628906,216.5825653076172,210.330810546875,215.67965698242188
RELIANCE.NS,2009-05-05,215.4396514892578,216.54827880859375,209.83935546875,215.2853546142578
RELIANCE.NS,2009-05-06,215.8968048095703,221.50852966308594,212.5823516845703,215.0396270751953
RELIANCE.NS,2009-05-07,211.43943786621094,219.9998779296875,211.43943786621094,218.93125915527344
RELIANCE.NS,2009-05-08,219.43984985351562,220.8113555908203,214.29672241210938,217.1883087158203
RELIANCE.NS,2009-05-11,219.3255615234375,220.35418701171875,211.45086669921875,212.76522827148438
RELIANCE.NS,2009-05-12,211.43373107910156,225.7716064453125,210.639404296875,224.00009155273438
RELIANCE.NS,2009-05-13,225.41159057617188,225.72589111328125,217.8397674560547,220.92564392089844
RELIANCE.NS,2009-05-14,217.4111785888672,220.2970428466797,214.89105224609375,218.1769256591797
RELIANCE.NS,2009-05-15,218.86839294433594,224.0115203857422,218.4855194091797,222.9486083984375
RELIANCE.NS,2009-05-18,245.38404846191406,289.72918701171875,240.1551971435547,270.591064453125
RELIANCE.NS,2009-05-19,280.014404296875,285.7289733886719,251.44149780273438,254.9730987548828
RELIANCE.NS,2009-05-20,251.44149780273438,257.46466064453125,244.14968872070312,246.00692749023438
RELIANCE.NS,2009-05-21,245.15545654296875,248.8127899169922,240.3037872314453,241.77813720703125
RELIANCE.NS,2009-05-22,239.98947143554688,252.26438903808594,238.9837188720703,249.81283569335938
RELIANCE.NS,2009-05-25,251.44149780273438,253.15586853027344,246.18408203125,250.84146118164062
RELIANCE.NS,2009-05-26,249.16709899902344,252.47012329101562,243.49822998046875,244.89259338378906
RELIANCE.NS,2009-05-27,248.2413330078125,252.01295471191406,246.00692749023438,249.88140869140625
RELIANCE.NS,2009-05-28,249.15567016601562,256.69891357421875,249.15567016601562,253.79019165039062
RELIANCE.NS,2009-05-29,256.561767578125,263.7507019042969,252.9272918701172,259.6590576171875
RELIANCE.NS,2009-06-01,266.2994079589844,266.2994079589844,257.8589782714844,260.8362731933594
RELIANCE.NS,2009-06-02,262.882080078125,263.83642578125,254.19021606445312,260.4933776855469
RELIANCE.NS,2009-06-03,258.44757080078125,263.72784423828125,254.35592651367188,256.6874694824219
RELIANCE.NS,2009-06-04,254.2759246826172,259.31048583984375,246.8698272705078,258.4989929199219
RELIANCE.NS,2009-06-05,260.01336669921875,260.6991271972656,250.298583984375,252.89871215820312
RELIANCE.NS,2009-06-08,252.2415313720703,258.5047302246094,248.69850158691406,250.75575256347656
RELIANCE.NS,2009-06-09,250.0699920654297,261.842041015625,248.58421325683594,259.6876220703125
RELIANCE.NS,2009-06-10,261.842041015625,267.4308776855469,261.2877197265625,265.1793518066406
RELIANCE.NS,2009-06-11,265.156494140625,265.7279357910156,260.87054443359375,263.2420959472656
RELIANCE.NS,2009-06-12,264.0135803222656,271.8996887207031,263.4706726074219,269.9681701660156
RELIANCE.NS,2009-06-15,269.6938781738281,269.6938781738281,247.47557067871094,249.0185089111328
RELIANCE.NS,2009-06-16,245.72691345214844,249.7156982421875,243.052490234375,244.9668731689453
RELIANCE.NS,2009-06-17,242.9610595703125,248.9270782470703,232.7376708984375,234.45205688476562
RELIANCE.NS,2009-06-18,235.21209716796875,236.86932373046875,227.45169067382812,231.44618225097656
RELIANCE.NS,2009-06-19,233.72630310058594,235.72068786621094,225.9658966064453,233.32627868652344
RELIANCE.NS,2009-06-22,234.03488159179688,234.29776000976562,220.87420654296875,223.15432739257812
RELIANCE.NS,2009-06-23,217.15402221679688,232.43479919433594,217.15402221679688,230.3318328857422
RELIANCE.NS,2009-06-24,231.4404754638672,232.66909790039062,225.38873291015625,228.8517608642578
RELIANCE.NS,2009-06-25,228.72032165527344,231.326171875,222.0056915283203,223.7943572998047
RELIANCE.NS,2009-06-26,224.7144012451172,232.8119659423828,224.3486785888672,231.9204864501953
RELIANCE.NS,2009-06-29,231.5547637939453,241.4866943359375,229.12606811523438,238.52655029296875
RELIANCE.NS,2009-06-30,240.01234436035156,241.07525634765625,229.79466247558594,231.25759887695312
RELIANCE.NS,2009-07-01,232.00050354003906,238.29795837402344,227.21168518066406,235.30352783203125
RELIANCE.NS,2009-07-02,249.49853515625,249.49853515625,228.05172729492188,229.88038635253906
RELIANCE.NS,2009-07-03,228.5831756591797,232.59481811523438,226.29734802246094,231.74334716796875
RELIANCE.NS,2009-07-06,234.0691680908203,234.52633666992188,212.70236206054688,216.37112426757812
RELIANCE.NS,2009-07-07,217.268310546875,218.6398162841797,208.60501098632812,212.0623321533203
RELIANCE.NS,2009-07-08,212.0623321533203,216.0111083984375,205.41627502441406,209.1136016845703
RELIANCE.NS,2009-07-09,209.72506713867188,214.28529357910156,209.1650390625,211.82803344726562
RELIANCE.NS,2009-07-10,211.78231811523438,213.37667846679688,199.43882751464844,202.8847198486328
RELIANCE.NS,2009-07-13,199.9759979248047,202.1246795654297,196.25009155273438,200.1188507080078
RELIANCE.NS,2009-07-14,202.75328063964844,208.5821533203125,201.8389434814453,207.33065795898438
RELIANCE.NS,2009-07-15,211.43943786621094,216.0111083984375,206.4734649658203,214.4453125
RELIANCE.NS,2009-07-16,217.268310546875,224.9715576171875,214.86819458007812,221.19993591308594
RELIANCE.NS,2009-07-17,222.30856323242188,224.697265625,220.04559326171875,221.38851928710938
RELIANCE.NS,2009-07-20,224.0115203857422,233.04054260253906,222.8686065673828,232.3890838623047
RELIANCE.NS,2009-07-21,238.72084045410156,238.72084045410156,229.4232177734375,230.7147216796875
RELIANCE.NS,2009-07-22,231.4404754638672,235.16636657714844,224.3086700439453,225.80589294433594
RELIANCE.NS,2009-07-23,227.4402618408203,234.73207092285156,227.09738159179688,233.33200073242188
RELIANCE.NS,2009-07-24,234.29776000976562,236.28643798828125,226.99452209472656,230.5089874267578
RELIANCE.NS,2009-07-27,222.8686065673828,228.01171875,217.9140625,221.7999725341797
RELIANCE.NS,2009-07-28,222.52572631835938,223.97723388671875,215.5082244873047,218.0226287841797
RELIANCE.NS,2009-07-29,217.15402221679688,221.49710083007812,213.83956909179688,220.62847900390625
RELIANCE.NS,2009-07-30,219.43984985351562,220.05702209472656,215.8968048095703,217.1883087158203
RELIANCE.NS,2009-07-31,218.86839294433594,225.71446228027344,218.43980407714844,223.48577880859375
RELIANCE.NS,2009-08-03,225.02871704101562,232.126220703125,223.7943572998047,230.52613830566406
RELIANCE.NS,2009-08-04,232.35479736328125,234.64064025878906,228.86891174316406,233.1262664794922
RELIANCE.NS,2009-08-05,232.58338928222656,238.1836700439453,232.19479370117188,237.3150634765625
RELIANCE.NS,2009-08-06,233.57200622558594,242.86962890625,231.59475708007812,233.93202209472656
RELIANCE.NS,2009-08-07,232.75482177734375,235.89784240722656,227.46311950683594,228.32601928710938
RELIANCE.NS,2009-08-10,232.0633544921875,232.5548095703125,225.49729919433594,227.22311401367188
RELIANCE.NS,2009-08-11,227.78314208984375,234.07489013671875,226.1830596923828,228.62889099121094
RELIANCE.NS,2009-08-12,225.7201690673828,228.5831756591797,222.10284423828125,227.520263671875
RELIANCE.NS,2009-08-13,231.4404754638672,233.62344360351562,228.2403106689453,231.36045837402344
RELIANCE.NS,2009-08-14,231.66905212402344,235.89784240722656,229.3832244873047,232.7490997314453
RELIANCE.NS,2009-08-17,229.61180114746094,229.72608947753906,220.0113067626953,221.94854736328125
RELIANCE.NS,2009-08-18,219.86273193359375,223.57720947265625,219.45700073242188,221.8628387451172
RELIANCE.NS,2009-08-19,221.72567749023438,222.85716247558594,213.83956909179688,215.5367889404297
RELIANCE.NS,2009-08-20,217.15402221679688,220.46847534179688,215.8453826904297,216.9711456298828
RELIANCE.NS,2009-08-21,215.7825164794922,221.1542205810547,213.4509735107422,220.44561767578125
RELIANCE.NS,2009-08-24,224.0115203857422,226.40020751953125,222.70858764648438,225.64588928222656
RELIANCE.NS,2009-08-25,224.6058349609375,232.35479736328125,223.50291442871094,231.51475524902344
RELIANCE.NS,2009-08-26,231.5604705810547,233.92059326171875,229.86895751953125,233.17198181152344
RELIANCE.NS,2009-08-27,232.46908569335938,235.32638549804688,230.86900329589844,233.42343139648438
RELIANCE.NS,2009-08-28,234.29776000976562,237.72650146484375,231.50332641601562,237.05218505859375
RELIANCE.NS,2009-08-31,235.89784240722656,235.89784240722656,228.01171875,229.1660614013672
RELIANCE.NS,2009-09-01,231.4176025390625,233.3834228515625,224.62869262695312,226.39450073242188
RELIANCE.NS,2009-09-02,225.04014587402344,228.34317016601562,224.0115203857422,225.28587341308594
RELIANCE.NS,2009-09-03,226.29734802246094,227.1202392578125,219.8170166015625,220.6741943359375
RELIANCE.NS,2009-09-04,221.49710083007812,227.89743041992188,221.1542205810547,226.4287872314453
RELIANCE.NS,2009-09-07,226.86880493164062,229.60609436035156,225.89732360839844,228.90890502929688
RELIANCE.NS,2009-09-08,230.29754638671875,239.37229919433594,229.19464111328125,237.22361755371094
RELIANCE.NS,2009-09-09,237.15504455566406,248.5270538330078,235.66925048828125,247.83560180664062
RELIANCE.NS,2009-09-10,250.30429077148438,256.0017395019531,243.7382354736328,245.4354705810547
RELIANCE.NS,2009-09-11,247.4412841796875,248.1613311767578,240.58380126953125,244.68115234375
RELIANCE.NS,2009-09-14,244.01254272460938,246.7669677734375,241.32669067382812,244.52685546875
RELIANCE.NS,2009-09-15,244.81259155273438,249.61282348632812,244.81259155273438,249.25852966308594
RELIANCE.NS,2009-09-16,250.9843292236328,253.57875061035156,247.28128051757812,249.61282348632812
RELIANCE.NS,2009-09-17,249.7271270751953,251.44149780273438,236.6978759765625,238.4293975830078
RELIANCE.NS,2009-09-18,237.72650146484375,241.4981231689453,237.16647338867188,240.3037872314453
RELIANCE.NS,2009-09-22,243.29251098632812,244.54971313476562,238.6522674560547,239.77804565429688
RELIANCE.NS,2009-09-23,239.66946411132812,242.86962890625,238.86941528320312,240.20663452148438
RELIANCE.NS,2009-09-24,238.86941528320312,243.4410858154297,235.21209716796875,240.12091064453125
RELIANCE.NS,2009-09-25,238.22938537597656,245.48690795898438,237.16647338867188,244.01254272460938
RELIANCE.NS,2009-09-29,245.2126007080078,249.33853149414062,244.58399963378906,248.13275146484375
RELIANCE.NS,2009-09-30,249.61282348632812,252.91586303710938,247.4412841796875,251.6300811767578
RELIANCE.NS,2009-10-01,251.43006896972656,251.43006896972656,246.18408203125,248.50991821289062
RELIANCE.NS,2009-10-05,246.8583984375,248.2413330078125,242.44674682617188,244.48114013671875
RELIANCE.NS,2009-10-06,246.86412048339844,246.86412048339844,240.2409210205078,243.90968322753906
RELIANCE.NS,2009-10-07,245.66976928710938,246.64125061035156,238.19509887695312,240.16091918945312
RELIANCE.NS,2009-10-08,251.44149780273438,255.4988555908203,240.01234436035156,242.25816345214844
RELIANCE.NS,2009-10-09,243.2867889404297,243.6239471435547,238.86941528320312,239.9837646484375
RELIANCE.NS,2009-10-12,242.2981719970703,249.84141540527344,242.2981719970703,247.9041748046875
RELIANCE.NS,2009-10-13,247.09841918945312,247.09841918945312,247.09841918945312,247.09841918945312
RELIANCE.NS,2009-10-14,248.58421325683594,251.15576171875,246.02978515625,249.6356964111328
RELIANCE.NS,2009-10-15,251.32720947265625,253.9330596923828,247.4412841796875,248.18418884277344
RELIANCE.NS,2009-10-16,248.01275634765625,254.41307067871094,246.984130859375,253.58445739746094
RELIANCE.NS,2009-10-20,256.5846252441406,260.96197509765625,248.90994262695312,249.67568969726562
RELIANCE.NS,2009-10-21,249.04136657714844,252.47012329101562,247.85845947265625,249.4071044921875
RELIANCE.NS,2009-10-22,249.38424682617188,249.38424682617188,242.41246032714844,244.035400390625
RELIANCE.NS,2009-10-23,245.2926025390625,246.21836853027344,232.8805389404297,233.99488830566406
RELIANCE.NS,2009-10-26,234.29776000976562,236.35501098632812,229.04034423828125,230.33755493164062
RELIANCE.NS,2009-10-27,228.811767578125,229.72608947753906,225.72589111328125,227.55455017089844
RELIANCE.NS,2009-10-28,226.87451171875,233.5377197265625,226.87451171875,232.48623657226562
RELIANCE.NS,2009-10-29,228.6974639892578,233.6005859375,226.3430633544922,228.5146026611328
RELIANCE.NS,2009-10-30,228.70318603515625,232.58338928222656,219.66842651367188,220.71420288085938
RELIANCE.NS,2009-11-03,219.44557189941406,219.9884490966797,205.9820098876953,207.844970703125
RELIANCE.NS,2009-11-04,211.43943786621094,220.35418701171875,209.46218872070312,219.5198516845703
RELIANCE.NS,2009-11-05,218.1997833251953,222.6400146484375,211.55372619628906,221.85711669921875
RELIANCE.NS,2009-11-06,220.582763671875,225.71446228027344,220.582763671875,223.7257843017578
RELIANCE.NS,2009-11-09,225.72589111328125,232.24050903320312,224.1943817138672,231.37188720703125
RELIANCE.NS,2009-11-10,233.15484619140625,240.2923583984375,229.15463256835938,234.81207275390625
RELIANCE.NS,2009-11-11,236.35501098632812,243.48680114746094,232.6576690673828,241.6124267578125
RELIANCE.NS,2009-11-12,242.86962890625,245.26974487304688,238.1836700439453,240.1551971435547
RELIANCE.NS,2009-11-13,238.86941528320312,243.32679748535156,238.19509887695312,242.24102783203125
RELIANCE.NS,2009-11-16,245.6126251220703,247.0869903564453,243.62966918945312,246.13836669921875
RELIANCE.NS,2009-11-17,246.8698272705078,247.0641326904297,240.8123779296875,243.7096710205078
RELIANCE.NS,2009-11-18,247.09841918945312,247.09841918945312,239.3380126953125,240.01805114746094
RELIANCE.NS,2009-11-19,239.86947631835938,241.14382934570312,236.9150390625,238.1608123779297
RELIANCE.NS,2009-11-20,237.72650146484375,244.00682067871094,236.0121307373047,242.67532348632812
RELIANCE.NS,2009-11-23,246.8698272705078,252.32725524902344,243.7896728515625,250.86431884765625
RELIANCE.NS,2009-11-24,250.52716064453125,252.01295471191406,247.79559326171875,248.8356475830078
RELIANCE.NS,2009-11-25,249.81283569335938,254.40164184570312,248.00131225585938,250.83575439453125
RELIANCE.NS,2009-11-26,253.95591735839844,253.95591735839844,240.76666259765625,243.1553497314453
RELIANCE.NS,2009-11-27,240.01234436035156,241.84100341796875,231.09759521484375,239.08657836914062
RELIANCE.NS,2009-11-30,242.86962890625,246.61839294433594,240.92666625976562,243.09820556640625
RELIANCE.NS,2009-12-01,245.72691345214844,251.44149780273438,243.9439697265625,250.9843292236328
RELIANCE.NS,2009-12-02,252.6415557861328,255.70457458496094,249.42996215820312,251.5443572998047
RELIANCE.NS,2009-12-03,252.56155395507812,256.0131530761719,249.6356964111328,251.3614959716797
RELIANCE.NS,2009-12-04,249.38424682617188,253.0415802001953,246.93841552734375,248.78993225097656
RELIANCE.NS,2009-12-07,248.69850158691406,250.0928497314453,240.01234436035156,241.15525817871094
RELIANCE.NS,2009-12-08,242.2981719970703,247.88702392578125,241.18954467773438,246.94984436035156
RELIANCE.NS,2009-12-09,244.58399963378906,246.41265869140625,242.7896270751953,245.0068817138672
RELIANCE.NS,2009-12-10,245.4297637939453,247.32699584960938,242.75534057617188,244.99545288085938
RELIANCE.NS,2009-12-11,246.8698272705078,248.69850158691406,243.32679748535156,244.86973571777344
RELIANCE.NS,2009-12-14,244.1268310546875,247.78416442871094,242.98391723632812,244.1154022216797
RELIANCE.NS,2009-12-15,244.1268310546875,245.4983367919922,239.55517578125,240.37806701660156
RELIANCE.NS,2009-12-16,239.98947143554688,241.15525817871094,237.2921905517578,239.36087036132812
RELIANCE.NS,2009-12-17,241.1095428466797,241.1095428466797,235.440673828125,236.57215881347656
RELIANCE.NS,2009-12-18,236.58358764648438,236.58358764648438,229.72608947753906,230.3318328857422
RELIANCE.NS,2009-12-21,228.811767578125,235.62353515625,226.29734802246094,232.45765686035156
RELIANCE.NS,2009-12-22,232.74339294433594,235.16636657714844,231.16616821289062,232.9719696044922
RELIANCE.NS,2009-12-23,234.29776000976562,244.10397338867188,233.474853515625,243.7153778076172
RELIANCE.NS,2009-12-24,245.72691345214844,247.7384490966797,241.92100524902344,246.02407836914062
RELIANCE.NS,2009-12-29,246.64125061035156,248.9270782470703,244.58399963378906,246.92697143554688
RELIANCE.NS,2009-12-30,246.82411193847656,248.01275634765625,244.46971130371094,245.96693420410156
RELIANCE.NS,2009-12-31,247.78416442871094,250.52716064453125,247.1784210205078,249.28138732910156
RELIANCE.NS,2010-01-04,249.4071044921875,249.4071044921875,233.57772827148438,245.84120178222656
RELIANCE.NS,2010-01-05,262.8478088378906,262.8478088378906,243.5325164794922,244.74400329589844
RELIANCE.NS,2010-01-06,246.8469696044922,250.18429565429688,244.73257446289062,248.69850158691406
RELIANCE.NS,2010-01-07,248.69850158691406,254.8702392578125,246.41265869140625,252.8244171142578
RELIANCE.NS,2010-01-08,253.27015686035156,254.595947265625,250.52716064453125,252.16152954101562
RELIANCE.NS,2010-01-11,259.3733215332031,262.8020935058594,240.01234436035156,247.21270751953125
RELIANCE.NS,2010-01-12,250.298583984375,259.9676513671875,246.18408203125,247.86416625976562
RELIANCE.NS,2010-01-13,248.69850158691406,249.61282348632812,244.26397705078125,248.8356475830078
RELIANCE.NS,2010-01-14,248.2413330078125,257.1103515625,248.2413330078125,256.4017639160156
RELIANCE.NS,2010-01-15,257.33892822265625,260.3333740234375,252.59584045410156,253.8987579345703
RELIANCE.NS,2010-01-18,253.0415802001953,255.20169067382812,249.6013946533203,251.32720947265625
RELIANCE.NS,2010-01-19,251.44149780273438,252.8244171142578,247.47557067871094,248.01275634765625
RELIANCE.NS,2010-01-20,250.298583984375,250.7786102294922,245.04116821289062,246.29837036132812
RELIANCE.NS,2010-01-21,245.72691345214844,246.18408203125,240.06948852539062,240.93809509277344
RELIANCE.NS,2010-01-22,237.95509338378906,244.81259155273438,235.32638549804688,240.8923797607422
RELIANCE.NS,2010-01-25,239.9323272705078,241.01809692382812,236.97218322753906,238.19509887695312
RELIANCE.NS,2010-01-27,236.35501098632812,240.01234436035156,233.15484619140625,234.88064575195312
RELIANCE.NS,2010-01-28,237.72650146484375,239.20086669921875,234.29776000976562,237.07504272460938
RELIANCE.NS,2010-01-29,236.1035614013672,240.4237823486328,232.7205352783203,239.1437225341797
RELIANCE.NS,2010-02-01,237.15504455566406,241.15525817871094,236.7093048095703,238.9608612060547
RELIANCE.NS,2010-02-02,240.46949768066406,241.46383666992188,234.09202575683594,234.82350158691406
RELIANCE.NS,2010-02-03,235.69210815429688,239.6466064453125,235.69210815429688,236.3435821533203
RELIANCE.NS,2010-02-04,237.2693328857422,237.2693328857422,231.78334045410156,232.96054077148438
RELIANCE.NS,2010-02-05,222.8686065673828,230.3546905517578,222.8686065673828,224.4001007080078
RELIANCE.NS,2010-02-08,225.15443420410156,229.5775146484375,222.8686065673828,227.29168701171875
RELIANCE.NS,2010-02-09,227.15452575683594,228.12600708007812,224.62869262695312,227.0402374267578
RELIANCE.NS,2010-02-10,228.56031799316406,228.56031799316406,224.4686737060547,225.1772918701172
RELIANCE.NS,2010-02-11,226.12591552734375,233.109130859375,225.9544677734375,232.0462188720703
RELIANCE.NS,2010-02-15,234.7549285888672,234.7549285888672,230.32040405273438,230.86900329589844
RELIANCE.NS,2010-02-16,230.89186096191406,233.3834228515625,229.72608947753906,232.64053344726562
RELIANCE.NS,2010-02-17,234.29776000976562,237.22361755371094,233.62344360351562,236.0235595703125
RELIANCE.NS,2010-02-18,235.440673828125,237.34934997558594,227.4402618408203,228.08029174804688
RELIANCE.NS,2010-02-19,227.4402618408203,227.4402618408203,223.36004638671875,224.74298095703125
RELIANCE.NS,2010-02-22,227.5088348388672,228.5831756591797,221.72567749023438,223.5429229736328
RELIANCE.NS,2010-02-23,222.6400146484375,224.697265625,221.72567749023438,222.9486083984375
RELIANCE.NS,2010-02-24,221.72567749023438,225.31443786621094,220.95993041992188,223.73721313476562
RELIANCE.NS,2010-02-25,224.0343780517578,225.15443420410156,219.2455596923828,220.14845275878906
RELIANCE.NS,2010-02-26,221.49710083007812,227.4402618408203,220.86849975585938,223.77149963378906
RELIANCE.NS,2010-03-02,225.15443420410156,228.35459899902344,223.87435913085938,224.74298095703125
RELIANCE.NS,2010-03-03,225.84017944335938,234.98350524902344,225.84017944335938,234.25204467773438
RELIANCE.NS,2010-03-04,237.72650146484375,237.72650146484375,230.41184997558594,231.78334045410156
RELIANCE.NS,2010-03-05,233.6120147705078,234.52633666992188,229.7489471435547,230.8232879638672
RELIANCE.NS,2010-03-08,233.42913818359375,234.7549285888672,229.04034423828125,229.52037048339844
RELIANCE.NS,2010-03-09,230.0689697265625,231.28045654296875,225.8516082763672,226.37734985351562
RELIANCE.NS,2010-03-10,227.4402618408203,232.9033966064453,226.13734436035156,230.58328247070312
RELIANCE.NS,2010-03-11,230.86900329589844,233.15484619140625,230.18325805664062,232.34336853027344
RELIANCE.NS,2010-03-12,232.01193237304688,236.1264190673828,231.78334045410156,233.52056884765625
RELIANCE.NS,2010-03-15,233.6120147705078,235.88641357421875,231.57762145996094,234.99493408203125
RELIANCE.NS,2010-03-16,235.89784240722656,244.99545288085938,235.21209716796875,244.1154022216797
RELIANCE.NS,2010-03-17,245.6811981201172,247.4412841796875,243.6239471435547,244.5154266357422
RELIANCE.NS,2010-03-18,245.4983367919922,247.23556518554688,243.23536682128906,246.1726531982422
RELIANCE.NS,2010-03-19,246.5955352783203,250.64144897460938,244.6182861328125,249.624267578125
RELIANCE.NS,2010-03-22,242.75534057617188,251.21290588378906,242.75534057617188,245.48690795898438
RELIANCE.NS,2010-03-23,246.40122985839844,250.05856323242188,246.1726531982422,249.47567749023438
RELIANCE.NS,2010-03-25,250.52716064453125,250.75575256347656,246.2755126953125,249.4871063232422
RELIANCE.NS,2010-03-26,250.75575256347656,253.95591735839844,250.33287048339844,251.5443572998047
RELIANCE.NS,2010-03-29,252.28724670410156,253.7158966064453,249.38424682617188,249.9099884033203
RELIANCE.NS,2010-03-30,250.52716064453125,252.74441528320312,247.5555877685547,248.7327880859375
RELIANCE.NS,2010-03-31,249.8185577392578,250.298583984375,244.88116455078125,245.55548095703125
RELIANCE.NS,2010-04-01,246.41265869140625,251.09861755371094,246.18408203125,249.624267578125
RELIANCE.NS,2010-04-05,250.64144897460938,258.218994140625,250.64144897460938,257.3617858886719
RELIANCE.NS,2010-04-06,257.8418273925781,258.9847412109375,256.0588684082031,256.74462890625
RELIANCE.NS,2010-04-07,257.15606689453125,262.8020935058594,256.7217712402344,258.23040771484375
RELIANCE.NS,2010-04-08,258.9847412109375,259.7847900390625,251.7843780517578,252.938720703125
RELIANCE.NS,2010-04-09,253.3158721923828,258.527587890625,253.3158721923828,257.0874938964844
RELIANCE.NS,2010-04-12,261.7277526855469,261.7277526855469,256.618896484375,257.6932373046875
RELIANCE.NS,2010-04-13,257.8418273925781,259.21331787109375,254.0244903564453,256.2188720703125
RELIANCE.NS,2010-04-15,257.15606689453125,259.4190368652344,248.48133850097656,249.315673828125
RELIANCE.NS,2010-04-16,248.26419067382812,250.298583984375,244.8468780517578,247.84130859375
RELIANCE.NS,2010-04-19,246.82411193847656,246.82411193847656,240.2409210205078,242.70962524414062
RELIANCE.NS,2010-04-20,244.54971313476562,246.81268310546875,241.0066680908203,243.02963256835938
RELIANCE.NS,2010-04-21,244.58399963378906,245.4297637939453,239.58946228027344,240.94952392578125
RELIANCE.NS,2010-04-22,240.1266326904297,250.04713439941406,240.02377319335938,245.8983612060547
RELIANCE.NS,2010-04-23,246.8698272705078,250.52716064453125,246.8698272705078,248.7442169189453
RELIANCE.NS,2010-04-26,246.8698272705078,250.93861389160156,243.09820556640625,244.86973571777344
RELIANCE.NS,2010-04-27,242.98391723632812,244.1268310546875,241.15525817871094,242.58389282226562
RELIANCE.NS,2010-04-28,240.9152374267578,240.9152374267578,231.326171875,232.5262451171875
RELIANCE.NS,2010-04-29,234.0691680908203,237.70364379882812,232.96054077148438,236.5950164794922
RELIANCE.NS,2010-04-30,237.72650146484375,239.37229919433594,235.440673828125,236.26358032226562
RELIANCE.NS,2010-05-03,234.52633666992188,236.0349884033203,232.7205352783203,234.01202392578125
RELIANCE.NS,2010-05-04,234.11488342285156,237.4979248046875,231.66905212402344,233.41770935058594
RELIANCE.NS,2010-05-05,230.86900329589844,233.96630859375,229.33750915527344,233.3034210205078
RELIANCE.NS,2010-05-06,233.109130859375,233.90916442871094,229.4975128173828,230.3775634765625
RELIANCE.NS,2010-05-07,223.09718322753906,242.2981719970703,223.09718322753906,236.08070373535156
RELIANCE.NS,2010-05-10,240.2409210205078,247.32699584960938,237.72650146484375,246.73268127441406
RELIANCE.NS,2010-05-11,248.9270782470703,248.9270782470703,243.0639190673828,244.08111572265625
RELIANCE.NS,2010-05-12,245.96693420410156,249.02993774414062,243.22393798828125,247.54415893554688
RELIANCE.NS,2010-05-13,242.75534057617188,249.93284606933594,242.75534057617188,244.99545288085938
RELIANCE.NS,2010-05-14,244.05825805664062,244.81259155273438,236.58358764648438,238.5608367919922
RELIANCE.NS,2010-05-17,236.5150146484375,236.5150146484375,230.6404266357422,232.36622619628906
RELIANCE.NS,2010-05-18,233.15484619140625,236.22927856445312,230.36611938476562,233.2919921875
RELIANCE.NS,2010-05-19,232.46908569335938,232.64053344726562,227.46311950683594,228.27459716796875
RELIANCE.NS,2010-05-20,228.811767578125,231.5547637939453,227.15452575683594,228.57174682617188
RELIANCE.NS,2010-05-21,226.2744903564453,228.54888916015625,223.1200408935547,227.56597900390625
RELIANCE.NS,2010-05-24,232.6976776123047,239.77232360839844,232.34336853027344,233.76058959960938
RELIANCE.NS,2010-05-25,234.29776000976562,234.29776000976562,224.64012145996094,225.30300903320312
RELIANCE.NS,2010-05-26,227.4174041748047,230.86900329589844,226.5259246826172,230.42327880859375
RELIANCE.NS,2010-05-27,231.09759521484375,234.91493225097656,228.94891357421875,233.66915893554688
RELIANCE.NS,2010-05-28,235.4292449951172,237.4979248046875,231.8976287841797,236.96075439453125
RELIANCE.NS,2010-05-31,235.47496032714844,239.66946411132812,235.15493774414062,239.00657653808594
RELIANCE.NS,2010-06-01,238.4808349609375,238.86941528320312,229.52037048339844,230.99473571777344
RELIANCE.NS,2010-06-02,232.01193237304688,233.3834228515625,229.34893798828125,231.10902404785156
RELIANCE.NS,2010-06-03,233.13198852539062,237.2693328857422,233.13198852539062,235.62353515625
RELIANCE.NS,2010-06-04,235.66925048828125,236.8121795654297,233.71487426757812,235.71498107910156
RELIANCE.NS,2010-06-07,232.01193237304688,232.01193237304688,228.5831756591797,230.3546905517578
RELIANCE.NS,2010-06-08,230.80043029785156,231.48619079589844,227.46311950683594,227.76028442382812
RELIANCE.NS,2010-06-09,228.62889099121094,232.01193237304688,228.5831756591797,230.19468688964844
RELIANCE.NS,2010-06-10,230.86900329589844,232.57196044921875,230.21754455566406,232.09193420410156
RELIANCE.NS,2010-06-11,234.29776000976562,240.20663452148438,233.3834228515625,239.18943786621094
RELIANCE.NS,2010-06-14,241.1324005126953,244.58399963378906,239.80661010742188,243.09820556640625
RELIANCE.NS,2010-06-15,243.48680114746094,244.56114196777344,240.0352020263672,243.69252014160156
RELIANCE.NS,2010-06-16,244.58399963378906,245.1897430419922,241.17811584472656,241.82957458496094
RELIANCE.NS,2010-06-17,243.052490234375,246.18408203125,241.90957641601562,244.90402221679688
RELIANCE.NS,2010-06-18,246.91554260253906,249.10995483398438,240.1380615234375,241.0066680908203
RELIANCE.NS,2010-06-21,242.52674865722656,244.97259521484375,242.52674865722656,243.58966064453125
RELIANCE.NS,2010-06-22,242.98391723632812,245.6811981201172,241.60098266601562,243.16677856445312
RELIANCE.NS,2010-06-23,242.22959899902344,244.01254272460938,240.92666625976562,242.00100708007812
RELIANCE.NS,2010-06-24,242.069580078125,243.6239471435547,239.39515686035156,240.48092651367188
RELIANCE.NS,2010-06-25,240.01234436035156,244.1268310546875,238.41226196289062,242.9724884033203
RELIANCE.NS,2010-06-28,245.4983367919922,249.61282348632812,243.47537231445312,249.18995666503906
RELIANCE.NS,2010-06-29,249.38424682617188,249.38424682617188,243.2582244873047,244.00111389160156
RELIANCE.NS,2010-06-30,242.2981719970703,250.05856323242188,241.72671508789062,249.1213836669922
RELIANCE.NS,2010-07-01,247.78416442871094,248.3213348388672,243.78396606445312,246.0126495361328
RELIANCE.NS,2010-07-02,245.95550537109375,247.77273559570312,243.50965881347656,244.343994140625
RELIANCE.NS,2010-07-05,244.58399963378906,245.3040313720703,242.91534423828125,244.19540405273438
RELIANCE.NS,2010-07-06,243.5553741455078,247.30413818359375,243.5553741455078,245.47547912597656
RELIANCE.NS,2010-07-07,245.4983367919922,245.6811981201172,240.2409210205078,240.8238067626953
RELIANCE.NS,2010-07-08,242.2981719970703,244.48114013671875,241.21240234375,241.63528442382812
RELIANCE.NS,2010-07-09,243.20108032226562,243.66966247558594,240.8238067626953,241.76100158691406
RELIANCE.NS,2010-07-12,242.2981719970703,244.1154022216797,240.48092651367188,241.44097900390625
RELIANCE.NS,2010-07-13,241.66957092285156,246.3555145263672,241.66957092285156,245.56690979003906
RELIANCE.NS,2010-07-14,246.8698272705078,250.17286682128906,243.9553985595703,244.68685913085938
RELIANCE.NS,2010-07-15,245.0297393798828,247.0755615234375,244.14968872070312,245.37261962890625
RELIANCE.NS,2010-07-16,244.8240203857422,245.4983367919922,242.2981719970703,242.9724884033203
RELIANCE.NS,2010-07-19,241.86386108398438,243.6468048095703,240.88095092773438,241.395263671875
RELIANCE.NS,2010-07-20,241.6124267578125,243.6468048095703,239.80661010742188,240.68666076660156
RELIANCE.NS,2010-07-21,242.04672241210938,242.98391723632812,241.3038330078125,241.93243408203125
RELIANCE.NS,2010-07-22,241.93243408203125,242.49246215820312,239.4637451171875,242.069580078125
RELIANCE.NS,2010-07-23,243.20108032226562,244.7897186279297,241.5666961669922,242.40103149414062
RELIANCE.NS,2010-07-26,243.09820556640625,243.98968505859375,240.06948852539062,240.720947265625
RELIANCE.NS,2010-07-27,242.03529357910156,242.56103515625,240.26377868652344,240.8123779296875
RELIANCE.NS,2010-07-28,242.98391723632812,245.4183349609375,232.6976776123047,233.44056701660156
RELIANCE.NS,2010-07-29,235.09779357910156,235.09779357910156,230.41184997558594,230.90330505371094
RELIANCE.NS,2010-07-30,232.00050354003906,233.23484802246094,230.2404022216797,230.78900146484375
RELIANCE.NS,2010-08-02,232.24050903320312,233.56629943847656,231.18902587890625,231.9090576171875
RELIANCE.NS,2010-08-03,232.96054077148438,235.64639282226562,231.78334045410156,234.92636108398438
RELIANCE.NS,2010-08-04,234.98350524902344,235.66925048828125,231.451904296875,232.25193786621094
RELIANCE.NS,2010-08-05,233.14341735839844,234.00059509277344,229.73751831054688,230.19468688964844
RELIANCE.NS,2010-08-06,230.61756896972656,230.89186096191406,228.2403106689453,228.6060333251953
RELIANCE.NS,2010-08-09,228.5831756591797,229.95468139648438,226.7545166015625,227.1202392578125
RELIANCE.NS,2010-08-10,226.5259246826172,229.13177490234375,225.4515838623047,225.81732177734375
RELIANCE.NS,2010-08-11,226.2516326904297,227.4174041748047,224.0343780517578,224.75440979003906
RELIANCE.NS,2010-08-12,224.0115203857422,224.75440979003906,221.72567749023438,222.3199920654297
RELIANCE.NS,2010-08-13,221.83998107910156,227.1659698486328,221.83998107910156,223.8057861328125
RELIANCE.NS,2010-08-16,224.0115203857422,226.73165893554688,222.8686065673828,223.3029022216797
RELIANCE.NS,2010-08-17,224.0115203857422,225.14300537109375,221.72567749023438,221.874267578125
RELIANCE.NS,2010-08-18,222.41143798828125,223.3257598876953,219.06268310546875,220.4913330078125
RELIANCE.NS,2010-08-19,220.28561401367188,225.13157653808594,220.28561401367188,223.37147521972656
RELIANCE.NS,2010-08-20,223.37147521972656,227.07452392578125,222.29713439941406,225.98875427246094
RELIANCE.NS,2010-08-23,226.7659454345703,226.7659454345703,223.00575256347656,223.3029022216797
RELIANCE.NS,2010-08-24,223.3029022216797,224.24009704589844,221.10850524902344,222.27427673339844
RELIANCE.NS,2010-08-25,221.72567749023438,223.5200653076172,220.69705200195312,221.22279357910156
RELIANCE.NS,2010-08-26,221.72567749023438,222.41143798828125,218.30836486816406,218.62838745117188
RELIANCE.NS,2010-08-27,219.18841552734375,219.64556884765625,216.3654022216797,217.06259155273438
RELIANCE.NS,2010-08-30,217.63404846191406,220.53704833984375,216.0111083984375,216.6854248046875
RELIANCE.NS,2010-08-31,215.9311065673828,217.14259338378906,209.1536102294922,210.11366271972656
RELIANCE.NS,2010-09-01,211.45086669921875,215.73680114746094,210.5251007080078,213.99957275390625
RELIANCE.NS,2010-09-02,216.0111083984375,216.3882598876953,213.953857421875,214.28529357910156
RELIANCE.NS,2010-09-03,214.86819458007812,215.23391723632812,211.25657653808594,211.5994415283203
RELIANCE.NS,2010-09-06,212.7995147705078,218.9141082763672,210.822265625,217.759765625
RELIANCE.NS,2010-09-07,218.29693603515625,221.6571044921875,217.8397674560547,219.96559143066406
RELIANCE.NS,2010-09-08,218.31979370117188,220.51419067382812,217.61119079589844,219.34841918945312
RELIANCE.NS,2010-09-09,220.11416625976562,221.0856475830078,218.3426513671875,219.1083984375
RELIANCE.NS,2010-09-13,222.18284606933594,227.55455017089844,220.6627655029297,226.86880493164062
RELIANCE.NS,2010-09-14,227.55455017089844,229.2689208984375,225.005859375,225.8744659423828
RELIANCE.NS,2010-09-15,226.06875610351562,232.85768127441406,226.06875610351562,231.76048278808594
RELIANCE.NS,2010-09-16,231.34902954101562,232.09193420410156,227.94314575195312,228.66317749023438
RELIANCE.NS,2010-09-17,229.72608947753906,235.7606964111328,229.72608947753906,234.83493041992188
RELIANCE.NS,2010-09-20,235.21209716796875,238.62940979003906,233.40628051757812,238.04652404785156
RELIANCE.NS,2010-09-21,238.1836700439453,239.66946411132812,234.30918884277344,236.6178741455078
RELIANCE.NS,2010-09-22,236.35501098632812,238.572265625,232.01193237304688,233.16627502441406
RELIANCE.NS,2010-09-23,233.16627502441406,234.0691680908203,227.66883850097656,228.04600524902344
RELIANCE.NS,2010-09-24,228.5831756591797,230.6404266357422,226.77737426757812,228.96034240722656
RELIANCE.NS,2010-09-27,230.41184997558594,233.13198852539062,229.7489471435547,230.91473388671875
RELIANCE.NS,2010-09-28,230.4804229736328,231.326171875,226.98309326171875,228.2403106689453
RELIANCE.NS,2010-09-29,228.5831756591797,230.6404266357422,227.4402618408203,228.35459899902344
RELIANCE.NS,2010-09-30,229.04034423828125,229.04034423828125,223.57720947265625,225.6687469482422
RELIANCE.NS,2010-10-01,226.7545166015625,230.86900329589844,226.29734802246094,230.3889923095703
RELIANCE.NS,2010-10-04,232.00050354003906,234.48062133789062,232.00050354003906,232.66339111328125
RELIANCE.NS,2010-10-05,232.24050903320312,235.8521270751953,230.6404266357422,234.03488159179688
RELIANCE.NS,2010-10-06,235.440673828125,239.3265838623047,234.74349975585938,238.8579864501953
RELIANCE.NS,2010-10-07,238.8579864501953,241.32669067382812,236.0121307373047,237.53221130371094
RELIANCE.NS,2010-10-08,239.2580108642578,241.1095428466797,235.56639099121094,239.9323272705078
RELIANCE.NS,2010-10-11,241.3838348388672,245.0983123779297,240.720947265625,244.40113830566406
RELIANCE.NS,2010-10-12,244.1268310546875,244.4468536376953,239.13229370117188,241.2924041748047
RELIANCE.NS,2010-10-13,241.4066925048828,245.4983367919922,241.08668518066406,245.2811737060547
RELIANCE.NS,2010-10-14,245.72691345214844,247.21270751953125,240.97238159179688,242.069580078125
RELIANCE.NS,2010-10-15,242.2981719970703,244.1268310546875,236.72073364257812,237.80650329589844
RELIANCE.NS,2010-10-18,238.24081420898438,243.42965698242188,236.18356323242188,239.429443359375
RELIANCE.NS,2010-10-19,243.4410858154297,244.28684997558594,237.55506896972656,238.73226928710938
RELIANCE.NS,2010-10-20,237.58935546875,243.30393981933594,237.2693328857422,239.88661193847656
RELIANCE.NS,2010-10-21,240.46949768066406,248.66421508789062,239.8294677734375,247.2469940185547
RELIANCE.NS,2010-10-22,248.11561584472656,250.02427673339844,245.57833862304688,247.28128051757812
RELIANCE.NS,2010-10-25,248.69850158691406,251.8758087158203,248.2413330078125,249.2356719970703
RELIANCE.NS,2010-10-26,249.36138916015625,251.6586456298828,248.49276733398438,251.17861938476562
RELIANCE.NS,2010-10-27,250.9843292236328,253.72732543945312,247.61273193359375,249.78427124023438
RELIANCE.NS,2010-10-28,251.30435180664062,251.647216796875,245.63548278808594,247.32699584960938
RELIANCE.NS,2010-10-29,248.6299285888672,253.08729553222656,246.984130859375,250.5843048095703
RELIANCE.NS,2010-11-01,256.2417297363281,257.1332092285156,248.98422241210938,249.8871307373047
RELIANCE.NS,2010-11-02,250.3900146484375,250.3900146484375,244.65257263183594,245.692626953125
RELIANCE.NS,2010-11-03,247.32699584960938,247.98988342285156,242.90391540527344,243.50965881347656
RELIANCE.NS,2010-11-04,246.38980102539062,253.0415802001953,245.72691345214844,252.59584045410156
RELIANCE.NS,2010-11-08,254.61880493164062,255.78457641601562,251.5672149658203,254.15020751953125
RELIANCE.NS,2010-11-09,254.24163818359375,256.12744140625,250.81289672851562,253.39588928222656
RELIANCE.NS,2010-11-10,252.97300720214844,255.30455017089844,251.25863647460938,251.9443817138672
RELIANCE.NS,2010-11-11,252.81298828125,254.13877868652344,245.95550537109375,246.8469696044922
RELIANCE.NS,2010-11-12,246.90411376953125,248.5613555908203,241.6124267578125,242.72105407714844
RELIANCE.NS,2010-11-15,243.92111206054688,244.10397338867188,237.3150634765625,241.08668518066406
RELIANCE.NS,2010-11-16,242.069580078125,242.069580078125,234.65206909179688,235.55496215820312
RELIANCE.NS,2010-11-18,239.96661376953125,239.96661376953125,231.78334045410156,236.114990234375
RELIANCE.NS,2010-11-19,236.8121795654297,236.8121795654297,225.63446044921875,227.7259979248047
RELIANCE.NS,2010-11-22,229.3832244873047,232.34336853027344,227.94314575195312,231.38331604003906
RELIANCE.NS,2010-11-23,229.64608764648438,229.72608947753906,222.8686065673828,227.57740783691406
RELIANCE.NS,2010-11-24,228.35459899902344,232.65196228027344,225.39443969726562,227.68028259277344
RELIANCE.NS,2010-11-25,229.04034423828125,229.2689208984375,222.41143798828125,223.897216796875
RELIANCE.NS,2010-11-26,225.15443420410156,226.38877868652344,219.05125427246094,219.97702026367188
RELIANCE.NS,2010-11-29,221.61138916015625,229.14320373535156,219.9884490966797,228.21743774414062
RELIANCE.NS,2010-11-30,228.53746032714844,230.5718536376953,224.26295471191406,225.2915802001953
RELIANCE.NS,2010-12-01,225.15443420410156,227.98886108398438,224.7086944580078,226.02304077148438
RELIANCE.NS,2010-12-02,228.35459899902344,231.65762329101562,227.45169067382812,231.1318817138672
RELIANCE.NS,2010-12-03,231.78334045410156,234.0691680908203,228.12600708007812,229.93182373046875
RELIANCE.NS,2010-12-06,232.2062225341797,235.440673828125,231.5547637939453,233.1891326904297
RELIANCE.NS,2010-12-07,233.15484619140625,237.65792846679688,233.15484619140625,235.6121063232422
RELIANCE.NS,2010-12-08,234.27490234375,234.92636108398438,231.1318817138672,233.2805633544922
RELIANCE.NS,2010-12-09,234.1949005126953,236.3207244873047,223.7257843017578,225.04014587402344
RELIANCE.NS,2010-12-10,225.56588745117188,235.440673828125,223.86293029785156,234.0463104248047
RELIANCE.NS,2010-12-13,234.08059692382812,239.09800720214844,230.86900329589844,238.12652587890625
RELIANCE.NS,2010-12-14,238.41226196289062,242.2981719970703,238.1836700439453,241.21240234375
RELIANCE.NS,2010-12-15,240.92666625976562,243.21250915527344,236.8121795654297,240.90380859375
RELIANCE.NS,2010-12-16,241.77243041992188,242.2981719970703,237.73793029785156,241.578125
RELIANCE.NS,2010-12-20,238.86941528320312,244.1268310546875,238.77798461914062,241.55526733398438
RELIANCE.NS,2010-12-21,242.2753143310547,245.7040557861328,241.8981475830078,245.3040313720703
RELIANCE.NS,2010-12-22,245.22402954101562,245.72691345214844,239.6351776123047,241.395263671875
RELIANCE.NS,2010-12-23,241.7952880859375,243.3725128173828,240.1266326904297,242.16102600097656
RELIANCE.NS,2010-12-24,240.69808959960938,243.32679748535156,240.01234436035156,242.22959899902344
RELIANCE.NS,2010-12-27,241.90957641601562,244.30970764160156,240.27520751953125,241.21240234375
RELIANCE.NS,2010-12-28,241.45240783691406,242.22959899902344,238.24081420898438,239.53231811523438
RELIANCE.NS,2010-12-29,239.62374877929688,241.15525817871094,239.1665802001953,239.69232177734375
RELIANCE.NS,2010-12-30,240.56094360351562,241.32669067382812,239.1551513671875,240.28663635253906
RELIANCE.NS,2010-12-31,241.85243225097656,243.78396606445312,240.74380493164062,242.00100708007812
RELIANCE.NS,2011-01-03,243.4410858154297,243.78396606445312,240.60665893554688,241.2924041748047
RELIANCE.NS,2011-01-04,242.2981719970703,246.8469696044922,241.68099975585938,246.20693969726562
RELIANCE.NS,2011-01-05,246.8698272705078,249.15567016601562,244.58399963378906,245.9097900390625
RELIANCE.NS,2011-01-06,246.41265869140625,249.47567749023438,245.62405395507812,248.14990234375
RELIANCE.NS,2011-01-07,247.1669921875,248.641357421875,241.84100341796875,243.5325164794922
RELIANCE.NS,2011-01-10,243.5325164794922,244.68685913085938,233.42913818359375,236.22927856445312
RELIANCE.NS,2011-01-11,237.72650146484375,239.71517944335938,228.26316833496094,231.7261962890625
RELIANCE.NS,2011-01-12,233.3034210205078,236.73216247558594,229.2689208984375,235.62353515625
RELIANCE.NS,2011-01-13,235.440673828125,237.53221130371094,231.12045288085938,232.09193420410156
RELIANCE.NS,2011-01-14,231.79476928710938,235.39495849609375,228.12600708007812,228.92605590820312
RELIANCE.NS,2011-01-17,229.2689208984375,230.41184997558594,226.7659454345703,228.1031494140625
RELIANCE.NS,2011-01-18,229.69180297851562,230.41184997558594,226.29734802246094,227.40597534179688
RELIANCE.NS,2011-01-19,228.4917449951172,229.72608947753906,222.8686065673828,224.04580688476562
RELIANCE.NS,2011-01-20,223.46292114257812,223.46292114257812,218.19407653808594,221.69139099121094
RELIANCE.NS,2011-01-21,222.8686065673828,226.86880493164062,222.41143798828125,225.56588745117188
RELIANCE.NS,2011-01-24,227.46311950683594,227.64598083496094,220.37704467773438,222.09141540527344
RELIANCE.NS,2011-01-25,223.34861755371094,225.14300537109375,218.58265686035156,219.0969696044922
RELIANCE.NS,2011-01-27,220.8113555908203,221.13136291503906,214.86819458007812,215.48536682128906
RELIANCE.NS,2011-01-28,216.0111083984375,216.21682739257812,206.18202209472656,208.69644165039062
RELIANCE.NS,2011-01-31,207.74781799316406,212.31948852539062,206.4334716796875,210.1365203857422
RELIANCE.NS,2011-02-01,211.46229553222656,212.05661010742188,203.1075897216797,204.6962432861328
RELIANCE.NS,2011-02-02,208.0106964111328,212.10232543945312,207.39352416992188,210.59368896484375
RELIANCE.NS,2011-02-03,212.12518310546875,216.5825653076172,209.1536102294922,215.75965881347656
RELIANCE.NS,2011-02-04,216.55970764160156,216.55970764160156,208.73072814941406,210.29652404785156
RELIANCE.NS,2011-02-07,211.5994415283203,214.59388732910156,209.01646423339844,212.36520385742188
RELIANCE.NS,2011-02-08,213.88528442382812,213.88528442382812,208.29641723632812,209.21075439453125
RELIANCE.NS,2011-02-09,207.64495849609375,214.2281494140625,206.55918884277344,208.9936065673828
RELIANCE.NS,2011-02-10,208.5821533203125,210.47938537597656,202.3189697265625,205.6448516845703
RELIANCE.NS,2011-02-11,205.7134246826172,209.1536102294922,202.9932861328125,207.999267578125
RELIANCE.NS,2011-02-14,207.1192169189453,209.89649963378906,204.376220703125,209.10789489746094
RELIANCE.NS,2011-02-15,209.01646423339844,215.96539306640625,208.30784606933594,215.25677490234375
RELIANCE.NS,2011-02-16,214.47959899902344,217.33688354492188,214.4338836669922,215.81680297851562
RELIANCE.NS,2011-02-17,216.66256713867188,218.39979553222656,214.01100158691406,218.0569305419922
RELIANCE.NS,2011-02-18,218.5369415283203,220.12559509277344,213.03952026367188,213.8509979248047
RELIANCE.NS,2011-02-21,213.97671508789062,219.64556884765625,213.5424041748047,218.60552978515625
RELIANCE.NS,2011-02-22,226.7545166015625,230.7318572998047,223.84007263183594,225.12014770507812
RELIANCE.NS,2011-02-23,225.4744415283203,229.10891723632812,225.15443420410156,227.58883666992188
RELIANCE.NS,2011-02-24,227.66883850097656,228.26316833496094,219.06268310546875,220.39990234375
RELIANCE.NS,2011-02-25,224.17152404785156,224.5258331298828,218.19407653808594,220.86849975585938
RELIANCE.NS,2011-02-28,221.77139282226562,227.28025817871094,219.43984985351562,220.4113311767578
RELIANCE.NS,2011-03-01,222.57144165039062,226.91452026367188,221.0856475830078,226.0344696044922
RELIANCE.NS,2011-03-03,222.91432189941406,225.15443420410156,221.2913818359375,223.4171905517578
RELIANCE.NS,2011-03-04,225.07443237304688,227.39454650878906,223.57720947265625,224.514404296875
RELIANCE.NS,2011-03-07,222.66287231445312,224.76583862304688,220.35418701171875,223.33718872070312
RELIANCE.NS,2011-03-08,223.55435180664062,226.845947265625,223.55435180664062,225.14300537109375
RELIANCE.NS,2011-03-09,226.00018310546875,229.5889434814453,221.2913818359375,227.17739868164062
RELIANCE.NS,2011-03-10,226.91452026367188,226.98309326171875,224.4686737060547,225.0972900390625
RELIANCE.NS,2011-03-11,223.73721313476562,227.4174041748047,222.21713256835938,226.7659454345703
RELIANCE.NS,2011-03-14,226.97166442871094,233.32627868652344,226.81166076660156,232.77767944335938
RELIANCE.NS,2011-03-15,228.1145782470703,239.9208984375,226.0458984375,237.097900390625
RELIANCE.NS,2011-03-16,238.86941528320312,241.15525817871094,237.2921905517578,239.3494415283203
RELIANCE.NS,2011-03-17,237.56649780273438,239.738037109375,234.98350524902344,235.6349639892578
RELIANCE.NS,2011-03-18,236.58358764648438,236.58358764648438,225.52015686035156,226.98309326171875
RELIANCE.NS,2011-03-21,228.36602783203125,228.5831756591797,224.26295471191406,226.3659210205078
RELIANCE.NS,2011-03-22,226.99452209472656,229.70323181152344,226.78880310058594,228.503173828125
RELIANCE.NS,2011-03-23,228.54888916015625,232.3890838623047,227.6231231689453,231.61190795898438
RELIANCE.NS,2011-03-24,232.2176513671875,233.6005859375,229.46322631835938,230.93759155273438
RELIANCE.NS,2011-03-25,234.0463104248047,235.4292449951172,230.86900329589844,234.6634979248047
RELIANCE.NS,2011-03-28,234.58348083496094,236.89218139648438,231.85191345214844,234.457763671875
RELIANCE.NS,2011-03-29,233.15484619140625,235.89784240722656,233.06341552734375,233.783447265625
RELIANCE.NS,2011-03-30,234.8692169189453,237.15504455566406,234.09202575683594,236.0121307373047
RELIANCE.NS,2011-03-31,236.46929931640625,241.1324005126953,236.46929931640625,239.80661010742188
RELIANCE.NS,2011-04-01,239.79518127441406,243.6468048095703,235.66925048828125,236.9036102294922
RELIANCE.NS,2011-04-04,237.72650146484375,241.1095428466797,235.21209716796875,240.16091918945312
RELIANCE.NS,2011-04-05,240.58380126953125,242.069580078125,237.72650146484375,239.4751739501953
RELIANCE.NS,2011-04-06,238.86941528320312,240.9838104248047,237.72650146484375,238.8351287841797
RELIANCE.NS,2011-04-07,238.88084411621094,239.45230102539062,236.6064453125,238.1608123779297
RELIANCE.NS,2011-04-08,238.1836700439453,240.2180633544922,233.3034210205078,234.0463104248047
RELIANCE.NS,2011-04-11,231.5547637939453,233.02911376953125,229.41751098632812,229.79466247558594
RELIANCE.NS,2011-04-13,229.0060577392578,234.0691680908203,227.80599975585938,233.56629943847656
RELIANCE.NS,2011-04-15,232.84625244140625,234.2634735107422,229.72608947753906,233.3719940185547
RELIANCE.NS,2011-04-18,232.9719696044922,238.80084228515625,228.72032165527344,230.67471313476562
RELIANCE.NS,2011-04-19,229.6575164794922,232.57196044921875,228.29745483398438,231.2461700439453
RELIANCE.NS,2011-04-20,232.24050903320312,235.55496215820312,230.4575653076172,234.50347900390625
RELIANCE.NS,2011-04-21,236.53787231445312,238.68655395507812,235.440673828125,237.8636474609375
RELIANCE.NS,2011-04-25,231.78334045410156,233.3834228515625,229.7603759765625,230.72042846679688
RELIANCE.NS,2011-04-26,230.6404266357422,230.6404266357422,228.0231475830078,228.84605407714844
RELIANCE.NS,2011-04-27,229.72608947753906,230.6632843017578,224.0343780517578,225.40586853027344
RELIANCE.NS,2011-04-28,226.7545166015625,226.98309326171875,221.72567749023438,222.27427673339844
RELIANCE.NS,2011-04-29,222.8686065673828,225.84017944335938,222.02284240722656,224.8686981201172
RELIANCE.NS,2011-05-02,224.90298461914062,225.56588745117188,219.7370147705078,220.52561950683594
RELIANCE.NS,2011-05-03,220.60562133789062,221.13136291503906,215.1082000732422,215.75965881347656
RELIANCE.NS,2011-05-04,216.0111083984375,218.69696044921875,214.86819458007812,216.61685180664062
RELIANCE.NS,2011-05-05,216.0111083984375,220.25132751464844,215.7025146484375,217.14259338378906
RELIANCE.NS,2011-05-06,217.8397674560547,219.43984985351562,216.9482879638672,218.30836486816406
RELIANCE.NS,2011-05-09,219.43984985351562,220.82278442382812,217.47402954101562,219.27984619140625
RELIANCE.NS,2011-05-10,219.27984619140625,220.33132934570312,216.3654022216797,217.32545471191406
RELIANCE.NS,2011-05-11,218.068359375,219.07411193847656,215.66822814941406,218.39979553222656
RELIANCE.NS,2011-05-12,217.49688720703125,218.2397918701172,215.09677124023438,216.12539672851562
RELIANCE.NS,2011-05-13,216.06825256347656,219.8970184326172,214.39959716796875,216.6968536376953
RELIANCE.NS,2011-05-16,217.15402221679688,217.47402954101562,215.2224884033203,216.0111083984375
RELIANCE.NS,2011-05-17,216.15968322753906,216.42254638671875,209.6679229736328,210.44509887695312
RELIANCE.NS,2011-05-18,210.29652404785156,211.17657470703125,205.3477020263672,206.14773559570312
RELIANCE.NS,2011-05-19,207.64495849609375,210.75369262695312,206.81063842773438,209.2678985595703
RELIANCE.NS,2011-05-20,209.9422149658203,211.62229919433594,208.0792694091797,211.02798461914062
RELIANCE.NS,2011-05-23,210.0679473876953,210.75369262695312,206.47918701171875,207.87353515625
RELIANCE.NS,2011-05-24,207.0963592529297,210.5022430419922,207.0963592529297,209.32504272460938
RELIANCE.NS,2011-05-25,208.9478759765625,208.9478759765625,205.9534454345703,207.0963592529297
RELIANCE.NS,2011-05-26,208.60501098632812,214.1481475830078,208.2621307373047,213.46240234375
RELIANCE.NS,2011-05-27,213.51954650878906,217.81690979003906,213.51954650878906,216.1139678955078
RELIANCE.NS,2011-05-30,216.91400146484375,217.8397674560547,213.5538330078125,214.60531616210938
RELIANCE.NS,2011-05-31,216.0111083984375,218.50265502929688,214.25100708007812,217.576904296875
RELIANCE.NS,2011-06-01,217.61119079589844,219.1312713623047,215.7025146484375,216.42254638671875
RELIANCE.NS,2011-06-02,214.07957458496094,218.22836303710938,214.07957458496094,217.39402770996094
RELIANCE.NS,2011-06-03,219.55413818359375,221.03993225097656,212.92523193359375,213.6338348388672
RELIANCE.NS,2011-06-06,213.645263671875,215.05105590820312,212.1594696044922,214.3538818359375
RELIANCE.NS,2011-06-07,213.39382934570312,219.43984985351562,213.39382934570312,219.03982543945312
RELIANCE.NS,2011-06-08,218.3540802001953,218.5140838623047,215.77108764648438,216.9711456298828
RELIANCE.NS,2011-06-09,216.5825653076172,218.94839477539062,216.46827697753906,218.068359375
RELIANCE.NS,2011-06-10,218.31979370117188,218.5255126953125,213.0509490966797,215.8968048095703
RELIANCE.NS,2011-06-13,215.611083984375,215.611083984375,210.5251007080078,211.5765838623047
RELIANCE.NS,2011-06-14,211.5080108642578,212.9823760986328,208.0106964111328,208.31927490234375
RELIANCE.NS,2011-06-15,208.46786499023438,210.0450897216797,205.40484619140625,205.8505859375
RELIANCE.NS,2011-06-16,205.9534454345703,205.9534454345703,202.09039306640625,202.87899780273438
RELIANCE.NS,2011-06-17,203.73619079589844,204.193359375,197.77017211914062,198.58163452148438
RELIANCE.NS,2011-06-20,200.01028442382812,200.01028442382812,189.28973388671875,190.46693420410156
RELIANCE.NS,2011-06-21,191.9870147705078,195.43861389160156,191.3927001953125,193.98712158203125
RELIANCE.NS,2011-06-22,195.06146240234375,196.15866088867188,190.6726531982422,193.3356475830078
RELIANCE.NS,2011-06-23,193.50709533691406,199.4845428466797,193.35850524902344,198.98165893554688
RELIANCE.NS,2011-06-24,199.81597900390625,201.08462524414062,195.5757598876953,199.1873779296875
RELIANCE.NS,2011-06-27,198.113037109375,201.5646514892578,197.00440979003906,199.22166442871094
RELIANCE.NS,2011-06-28,200.90174865722656,200.90174865722656,197.0386962890625,199.11880493164062
RELIANCE.NS,2011-06-29,200.1702880859375,202.9818572998047,199.34739685058594,202.35325622558594
RELIANCE.NS,2011-06-30,203.14187622070312,206.18202209472656,202.75328063964844,205.38198852539062
RELIANCE.NS,2011-07-01,207.32493591308594,207.32493591308594,195.82720947265625,197.0272674560547
RELIANCE.NS,2011-07-04,199.87313842773438,201.01605224609375,197.7244415283203,198.5016326904297
RELIANCE.NS,2011-07-05,198.7073516845703,198.7073516845703,192.92420959472656,193.36993408203125
RELIANCE.NS,2011-07-06,194.0328369140625,196.23866271972656,192.1698760986328,194.95858764648438
RELIANCE.NS,2011-07-07,196.12437438964844,199.9874267578125,195.49575805664062,199.02737426757812
RELIANCE.NS,2011-07-08,199.55311584472656,199.7816925048828,194.75286865234375,195.40432739257812
RELIANCE.NS,2011-07-11,195.2100372314453,196.57009887695312,193.60995483398438,195.05003356933594
RELIANCE.NS,2011-07-12,193.7242431640625,195.98721313476562,193.3127899169922,193.78138732910156
RELIANCE.NS,2011-07-13,194.9928741455078,198.79879760742188,194.54714965820312,197.8273162841797
RELIANCE.NS,2011-07-14,197.3358612060547,200.6731719970703,196.43295288085938,198.30734252929688
RELIANCE.NS,2011-07-15,198.3416290283203,200.23886108398438,197.7244415283203,199.5988311767578
RELIANCE.NS,2011-07-18,199.30166625976562,199.7588348388672,197.5415802001953,198.3187713623047
RELIANCE.NS,2011-07-19,198.29591369628906,201.47320556640625,197.95303344726562,201.02748107910156
RELIANCE.NS,2011-07-20,202.52468872070312,202.7075653076172,198.5930633544922,200.28457641601562
RELIANCE.NS,2011-07-21,200.22743225097656,200.22743225097656,196.02149963378906,196.7758331298828
RELIANCE.NS,2011-07-22,197.95303344726562,200.4674530029297,197.15298461914062,199.63311767578125
RELIANCE.NS,2011-07-25,203.8961944580078,203.8961944580078,200.9589080810547,201.80465698242188
RELIANCE.NS,2011-07-26,203.03900146484375,203.4733123779297,198.73020935058594,199.21023559570312
RELIANCE.NS,2011-07-27,200.01028442382812,200.01028442382812,196.38723754882812,196.7758331298828
RELIANCE.NS,2011-07-28,195.43861389160156,195.43861389160156,190.501220703125,191.4041290283203
RELIANCE.NS,2011-07-29,192.00987243652344,193.66709899902344,188.1582489013672,189.2554473876953
RELIANCE.NS,2011-08-01,191.55270385742188,191.55270385742188,187.74679565429688,189.9183349609375
RELIANCE.NS,2011-08-02,189.16400146484375,191.7584228515625,187.0953369140625,191.3927001953125
RELIANCE.NS,2011-08-03,188.98114013671875,191.14125061035156,188.14682006835938,188.59254455566406
RELIANCE.NS,2011-08-04,189.26687622070312,190.1011962890625,185.16380310058594,185.68954467773438
RELIANCE.NS,2011-08-05,182.75225830078125,182.75225830078125,178.06629943847656,181.03787231445312
RELIANCE.NS,2011-08-08,177.54055786132812,182.04364013671875,175.32330322265625,178.44345092773438
RELIANCE.NS,2011-08-09,172.12313842773438,178.06629943847656,172.12313842773438,174.93470764160156
RELIANCE.NS,2011-08-10,179.51779174804688,180.58070373535156,174.8661346435547,176.6376495361328
RELIANCE.NS,2011-08-11,175.6318817138672,179.42636108398438,174.8661346435547,176.51193237304688
RELIANCE.NS,2011-08-12,178.9806365966797,178.9806365966797,173.26605224609375,173.92893981933594
RELIANCE.NS,2011-08-16,173.7232208251953,176.5347900390625,172.51171875,173.52891540527344
RELIANCE.NS,2011-08-17,173.83750915527344,177.0148162841797,171.6659698486328,172.58030700683594
RELIANCE.NS,2011-08-18,173.19747924804688,173.7232208251953,168.46580505371094,169.4258575439453
RELIANCE.NS,2011-08-19,167.10572814941406,168.9229736328125,164.87704467773438,167.4486083984375
RELIANCE.NS,2011-08-22,167.09429931640625,173.68893432617188,165.85995483398438,173.03746032714844
RELIANCE.NS,2011-08-23,173.80322265625,176.46621704101562,170.8659210205078,174.92327880859375
RELIANCE.NS,2011-08-24,174.63754272460938,175.89476013183594,172.8088836669922,174.02037048339844
RELIANCE.NS,2011-08-25,174.0889434814453,175.78045654296875,171.49452209472656,172.2374267578125
RELIANCE.NS,2011-08-26,171.6659698486328,172.8317413330078,162.751220703125,164.44273376464844
RELIANCE.NS,2011-08-29,167.11715698242188,173.7003631591797,166.48855590820312,172.59173583984375
RELIANCE.NS,2011-08-30,174.8661346435547,182.02078247070312,174.63754272460938,178.88919067382812
RELIANCE.NS,2011-09-02,182.11221313476562,185.99813842773438,180.45498657226562,184.11231994628906
RELIANCE.NS,2011-09-05,181.6093292236328,182.63795471191406,178.9691925048828,180.31784057617188
RELIANCE.NS,2011-09-06,179.02635192871094,188.69541931152344,177.49484252929688,187.7810821533203
RELIANCE.NS,2011-09-07,188.3525390625,192.80990600585938,188.28396606445312,190.52407836914062
RELIANCE.NS,2011-09-08,190.52407836914062,196.3529510498047,186.18099975585938,194.85572814941406
RELIANCE.NS,2011-09-09,194.7871551513672,196.25009155273438,188.28396606445312,188.7525634765625
RELIANCE.NS,2011-09-12,185.2323760986328,187.99822998046875,181.78077697753906,184.30661010742188
RELIANCE.NS,2011-09-13,185.8838348388672,188.5239715576172,182.12364196777344,185.2095184326172
RELIANCE.NS,2011-09-14,186.04385375976562,189.66688537597656,184.05517578125,188.6725616455078
RELIANCE.NS,2011-09-15,190.4097900390625,191.68984985351562,185.96385192871094,191.1641082763672
RELIANCE.NS,2011-09-16,194.2957000732422,194.2957000732422,187.6667938232422,188.72970581054688
RELIANCE.NS,2011-09-19,188.58111572265625,189.5297393798828,186.43243408203125,187.79251098632812
RELIANCE.NS,2011-09-20,188.12396240234375,195.1986083984375,186.5924530029297,194.7071533203125
RELIANCE.NS,2011-09-21,194.5014190673828,194.5014190673828,190.24978637695312,191.46127319335938
RELIANCE.NS,2011-09-22,188.3411102294922,189.2440185546875,178.2948760986328,179.7463836669922
RELIANCE.NS,2011-09-23,176.90052795410156,181.17503356933594,174.660400390625,176.1461944580078
RELIANCE.NS,2011-09-26,175.82618713378906,176.16905212402344,170.87734985351562,173.54034423828125
RELIANCE.NS,2011-09-27,176.9233856201172,183.02655029296875,176.46621704101562,182.2265167236328
RELIANCE.NS,2011-09-28,182.8094024658203,184.30661010742188,180.37498474121094,182.2265167236328
RELIANCE.NS,2011-09-29,180.69500732421875,185.78097534179688,179.31207275390625,184.6266326904297
RELIANCE.NS,2011-09-30,183.6665802001953,188.10108947753906,181.1521759033203,184.77520751953125
RELIANCE.NS,2011-10-03,180.85501098632812,182.84368896484375,179.23207092285156,180.1692657470703
RELIANCE.NS,2011-10-04,179.20921325683594,180.76358032226562,174.92327880859375,176.37478637695312
RELIANCE.NS,2011-10-05,176.59193420410156,177.81484985351562,174.12322998046875,175.32330322265625
RELIANCE.NS,2011-10-07,179.82638549804688,184.69520568847656,179.41493225097656,183.52943420410156
RELIANCE.NS,2011-10-10,183.83802795410156,189.9297637939453,183.82659912109375,189.55259704589844
RELIANCE.NS,2011-10-11,190.86695861816406,192.3298797607422,188.00965881347656,189.0382843017578
RELIANCE.NS,2011-10-12,189.58688354492188,194.73001098632812,188.82113647460938,194.2156982421875
RELIANCE.NS,2011-10-13,194.2957000732422,196.12437438964844,192.48989868164062,193.58709716796875
RELIANCE.NS,2011-10-14,192.467041015625,198.79879760742188,192.3527374267578,198.15875244140625
RELIANCE.NS,2011-10-17,198.18161010742188,198.6044921875,189.98690795898438,190.5926513671875
RELIANCE.NS,2011-10-18,188.58111572265625,188.90113830566406,185.46096801757812,187.41534423828125
RELIANCE.NS,2011-10-19,188.69541931152344,193.1527862548828,188.37539672851562,192.69561767578125
RELIANCE.NS,2011-10-20,190.83267211914062,192.21559143066406,187.89537048339844,191.71270751953125
RELIANCE.NS,2011-10-21,192.00987243652344,194.1128387451172,189.97547912597656,191.03839111328125
RELIANCE.NS,2011-10-24,193.83853149414062,195.2100372314453,192.8213348388672,193.49566650390625
RELIANCE.NS,2011-10-25,195.43861389160156,201.37034606933594,192.50132751464844,200.22743225097656
RELIANCE.NS,2011-10-28,205.65628051757812,206.63919067382812,202.09039306640625,205.724853515625
RELIANCE.NS,2011-10-31,205.2677001953125,205.56484985351562,199.45025634765625,200.59317016601562
RELIANCE.NS,2011-11-01,198.98165893554688,200.81031799316406,196.03292846679688,196.71868896484375
RELIANCE.NS,2011-11-02,195.43861389160156,201.37034606933594,195.43861389160156,199.27880859375
RELIANCE.NS,2011-11-03,198.35305786132812,203.2904510498047,197.2672882080078,202.5018310546875
RELIANCE.NS,2011-11-04,206.86778259277344,206.86778259277344,199.47311401367188,201.1417694091797
RELIANCE.NS,2011-11-08,200.92462158203125,202.29611206054688,198.5244903564453,201.99896240234375
RELIANCE.NS,2011-11-09,203.45045471191406,204.04476928710938,196.8444061279297,197.7130126953125
RELIANCE.NS,2011-11-11,196.3529510498047,203.16473388671875,194.3185577392578,202.37611389160156
RELIANCE.NS,2011-11-14,203.75904846191406,204.81053161621094,199.55311584472656,200.39886474609375
RELIANCE.NS,2011-11-15,199.095947265625,200.69602966308594,195.72434997558594,196.91297912597656
RELIANCE.NS,2011-11-16,196.3758087158203,196.3758087158203,191.4041290283203,193.86138916015625
RELIANCE.NS,2011-11-17,193.16421508789062,193.98712158203125,184.29518127441406,185.1409454345703
RELIANCE.NS,2011-11-18,182.93511962890625,185.59811401367188,179.89495849609375,184.7180633544922
RELIANCE.NS,2011-11-21,182.86654663085938,182.86654663085938,178.63775634765625,179.7463836669922
RELIANCE.NS,2011-11-22,180.1464080810547,183.8837432861328,179.80352783203125,181.76934814453125
RELIANCE.NS,2011-11-23,180.55784606933594,180.55784606933594,172.76316833496094,176.78622436523438
RELIANCE.NS,2011-11-24,177.15196228027344,177.83770751953125,172.1574249267578,176.7290802001953
RELIANCE.NS,2011-11-25,175.9404754638672,176.29476928710938,171.6659698486328,172.30599975585938
RELIANCE.NS,2011-11-28,174.8661346435547,179.62066650390625,174.3061065673828,179.1634979248047
RELIANCE.NS,2011-11-29,178.75204467773438,178.75204467773438,173.52891540527344,174.8661346435547
RELIANCE.NS,2011-11-30,172.96888732910156,179.04920959472656,172.14599609375,177.8948516845703
RELIANCE.NS,2011-12-01,182.63795471191406,185.3238067626953,181.76934814453125,182.63795471191406
RELIANCE.NS,2011-12-02,182.1807861328125,186.2952880859375,179.79209899902344,185.6209716796875
RELIANCE.NS,2011-12-05,184.77520751953125,185.65525817871094,182.4893798828125,184.40948486328125
RELIANCE.NS,2011-12-07,184.4666290283203,187.32391357421875,183.59800720214844,185.10665893554688
RELIANCE.NS,2011-12-08,183.32371520996094,184.6266326904297,176.48907470703125,178.03201293945312
RELIANCE.NS,2011-12-09,175.98619079589844,175.98619079589844,172.0545654296875,172.7403106689453
RELIANCE.NS,2011-12-12,173.84893798828125,174.18038940429688,165.4942169189453,166.2942657470703
RELIANCE.NS,2011-12-13,165.4713592529297,170.52305603027344,164.8084716796875,169.6772918701172
RELIANCE.NS,2011-12-14,168.6943817138672,172.328857421875,167.6428985595703,169.5858612060547
RELIANCE.NS,2011-12-15,167.30003356933594,172.46600341796875,165.3799285888672,171.47166442871094
RELIANCE.NS,2011-12-16,171.20880126953125,193.0613555908203,163.67698669433594,165.0027618408203
RELIANCE.NS,2011-12-19,164.3970184326172,169.12869262695312,163.47125244140625,168.07720947265625
RELIANCE.NS,2011-12-20,169.54014587402344,169.54014587402344,162.11119079589844,163.08267211914062
RELIANCE.NS,2011-12-21,166.1799774169922,172.29457092285156,165.1970672607422,170.980224609375
RELIANCE.NS,2011-12-22,169.46014404296875,173.7917938232422,167.5514678955078,172.47743225097656
RELIANCE.NS,2011-12-23,173.7232208251953,175.951904296875,169.7001495361328,170.61448669433594
RELIANCE.NS,2011-12-26,170.7630615234375,174.82041931152344,170.42018127441406,173.95179748535156
RELIANCE.NS,2011-12-27,175.09471130371094,175.71188354492188,170.3744659423828,172.1345672607422
RELIANCE.NS,2011-12-28,173.19747924804688,173.38034057617188,168.08863830566406,168.9344024658203
RELIANCE.NS,2011-12-29,167.70004272460938,168.9229736328125,161.65402221679688,162.72836303710938
RELIANCE.NS,2011-12-30,162.9798126220703,164.7056121826172,157.49380493164062,158.39671325683594
RELIANCE.NS,2012-01-02,159.27676391601562,162.23690795898438,157.07093811035156,161.5054473876953
RELIANCE.NS,2012-01-03,162.80836486816406,166.1571044921875,162.37405395507812,165.64280700683594
RELIANCE.NS,2012-01-04,166.2714080810547,167.08287048339844,163.059814453125,163.69984436035156
RELIANCE.NS,2012-01-05,163.4369659423828,165.7113800048828,158.65957641601562,159.89393615722656
RELIANCE.NS,2012-01-06,159.3339080810547,165.4942169189453,159.2424774169922,164.0198516845703
RELIANCE.NS,2012-01-09,163.31124877929688,163.31124877929688,160.56825256347656,161.43687438964844
RELIANCE.NS,2012-01-10,162.751220703125,168.9229736328125,162.751220703125,168.28292846679688
RELIANCE.NS,2012-01-11,168.67152404785156,172.12313842773438,167.20858764648438,171.03736877441406
RELIANCE.NS,2012-01-12,170.8659210205078,172.11170959472656,167.4600372314453,168.4429473876953
RELIANCE.NS,2012-01-13,169.6087188720703,171.654541015625,166.43141174316406,167.2771759033203
RELIANCE.NS,2012-01-16,166.8542938232422,166.8542938232422,162.52264404296875,162.9683837890625
RELIANCE.NS,2012-01-17,163.66555786132812,170.15731811523438,163.66555786132812,169.62014770507812
RELIANCE.NS,2012-01-18,174.18038940429688,180.10069274902344,173.27748107910156,178.23773193359375
RELIANCE.NS,2012-01-19,180.3521270751953,181.94078063964844,178.77490234375,179.5863800048828
RELIANCE.NS,2012-01-20,180.58070373535156,182.86654663085938,176.47764587402344,181.18646240234375
RELIANCE.NS,2012-01-23,172.6488800048828,178.23773193359375,172.6260223388672,176.3633575439453
RELIANCE.NS,2012-01-24,177.06053161621094,180.94644165039062,176.10047912597656,179.15206909179688
RELIANCE.NS,2012-01-25,180.28355407714844,181.7236328125,178.93490600585938,180.79786682128906
RELIANCE.NS,2012-01-27,182.86654663085938,189.2440185546875,182.63795471191406,187.52963256835938
RELIANCE.NS,2012-01-30,186.04385375976562,187.1753387451172,181.08358764648438,181.66647338867188
RELIANCE.NS,2012-01-31,183.89517211914062,187.62107849121094,183.18655395507812,186.7753143310547
RELIANCE.NS,2012-02-01,187.186767578125,190.63836669921875,186.5238800048828,189.9983367919922
RELIANCE.NS,2012-02-02,190.86695861816406,192.62704467773438,188.38682556152344,189.55259704589844
RELIANCE.NS,2012-02-03,189.7240447998047,192.00987243652344,186.44386291503906,191.62127685546875
RELIANCE.NS,2012-02-06,193.35850524902344,194.18141174316406,188.37539672851562,190.4097900390625
RELIANCE.NS,2012-02-07,192.467041015625,194.91287231445312,190.6955108642578,193.0499267578125
RELIANCE.NS,2012-02-08,193.60995483398438,197.65586853027344,193.1527862548828,196.21580505371094
RELIANCE.NS,2012-02-09,195.83863830566406,196.5586700439453,192.60418701171875,195.17575073242188
RELIANCE.NS,2012-02-10,194.37570190429688,196.3529510498047,191.55270385742188,192.7527618408203
RELIANCE.NS,2012-02-13,192.2613067626953,196.30723571777344,192.2384490966797,194.124267578125
RELIANCE.NS,2012-02-14,193.58709716796875,195.75863647460938,192.69561767578125,194.0442657470703
RELIANCE.NS,2012-02-15,195.25575256347656,195.6100616455078,190.4212188720703,191.24411010742188
RELIANCE.NS,2012-02-16,189.95262145996094,189.95262145996094,183.94088745117188,185.71240234375
RELIANCE.NS,2012-02-17,187.90679931640625,188.90113830566406,185.19808959960938,187.02674865722656
RELIANCE.NS,2012-02-21,186.8667449951172,194.00997924804688,186.31814575195312,192.8213348388672
RELIANCE.NS,2012-02-22,193.83853149414062,195.98721313476562,189.7469024658203,190.501220703125
RELIANCE.NS,2012-02-23,190.1811981201172,194.27284240722656,188.9468536376953,191.91844177246094
RELIANCE.NS,2012-02-24,190.52407836914062,192.39846801757812,186.18099975585938,187.42677307128906
RELIANCE.NS,2012-02-27,187.8496551513672,188.71827697753906,174.94613647460938,178.62632751464844
RELIANCE.NS,2012-02-28,180.36355590820312,182.94654846191406,180.05496215820312,182.06649780273438
RELIANCE.NS,2012-02-29,184.02088928222656,189.2440185546875,183.81517028808594,187.60964965820312
RELIANCE.NS,2012-03-01,185.56382751464844,187.14105224609375,183.11798095703125,185.36952209472656
RELIANCE.NS,2012-03-02,186.58102416992188,186.9810333251953,184.18089294433594,186.08956909179688
RELIANCE.NS,2012-03-05,185.6209716796875,186.06671142578125,181.55218505859375,182.2950897216797
RELIANCE.NS,2012-03-06,182.1807861328125,184.92379760742188,176.9233856201172,177.5062713623047
RELIANCE.NS,2012-03-07,177.5062713623047,177.72341918945312,171.6659698486328,174.13465881347656
RELIANCE.NS,2012-03-09,177.2205352783203,178.2034454345703,175.82618713378906,176.87767028808594
RELIANCE.NS,2012-03-12,180.58070373535156,183.5522918701172,178.22630310058594,182.53509521484375
RELIANCE.NS,2012-03-13,183.6551513671875,187.88394165039062,183.62086486816406,187.42677307128906
RELIANCE.NS,2012-03-14,189.26687622070312,189.7240447998047,184.39805603027344,186.18099975585938
RELIANCE.NS,2012-03-15,186.9810333251953,187.71250915527344,181.35789489746094,182.1007843017578
RELIANCE.NS,2012-03-16,178.2948760986328,182.34080505371094,175.40330505371094,176.5462188720703
RELIANCE.NS,2012-03-19,178.52346801757812,178.9806365966797,171.68882751464844,172.60316467285156
RELIANCE.NS,2012-03-20,172.8317413330078,175.18614196777344,171.50596618652344,173.84893798828125
RELIANCE.NS,2012-03-21,173.7232208251953,176.80908203125,172.60316467285156,175.5633087158203
RELIANCE.NS,2012-03-22,175.0718536376953,176.3404998779297,167.32289123535156,168.31723022460938
RELIANCE.NS,2012-03-23,170.02017211914062,171.32308959960938,168.7172393798828,170.0773162841797
RELIANCE.NS,2012-03-26,170.04302978515625,170.04302978515625,166.1799774169922,166.88858032226562
RELIANCE.NS,2012-03-27,168.6943817138672,168.87725830078125,165.74566650390625,167.10572814941406
RELIANCE.NS,2012-03-28,166.86572265625,168.21435546875,164.69418334960938,165.8828125
RELIANCE.NS,2012-03-29,164.1227264404297,166.79714965820312,164.1227264404297,165.64280700683594
RELIANCE.NS,2012-03-30,166.75143432617188,172.12313842773438,166.2028350830078,171.5745391845703
RELIANCE.NS,2012-04-02,171.28880310058594,171.63168334960938,168.9344024658203,169.2772674560547
RELIANCE.NS,2012-04-03,170.12303161621094,174.3861083984375,170.12303161621094,172.0545654296875
RELIANCE.NS,2012-04-04,170.29446411132812,173.03746032714844,169.94017028808594,170.7516326904297
RELIANCE.NS,2012-04-09,169.16297912597656,170.980224609375,167.80291748046875,169.64300537109375
RELIANCE.NS,2012-04-10,170.52305603027344,170.7516326904297,168.7172393798828,169.75729370117188
RELIANCE.NS,2012-04-11,168.9229736328125,168.9229736328125,166.01995849609375,166.93429565429688
RELIANCE.NS,2012-04-12,167.6200408935547,170.43162536621094,167.6200408935547,169.90586853027344
RELIANCE.NS,2012-04-13,170.53448486328125,174.18038940429688,168.58009338378906,171.79168701171875
RELIANCE.NS,2012-04-16,170.7744903564453,172.2259979248047,168.23721313476562,171.00308227539062
RELIANCE.NS,2012-04-17,172.53457641601562,172.53457641601562,169.23155212402344,170.61448669433594
RELIANCE.NS,2012-04-18,171.4373779296875,172.9917449951172,169.7687225341797,171.11737060546875
RELIANCE.NS,2012-04-19,172.328857421875,172.328857421875,168.8086700439453,169.52871704101562
RELIANCE.NS,2012-04-20,169.16297912597656,169.38014221191406,166.40855407714844,167.0600128173828
RELIANCE.NS,2012-04-23,165.91709899902344,170.46591186523438,165.53993225097656,168.30580139160156
RELIANCE.NS,2012-04-24,168.9229736328125,169.26583862304688,165.42564392089844,168.031494140625
RELIANCE.NS,2012-04-25,167.80291748046875,169.81443786621094,166.41998291015625,168.30580139160156
RELIANCE.NS,2012-04-26,168.48866271972656,171.20880126953125,167.68861389160156,170.30589294433594
RELIANCE.NS,2012-04-27,169.44871520996094,170.78591918945312,168.3515167236328,169.6087188720703
RELIANCE.NS,2012-04-30,168.58009338378906,170.9573516845703,168.58009338378906,170.31732177734375
RELIANCE.NS,2012-05-02,170.9573516845703,171.7574005126953,169.15155029296875,169.96302795410156
RELIANCE.NS,2012-05-03,168.8086700439453,170.1687469482422,168.0429229736328,168.88868713378906
RELIANCE.NS,2012-05-04,167.6428985595703,169.15155029296875,165.03704833984375,166.0542449951172
RELIANCE.NS,2012-05-07,163.4369659423828,165.03704833984375,161.1739959716797,163.59698486328125
RELIANCE.NS,2012-05-08,164.1227264404297,164.3284454345703,159.77964782714844,161.91690063476562
RELIANCE.NS,2012-05-09,160.46539306640625,161.9054718017578,157.96240234375,158.88816833496094
RELIANCE.NS,2012-05-10,159.37962341308594,161.92832946777344,157.84811401367188,158.6710205078125
RELIANCE.NS,2012-05-11,158.40814208984375,160.6939697265625,157.33380126953125,159.36819458007812
RELIANCE.NS,2012-05-14,159.55105590820312,160.64825439453125,155.10511779785156,155.7337188720703
RELIANCE.NS,2012-05-15,155.20797729492188,157.26522827148438,154.08792114257812,155.813720703125
RELIANCE.NS,2012-05-16,154.29364013671875,156.07659912109375,153.847900390625,154.5450897216797
RELIANCE.NS,2012-05-17,155.49371337890625,157.6881103515625,154.93368530273438,156.61376953125
RELIANCE.NS,2012-05-18,154.7279510498047,159.18531799316406,154.29364013671875,157.3909454345703
RELIANCE.NS,2012-05-21,156.92234802246094,160.16822814941406,156.8080596923828,158.97959899902344
RELIANCE.NS,2012-05-22,161.05970764160156,161.05970764160156,157.43666076660156,157.9738311767578
RELIANCE.NS,2012-05-23,156.6251983642578,157.71096801757812,155.3336944580078,157.00234985351562
RELIANCE.NS,2012-05-24,158.63671875,160.0082244873047,156.83091735839844,158.9338836669922
RELIANCE.NS,2012-05-25,158.8653106689453,158.9338836669922,157.3909454345703,157.99668884277344
RELIANCE.NS,2012-05-28,158.1795654296875,160.6939697265625,158.1795654296875,160.38539123535156
RELIANCE.NS,2012-05-29,160.5111083984375,162.2483367919922,159.4481964111328,160.4311065673828
RELIANCE.NS,2012-05-30,159.92822265625,161.9854736328125,158.89959716796875,161.43687438964844
RELIANCE.NS,2012-05-31,159.32247924804688,166.6485595703125,155.97373962402344,161.2882843017578
RELIANCE.NS,2012-06-01,161.6883087158203,162.1683349609375,154.99082946777344,156.63662719726562
RELIANCE.NS,2012-06-04,154.7508087158203,159.32247924804688,153.92791748046875,158.3509979248047
RELIANCE.NS,2012-06-05,159.09388732910156,161.37973022460938,158.88816833496094,160.5911102294922
RELIANCE.NS,2012-06-06,161.02542114257812,164.1227264404297,159.66534423828125,163.6427001953125
RELIANCE.NS,2012-06-07,164.8199005126953,167.30003356933594,163.7227020263672,164.86561584472656
RELIANCE.NS,2012-06-08,164.1227264404297,167.30003356933594,162.81979370117188,166.79714965820312
RELIANCE.NS,2012-06-11,167.48289489746094,168.3286590576172,164.1455841064453,165.0941925048828
RELIANCE.NS,2012-06-12,163.4369659423828,165.95138549804688,163.29981994628906,165.25421142578125
RELIANCE.NS,2012-06-13,165.0941925048828,165.4827880859375,162.8426513671875,163.734130859375
RELIANCE.NS,2012-06-14,163.66555786132812,164.76275634765625,162.53407287597656,163.7455596923828
RELIANCE.NS,2012-06-15,164.2370147705078,166.82000732421875,164.2370147705078,166.12281799316406
RELIANCE.NS,2012-06-18,166.9457244873047,167.89434814453125,162.751220703125,164.3284454345703
RELIANCE.NS,2012-06-19,163.89413452148438,169.014404296875,163.89413452148438,168.56866455078125
RELIANCE.NS,2012-06-20,168.6943817138672,169.82586669921875,167.5514678955078,168.55723571777344
RELIANCE.NS,2012-06-21,167.78005981445312,167.78005981445312,162.38548278808594,164.28273010253906
RELIANCE.NS,2012-06-22,163.10552978515625,163.4141082763672,160.8197021484375,162.52264404296875
RELIANCE.NS,2012-06-25,163.2541046142578,165.25421142578125,162.751220703125,163.71127319335938
RELIANCE.NS,2012-06-26,164.0084228515625,165.83709716796875,163.31124877929688,165.3799285888672
RELIANCE.NS,2012-06-27,166.04281616210938,166.7742919921875,164.1227264404297,165.15135192871094
RELIANCE.NS,2012-06-28,165.5856475830078,166.3628387451172,163.8141326904297,164.55703735351562
RELIANCE.NS,2012-06-29,165.74566650390625,169.35728454589844,165.74566650390625,168.66009521484375
RELIANCE.NS,2012-07-02,168.1229248046875,169.33441162109375,166.90000915527344,168.55723571777344
RELIANCE.NS,2012-07-03,169.14012145996094,169.75729370117188,167.16287231445312,168.31723022460938
RELIANCE.NS,2012-07-04,169.15155029296875,169.15155029296875,166.60284423828125,167.8372039794922
RELIANCE.NS,2012-07-05,167.99720764160156,169.7001495361328,167.33432006835938,168.85440063476562
RELIANCE.NS,2012-07-06,168.6943817138672,168.6943817138672,166.75143432617188,167.97434997558594
RELIANCE.NS,2012-07-09,166.6371307373047,167.7343292236328,165.9742431640625,167.2771759033203
RELIANCE.NS,2012-07-10,167.19715881347656,169.6087188720703,167.048583984375,169.08297729492188
RELIANCE.NS,2012-07-11,167.65432739257812,168.37437438964844,165.03704833984375,165.8713836669922
RELIANCE.NS,2012-07-12,165.01419067382812,166.82000732421875,163.9169921875,164.85418701171875
RELIANCE.NS,2012-07-13,164.57989501953125,166.065673828125,163.4369659423828,164.2370147705078
RELIANCE.NS,2012-07-16,164.57989501953125,165.52850341796875,163.44839477539062,164.65989685058594
RELIANCE.NS,2012-07-17,165.67709350585938,166.39712524414062,163.96270751953125,164.43130493164062
RELIANCE.NS,2012-07-18,164.1227264404297,165.0027618408203,162.79693603515625,163.61984252929688
RELIANCE.NS,2012-07-19,164.6256103515625,166.84286499023438,164.1227264404297,166.3628387451172
RELIANCE.NS,2012-07-20,165.1056365966797,166.60284423828125,163.9055633544922,165.18563842773438
RELIANCE.NS,2012-07-23,163.4369659423828,165.90567016601562,163.0483856201172,164.35130310058594
RELIANCE.NS,2012-07-24,164.8084716796875,166.1456756591797,164.20272827148438,165.6085205078125
RELIANCE.NS,2012-07-25,164.67132568359375,165.6199493408203,162.78550720214844,164.408447265625
RELIANCE.NS,2012-07-26,164.78561401367188,164.78561401367188,161.52830505371094,162.32833862304688
RELIANCE.NS,2012-07-27,164.35130310058594,166.13424682617188,163.69984436035156,164.8084716796875
RELIANCE.NS,2012-07-30,165.26564025878906,167.2771759033203,165.0027618408203,166.7742919921875
RELIANCE.NS,2012-07-31,167.23146057128906,170.54591369628906,164.8084716796875,169.97445678710938
RELIANCE.NS,2012-08-01,169.2086944580078,171.6431121826172,168.83152770996094,170.69448852539062
RELIANCE.NS,2012-08-02,169.63157653808594,170.88877868652344,168.40866088867188,169.04869079589844
RELIANCE.NS,2012-08-03,168.00863647460938,170.980224609375,166.99143981933594,169.73443603515625
RELIANCE.NS,2012-08-06,170.9916534423828,180.4435577392578,170.9916534423828,179.6778106689453
RELIANCE.NS,2012-08-07,179.6778106689453,181.94078063964844,177.7805633544922,179.15206909179688
RELIANCE.NS,2012-08-08,179.44921875,182.63795471191406,178.8777618408203,180.76358032226562
RELIANCE.NS,2012-08-09,180.3292694091797,182.04364013671875,177.5291290283203,178.32916259765625
RELIANCE.NS,2012-08-10,177.75770568847656,180.3521270751953,176.95767211914062,178.77490234375
RELIANCE.NS,2012-08-13,178.1805877685547,180.58070373535156,178.1805877685547,180.1578369140625
RELIANCE.NS,2012-08-14,180.10069274902344,183.32371520996094,179.89495849609375,182.76368713378906
RELIANCE.NS,2012-08-16,183.33514404296875,187.861083984375,182.6608123779297,186.55816650390625
RELIANCE.NS,2012-08-17,186.9581756591797,188.55825805664062,185.07237243652344,186.54673767089844
RELIANCE.NS,2012-08-21,186.5238800048828,188.32968139648438,185.67811584472656,186.1238555908203
RELIANCE.NS,2012-08-22,184.96951293945312,186.40957641601562,184.16946411132812,184.6494903564453
RELIANCE.NS,2012-08-23,185.27809143066406,185.47239685058594,180.11212158203125,181.6093292236328
RELIANCE.NS,2012-08-24,180.98072814941406,181.6093292236328,177.9977264404297,178.77490234375
RELIANCE.NS,2012-08-27,179.6663818359375,181.9979248046875,179.0949249267578,179.97496032714844
RELIANCE.NS,2012-08-28,179.8606719970703,181.47218322753906,177.96343994140625,180.62643432617188
RELIANCE.NS,2012-08-29,180.80929565429688,182.2950897216797,178.3634490966797,178.7863311767578
RELIANCE.NS,2012-08-30,178.23773193359375,181.0035858154297,175.68902587890625,179.0720672607422
RELIANCE.NS,2012-08-31,178.2948760986328,179.30064392089844,174.34039306640625,175.18614196777344
RELIANCE.NS,2012-09-03,175.5518798828125,175.99761962890625,173.73464965820312,174.42039489746094
RELIANCE.NS,2012-09-04,174.62611389160156,178.55775451660156,174.22610473632812,178.2034454345703
RELIANCE.NS,2012-09-05,177.2091064453125,178.283447265625,174.68325805664062,176.27191162109375
RELIANCE.NS,2012-09-06,175.1632843017578,177.06053161621094,174.63754272460938,175.59759521484375
RELIANCE.NS,2012-09-07,177.9977264404297,182.06649780273438,177.95201110839844,180.98072814941406
RELIANCE.NS,2012-09-10,182.86654663085938,183.63229370117188,180.38641357421875,181.04930114746094
RELIANCE.NS,2012-09-11,180.46641540527344,181.9179229736328,179.02635192871094,180.80929565429688
RELIANCE.NS,2012-09-12,181.38075256347656,182.7979736328125,180.45498657226562,182.43223571777344
RELIANCE.NS,2012-09-13,182.43223571777344,184.8094940185547,181.56361389160156,182.6722412109375
RELIANCE.NS,2012-09-14,185.83811950683594,193.3127899169922,185.0495147705078,192.40989685058594
RELIANCE.NS,2012-09-17,193.86138916015625,201.51893615722656,193.86138916015625,199.72454833984375
RELIANCE.NS,2012-09-18,198.9130859375,199.7588348388672,194.59286499023438,195.5757598876953
RELIANCE.NS,2012-09-20,192.1698760986328,193.9071044921875,189.3240203857422,190.29550170898438
RELIANCE.NS,2012-09-21,190.4097900390625,195.3700408935547,190.1811981201172,194.36427307128906
RELIANCE.NS,2012-09-24,194.2957000732422,196.07864379882812,190.35264587402344,191.175537109375
RELIANCE.NS,2012-09-25,191.55270385742188,193.10707092285156,189.78118896484375,191.95272827148438
RELIANCE.NS,2012-09-26,191.55270385742188,194.2271270751953,190.6040802001953,193.09564208984375
RELIANCE.NS,2012-09-27,193.19850158691406,193.83853149414062,188.40968322753906,189.6897430419922
RELIANCE.NS,2012-09-28,191.32412719726562,193.815673828125,190.71836853027344,191.36984252929688
RELIANCE.NS,2012-10-01,192.00987243652344,192.53561401367188,189.55259704589844,190.52407836914062
RELIANCE.NS,2012-10-03,190.74122619628906,195.08432006835938,190.6955108642578,193.4042205810547
RELIANCE.NS,2012-10-04,194.42141723632812,196.33009338378906,194.08998107910156,194.95858764648438
RELIANCE.NS,2012-10-05,196.5586700439453,197.0386962890625,155.97373962402344,196.07864379882812
RELIANCE.NS,2012-10-08,195.33575439453125,195.33575439453125,186.58102416992188,187.30105590820312
RELIANCE.NS,2012-10-09,188.69541931152344,188.96971130371094,185.86097717285156,186.36386108398438
RELIANCE.NS,2012-10-10,185.38095092773438,187.9639434814453,184.5580596923828,186.5238800048828
RELIANCE.NS,2012-10-11,187.20962524414062,187.89537048339844,184.99237060546875,187.42677307128906
RELIANCE.NS,2012-10-12,187.16390991210938,188.90113830566406,186.53530883789062,187.186767578125
RELIANCE.NS,2012-10-15,187.20962524414062,189.70118713378906,187.20962524414062,188.13539123535156
RELIANCE.NS,2012-10-16,191.7584228515625,191.99844360351562,185.15237426757812,185.71240234375
RELIANCE.NS,2012-10-17,186.53530883789062,186.84388732910156,183.22084045410156,184.0437469482422
RELIANCE.NS,2012-10-18,184.52377319335938,186.5238800048828,182.1807861328125,185.4495391845703
RELIANCE.NS,2012-10-19,184.6266326904297,185.26666259765625,182.71795654296875,183.50657653808594
RELIANCE.NS,2012-10-22,181.76934814453125,186.74102783203125,180.96929931640625,186.43243408203125
RELIANCE.NS,2012-10-23,185.95240783691406,186.24957275390625,183.9637451171875,185.1409454345703
RELIANCE.NS,2012-10-25,185.17523193359375,187.14105224609375,184.51234436035156,185.24380493164062
RELIANCE.NS,2012-10-29,183.40371704101562,186.15814208984375,183.40371704101562,185.4266815185547
RELIANCE.NS,2012-10-30,185.15237426757812,185.56382751464844,182.6722412109375,183.60943603515625
RELIANCE.NS,2012-10-31,183.58657836914062,184.546630859375,182.4093780517578,184.12374877929688
RELIANCE.NS,2012-11-01,181.7236328125,184.87808227539062,180.28355407714844,184.48948669433594
RELIANCE.NS,2012-11-02,185.6095428466797,186.27243041992188,183.43800354003906,184.68377685546875
RELIANCE.NS,2012-11-05,183.70086669921875,184.91236877441406,183.28941345214844,184.27232360839844
RELIANCE.NS,2012-11-06,183.78086853027344,184.5580596923828,182.0093536376953,184.11231994628906
RELIANCE.NS,2012-11-07,183.32371520996094,184.07803344726562,182.4093780517578,183.0608367919922
RELIANCE.NS,2012-11-08,181.26646423339844,182.4779510498047,180.5235595703125,182.08935546875
RELIANCE.NS,2012-11-09,181.34646606445312,183.6665802001953,179.4377899169922,180.0435333251953
RELIANCE.NS,2012-11-12,179.63209533691406,180.4435577392578,178.06629943847656,179.81495666503906
RELIANCE.NS,2012-11-15,180.31784057617188,180.31784057617188,177.6205596923828,179.3463592529297
RELIANCE.NS,2012-11-16,179.98638916015625,181.18646240234375,176.2376251220703,177.18624877929688
RELIANCE.NS,2012-11-19,177.2091064453125,177.8948516845703,174.03179931640625,176.99195861816406
RELIANCE.NS,2012-11-20,178.4548797607422,178.4548797607422,174.22610473632812,174.94613647460938
RELIANCE.NS,2012-11-21,175.20899963378906,176.90052795410156,173.9746551513672,176.28334045410156
RELIANCE.NS,2012-11-22,176.7062225341797,176.8548126220703,174.04322814941406,175.0604248046875
RELIANCE.NS,2012-11-23,175.09471130371094,177.33482360839844,175.09471130371094,176.86624145507812
RELIANCE.NS,2012-11-26,177.1291046142578,178.16915893554688,176.2376251220703,176.84336853027344
RELIANCE.NS,2012-11-27,177.609130859375,180.12355041503906,176.9233856201172,179.8492431640625
RELIANCE.NS,2012-11-29,179.6663818359375,183.78086853027344,178.90061950683594,182.4779510498047
RELIANCE.NS,2012-11-30,181.96363830566406,184.69520568847656,180.58070373535156,181.4264678955078
RELIANCE.NS,2012-12-03,181.7236328125,184.4666290283203,180.5235595703125,183.78086853027344
RELIANCE.NS,2012-12-04,184.27232360839844,188.7411346435547,184.238037109375,188.51254272460938
RELIANCE.NS,2012-12-05,189.3240203857422,191.34698486328125,187.5753631591797,190.318359375
RELIANCE.NS,2012-12-06,191.0841064453125,193.34707641601562,187.89537048339844,192.90133666992188
RELIANCE.NS,2012-12-07,192.2498779296875,194.2271270751953,189.826904296875,190.77552795410156
RELIANCE.NS,2012-12-10,190.77552795410156,191.54127502441406,187.72393798828125,189.33544921875
RELIANCE.NS,2012-12-11,190.1811981201172,191.63270568847656,186.18099975585938,187.4496307373047
RELIANCE.NS,2012-12-12,188.58111572265625,190.8212432861328,187.2896270751953,190.318359375
RELIANCE.NS,2012-12-13,190.318359375,192.2384490966797,189.8154754638672,190.6955108642578
RELIANCE.NS,2012-12-14,190.75265502929688,193.56423950195312,189.38116455078125,191.8384246826172
RELIANCE.NS,2012-12-17,190.75265502929688,193.01564025878906,189.95262145996094,190.6726531982422
RELIANCE.NS,2012-12-18,190.75265502929688,191.8841552734375,188.80970764160156,190.04405212402344
RELIANCE.NS,2012-12-19,190.9126739501953,192.70704650878906,190.64979553222656,191.8955841064453
RELIANCE.NS,2012-12-20,192.4556121826172,192.4556121826172,189.6097412109375,191.51841735839844
RELIANCE.NS,2012-12-21,190.4097900390625,190.75265502929688,187.9410858154297,188.63827514648438
RELIANCE.NS,2012-12-24,188.71827697753906,189.1182861328125,186.43243408203125,187.5982208251953
RELIANCE.NS,2012-12-26,187.89537048339844,191.0726776123047,187.89537048339844,189.3240203857422
RELIANCE.NS,2012-12-27,189.79261779785156,190.1811981201172,186.31814575195312,186.91246032714844
RELIANCE.NS,2012-12-28,188.23825073242188,193.38136291503906,187.79251098632812,192.0670166015625
RELIANCE.NS,2012-12-31,192.0784454345703,194.24998474121094,191.2783966064453,191.90701293945312
RELIANCE.NS,2013-01-01,192.92420959472656,193.51852416992188,191.80413818359375,192.1698760986328
RELIANCE.NS,2013-01-02,192.92420959472656,195.66720581054688,192.59275817871094,193.8271026611328
RELIANCE.NS,2013-01-03,193.97567749023438,197.0386962890625,193.0613555908203,196.7529754638672
RELIANCE.NS,2013-01-04,197.01583862304688,197.6330108642578,195.107177734375,197.00440979003906
RELIANCE.NS,2013-01-07,197.88446044921875,199.095947265625,194.7071533203125,195.80435180664062
RELIANCE.NS,2013-01-08,195.4614715576172,196.14723205566406,193.815673828125,194.44427490234375
RELIANCE.NS,2013-01-09,194.84429931640625,196.5472412109375,193.98712158203125,194.91287231445312
RELIANCE.NS,2013-01-10,196.0672149658203,196.34152221679688,193.60995483398438,194.30712890625
RELIANCE.NS,2013-01-11,194.86715698242188,194.9814453125,191.15267944335938,191.9870147705078
RELIANCE.NS,2013-01-14,192.2384490966797,194.9814453125,191.78128051757812,193.7356719970703
RELIANCE.NS,2013-01-15,193.4156494140625,194.7071533203125,191.55270385742188,193.6442413330078
RELIANCE.NS,2013-01-16,193.39279174804688,199.07308959960938,193.39279174804688,196.89012145996094
RELIANCE.NS,2013-01-17,197.06155395507812,204.25050354003906,196.52438354492188,203.43902587890625
RELIANCE.NS,2013-01-18,204.58193969726562,206.39918518066406,202.44468688964844,205.7705841064453
RELIANCE.NS,2013-01-21,214.4338836669922,218.29693603515625,209.8507843017578,210.28509521484375
RELIANCE.NS,2013-01-22,210.29652404785156,212.74237060546875,209.27932739257812,210.30795288085938
RELIANCE.NS,2013-01-23,210.77655029296875,212.3080596923828,209.4279022216797,210.9936981201172
RELIANCE.NS,2013-01-24,211.43943786621094,212.2052001953125,207.32493591308594,209.27932739257812
RELIANCE.NS,2013-01-25,209.4393310546875,209.69078063964844,206.89064025878906,208.51358032226562
RELIANCE.NS,2013-01-28,208.31927490234375,208.73072814941406,204.58193969726562,205.16482543945312
RELIANCE.NS,2013-01-29,204.58193969726562,206.18202209472656,201.17605590820312,201.80465698242188
RELIANCE.NS,2013-01-30,202.86756896972656,206.50204467773438,202.86756896972656,205.58770751953125
RELIANCE.NS,2013-01-31,204.9591064453125,205.2677001953125,201.86180114746094,202.67327880859375
RELIANCE.NS,2013-02-01,203.74761962890625,205.67913818359375,201.97608947753906,204.35336303710938
RELIANCE.NS,2013-02-04,204.82196044921875,205.9534454345703,202.09039306640625,202.68470764160156
RELIANCE.NS,2013-02-05,202.06753540039062,202.5018310546875,199.55311584472656,199.95314025878906
RELIANCE.NS,2013-02-06,201.2560577392578,201.8160858154297,199.05023193359375,200.1588592529297
RELIANCE.NS,2013-02-07,199.23309326171875,201.61036682128906,198.49020385742188,199.53025817871094
RELIANCE.NS,2013-02-08,198.85594177246094,199.7816925048828,195.89578247070312,197.39300537109375
RELIANCE.NS,2013-02-11,197.7244415283203,200.01028442382812,196.71868896484375,198.5016326904297
RELIANCE.NS,2013-02-12,198.54734802246094,201.2332000732422,197.77017211914062,200.11314392089844
RELIANCE.NS,2013-02-13,202.06753540039062,202.9818572998047,199.43882751464844,200.92462158203125
RELIANCE.NS,2013-02-14,201.1531982421875,201.94180297851562,194.5242919921875,195.6786346435547
RELIANCE.NS,2013-02-15,195.41575622558594,195.98721313476562,190.66122436523438,193.3356475830078
RELIANCE.NS,2013-02-18,193.83853149414062,195.34718322753906,192.7413330078125,193.7242431640625
RELIANCE.NS,2013-02-19,194.06712341308594,195.43861389160156,190.6955108642578,193.92996215820312
RELIANCE.NS,2013-02-20,196.11294555664062,200.89031982421875,195.80435180664062,199.96456909179688
RELIANCE.NS,2013-02-21,198.63877868652344,200.42173767089844,195.13003540039062,196.39866638183594
RELIANCE.NS,2013-02-22,196.23866271972656,199.32452392578125,196.12437438964844,197.1758575439453
RELIANCE.NS,2013-02-25,197.49586486816406,197.7130126953125,194.5242919921875,195.2900390625
RELIANCE.NS,2013-02-26,194.2271270751953,194.2271270751953,187.15248107910156,188.23825073242188
RELIANCE.NS,2013-02-27,189.7240447998047,192.22702026367188,189.07257080078125,190.0211944580078
RELIANCE.NS,2013-02-28,191.36984252929688,191.90701293945312,184.18089294433594,186.0324249267578
RELIANCE.NS,2013-03-01,186.5238800048828,187.0953369140625,184.12374877929688,185.24380493164062
RELIANCE.NS,2013-03-04,184.90093994140625,187.03819274902344,183.98660278320312,185.74668884277344
RELIANCE.NS,2013-03-05,187.23248291015625,190.74122619628906,187.23248291015625,188.88970947265625
RELIANCE.NS,2013-03-06,190.15834045410156,191.64413452148438,188.96971130371094,190.92410278320312
RELIANCE.NS,2013-03-07,190.009765625,192.3527374267578,188.3639678955078,191.20982360839844
RELIANCE.NS,2013-03-08,192.69561767578125,195.3700408935547,192.00987243652344,194.59286499023438
RELIANCE.NS,2013-03-11,194.77572631835938,196.71868896484375,192.02130126953125,193.0384979248047
RELIANCE.NS,2013-03-12,194.4099884033203,195.32432556152344,192.8213348388672,193.8042449951172
RELIANCE.NS,2013-03-13,192.51275634765625,195.80435180664062,192.0555877685547,193.1527862548828
RELIANCE.NS,2013-03-14,192.92420959472656,197.37014770507812,190.92410278320312,196.59295654296875
RELIANCE.NS,2013-03-15,197.66729736328125,198.73020935058594,191.62127685546875,192.8441925048828
RELIANCE.NS,2013-03-18,190.86695861816406,192.80990600585938,189.9069061279297,190.70693969726562
RELIANCE.NS,2013-03-19,191.23268127441406,191.78128051757812,185.58668518066406,188.58111572265625
RELIANCE.NS,2013-03-20,189.58688354492188,189.67831420898438,185.91812133789062,188.0553741455078
RELIANCE.NS,2013-03-21,188.58111572265625,190.36407470703125,183.9523162841797,185.74668884277344
RELIANCE.NS,2013-03-22,184.76377868652344,187.6667938232422,183.8608856201172,185.28952026367188
RELIANCE.NS,2013-03-25,187.5753631591797,188.20396423339844,183.380859375,184.98094177246094
RELIANCE.NS,2013-03-26,183.43800354003906,184.00946044921875,178.2948760986328,179.06063842773438
RELIANCE.NS,2013-03-28,179.4377899169922,179.6549530029297,174.72897338867188,176.67193603515625
RELIANCE.NS,2013-04-01,178.52346801757812,180.76358032226562,176.87767028808594,178.0091552734375
RELIANCE.NS,2013-04-02,178.34059143066406,182.06649780273438,177.90628051757812,181.47218322753906
RELIANCE.NS,2013-04-03,182.36366271972656,182.63795471191406,176.2376251220703,177.5062713623047
RELIANCE.NS,2013-04-04,176.58050537109375,177.82627868652344,174.68325805664062,175.4490203857422
RELIANCE.NS,2013-04-05,175.78045654296875,178.84347534179688,175.48330688476562,178.31773376464844
RELIANCE.NS,2013-04-08,177.86056518554688,181.57504272460938,177.83770751953125,180.4435577392578
RELIANCE.NS,2013-04-09,181.06072998046875,181.86077880859375,176.26048278808594,177.5977020263672
RELIANCE.NS,2013-04-10,178.31773376464844,179.19778442382812,176.37478637695312,178.15773010253906
RELIANCE.NS,2013-04-11,179.20921325683594,179.4606475830078,174.6718292236328,176.26048278808594
RELIANCE.NS,2013-04-12,175.32330322265625,178.3863067626953,174.8661346435547,177.23196411132812
RELIANCE.NS,2013-04-15,176.7062225341797,182.85511779785156,176.7062225341797,181.4036102294922
RELIANCE.NS,2013-04-16,182.1807861328125,185.15237426757812,179.5292205810547,183.99803161621094
RELIANCE.NS,2013-04-17,184.20375061035156,185.06094360351562,175.82618713378906,176.8548126220703
RELIANCE.NS,2013-04-18,177.49484252929688,179.48350524902344,176.6147918701172,178.66061401367188
RELIANCE.NS,2013-04-22,179.6663818359375,181.65504455566406,177.90628051757812,180.5235595703125
RELIANCE.NS,2013-04-23,180.923583984375,184.19232177734375,179.6778106689453,183.71229553222656
RELIANCE.NS,2013-04-25,184.60377502441406,188.9468536376953,184.60377502441406,187.3582000732422
RELIANCE.NS,2013-04-26,185.83811950683594,188.58111572265625,180.5121307373047,181.12930297851562
RELIANCE.NS,2013-04-29,181.28932189941406,182.61509704589844,180.22640991210938,181.18646240234375
RELIANCE.NS,2013-04-30,181.4150390625,182.1007843017578,177.64341735839844,180.1692657470703
RELIANCE.NS,2013-05-02,179.98638916015625,184.4666290283203,179.0720672607422,183.52943420410156
RELIANCE.NS,2013-05-03,183.5522918701172,186.5010223388672,181.70077514648438,182.9808349609375
RELIANCE.NS,2013-05-06,183.3694305419922,188.56968688964844,183.3694305419922,187.80393981933594
RELIANCE.NS,2013-05-07,187.7810821533203,191.0726776123047,187.3582000732422,189.30116271972656
RELIANCE.NS,2013-05-08,189.7469024658203,190.38693237304688,187.90679931640625,189.64402770996094
RELIANCE.NS,2013-05-09,189.35830688476562,190.1011962890625,186.2952880859375,187.00389099121094
RELIANCE.NS,2013-05-10,186.22671508789062,187.55250549316406,184.96951293945312,185.82669067382812
RELIANCE.NS,2013-05-13,185.91812133789062,188.69541931152344,182.5922393798828,183.5522918701172
RELIANCE.NS,2013-05-14,182.9922637939453,184.92379760742188,181.86077880859375,182.44366455078125
RELIANCE.NS,2013-05-15,183.32371520996094,187.62107849121094,183.32371520996094,187.20962524414062
RELIANCE.NS,2013-05-16,186.5238800048828,192.87847900390625,186.40957641601562,192.158447265625
RELIANCE.NS,2013-05-17,192.158447265625,193.08421325683594,188.19253540039062,190.9812469482422
RELIANCE.NS,2013-05-20,191.41555786132812,195.43861389160156,189.4383087158203,189.98690795898438
RELIANCE.NS,2013-05-21,189.97547912597656,192.00987243652344,188.6497039794922,189.40402221679688
RELIANCE.NS,2013-05-22,189.7469024658203,190.63836669921875,185.95240783691406,187.15248107910156
RELIANCE.NS,2013-05-23,185.529541015625,186.5238800048828,178.31773376464844,179.31207275390625
RELIANCE.NS,2013-05-24,181.35789489746094,181.65504455566406,178.1120147705078,179.7692413330078
RELIANCE.NS,2013-05-27,183.49514770507812,190.36407470703125,183.09512329101562,189.33544921875
RELIANCE.NS,2013-05-28,189.7240447998047,193.58709716796875,188.8554229736328,192.78704833984375
RELIANCE.NS,2013-05-29,192.12416076660156,194.24998474121094,190.5126495361328,193.815673828125
RELIANCE.NS,2013-05-30,193.1527862548828,193.38136291503906,189.7240447998047,191.2783966064453
RELIANCE.NS,2013-05-31,190.66122436523438,191.03839111328125,183.34657287597656,184.30661010742188
RELIANCE.NS,2013-06-03,183.71229553222656,184.08946228027344,179.49493408203125,180.10069274902344
RELIANCE.NS,2013-06-04,180.71786499023438,182.82083129882812,178.1005859375,178.34059143066406
RELIANCE.NS,2013-06-05,178.40916442871094,183.84945678710938,178.40916442871094,183.32371520996094
RELIANCE.NS,2013-06-06,182.86654663085938,183.7580108642578,180.1464080810547,181.03787231445312
RELIANCE.NS,2013-06-07,181.54075622558594,183.32371520996094,178.52346801757812,179.11778259277344
RELIANCE.NS,2013-06-10,180.3521270751953,181.83792114257812,178.75204467773438,180.43212890625
RELIANCE.NS,2013-06-11,179.0949249267578,180.923583984375,177.2205352783203,179.574951171875
RELIANCE.NS,2013-06-12,178.9920654296875,182.2950897216797,178.79776000976562,180.76358032226562
RELIANCE.NS,2013-06-13,178.9806365966797,181.2436065673828,178.42059326171875,180.5349884033203
RELIANCE.NS,2013-06-14,181.9979248046875,187.40391540527344,181.97506713867188,186.2152862548828
RELIANCE.NS,2013-06-17,186.40957641601562,189.2440185546875,185.40380859375,188.70684814453125
RELIANCE.NS,2013-06-18,188.28396606445312,191.43841552734375,186.85531616210938,188.21539306640625
RELIANCE.NS,2013-06-19,187.89537048339844,190.46693420410156,186.27243041992188,190.1126251220703
RELIANCE.NS,2013-06-20,186.9581756591797,186.9581756591797,181.7236328125,182.4093780517578
RELIANCE.NS,2013-06-21,182.84368896484375,185.2323760986328,179.11778259277344,181.232177734375
RELIANCE.NS,2013-06-24,180.58070373535156,181.9864959716797,177.95201110839844,181.18646240234375
RELIANCE.NS,2013-06-25,182.7979736328125,187.41534423828125,181.7236328125,183.7351531982422
RELIANCE.NS,2013-06-26,185.0266571044922,186.16957092285156,183.11798095703125,183.68943786621094
RELIANCE.NS,2013-06-27,186.63816833496094,191.3126983642578,186.15814208984375,189.7240447998047
RELIANCE.NS,2013-06-28,198.75306701660156,199.55311584472656,193.38136291503906,197.1758575439453
RELIANCE.NS,2013-07-01,197.0386962890625,202.9818572998047,195.58718872070312,202.45611572265625
RELIANCE.NS,2013-07-02,201.86180114746094,203.85047912597656,198.58163452148438,199.2902374267578
RELIANCE.NS,2013-07-03,196.69583129882812,197.3472900390625,193.96424865722656,194.489990234375
RELIANCE.NS,2013-07-04,195.00430297851562,199.0045166015625,193.68995666503906,196.9586944580078
RELIANCE.NS,2013-07-05,198.0330352783203,202.2389678955078,198.0330352783203,201.2332000732422
RELIANCE.NS,2013-07-08,198.86737060546875,199.65597534179688,196.15866088867188,198.17018127441406
RELIANCE.NS,2013-07-09,198.66163635253906,201.5646514892578,198.1930389404297,199.96456909179688
RELIANCE.NS,2013-07-10,199.83883666992188,201.11891174316406,191.78128051757812,195.66720581054688
RELIANCE.NS,2013-07-11,197.7244415283203,199.62168884277344,196.41009521484375,198.87879943847656
RELIANCE.NS,2013-07-12,199.83883666992188,204.81053161621094,198.7759246826172,203.42759704589844
RELIANCE.NS,2013-07-15,202.52468872070312,205.70199584960938,202.52468872070312,205.00482177734375
RELIANCE.NS,2013-07-16,202.75328063964844,206.74205017089844,201.85037231445312,205.8620147705078
RELIANCE.NS,2013-07-17,206.41061401367188,209.81649780273438,206.41061401367188,209.14218139648438
RELIANCE.NS,2013-07-18,209.83935546875,210.28509521484375,207.82781982421875,209.6679229736328
RELIANCE.NS,2013-07-19,210.07937622070312,212.10232543945312,208.70787048339844,211.1422882080078
RELIANCE.NS,2013-07-22,209.1536102294922,209.1536102294922,205.48484802246094,207.7935333251953
RELIANCE.NS,2013-07-23,208.4792938232422,211.43943786621094,207.38209533691406,207.9078369140625
RELIANCE.NS,2013-07-24,207.55352783203125,209.58792114257812,204.61622619628906,207.8621063232422
RELIANCE.NS,2013-07-25,207.08493041992188,208.51358032226562,200.5703125,203.61045837402344
RELIANCE.NS,2013-07-26,203.94190979003906,206.57061767578125,202.3989715576172,203.4733123779297
RELIANCE.NS,2013-07-29,202.76470947265625,205.41627502441406,201.736083984375,202.45611572265625
RELIANCE.NS,2013-07-30,202.76470947265625,203.8961944580078,195.1871795654297,195.9757843017578
RELIANCE.NS,2013-07-31,196.27294921875,201.08462524414062,192.60418701171875,199.33596801757812
RELIANCE.NS,2013-08-01,200.04457092285156,201.80465698242188,193.11849975585938,194.2957000732422
RELIANCE.NS,2013-08-02,196.58152770996094,199.31309509277344,194.2957000732422,195.9757843017578
RELIANCE.NS,2013-08-05,196.58152770996094,199.53025817871094,195.6100616455078,196.9358367919922
RELIANCE.NS,2013-08-06,196.22723388671875,197.5415802001953,189.75833129882812,192.2498779296875
RELIANCE.NS,2013-08-07,193.1527862548828,201.57608032226562,189.95262145996094,199.42739868164062
RELIANCE.NS,2013-08-08,198.26162719726562,199.42739868164062,195.93006896972656,197.87303161621094
RELIANCE.NS,2013-08-12,198.63877868652344,199.51882934570312,192.11273193359375,193.30136108398438
RELIANCE.NS,2013-08-13,192.69561767578125,196.57009887695312,190.86695861816406,194.95858764648438
RELIANCE.NS,2013-08-14,195.66720581054688,198.4102020263672,193.7128143310547,197.7244415283203
RELIANCE.NS,2013-08-16,197.7244415283203,198.18161010742188,186.7867431640625,188.96971130371094
RELIANCE.NS,2013-08-19,188.12396240234375,190.63836669921875,184.59234619140625,187.49534606933594
RELIANCE.NS,2013-08-20,185.40380859375,189.9069061279297,184.02088928222656,188.6611328125
RELIANCE.NS,2013-08-21,190.4097900390625,190.7983856201172,178.34059143066406,179.11778259277344
RELIANCE.NS,2013-08-22,178.8549041748047,184.84378051757812,176.96910095214844,184.26089477539062
RELIANCE.NS,2013-08-23,185.99813842773438,188.51254272460938,184.8094940185547,187.32391357421875
RELIANCE.NS,2013-08-26,188.00965881347656,190.05548095703125,184.78663635253906,188.0325164794922
RELIANCE.NS,2013-08-27,186.06671142578125,188.55825805664062,182.86654663085938,183.60943603515625
RELIANCE.NS,2013-08-28,181.74649047851562,187.1067657470703,174.61468505859375,185.56382751464844
RELIANCE.NS,2013-08-29,186.5238800048828,195.07289123535156,185.7238311767578,193.20993041992188
RELIANCE.NS,2013-08-30,192.87847900390625,196.58152770996094,189.33544921875,195.17575073242188
RELIANCE.NS,2013-09-02,195.02716064453125,203.43902587890625,195.02716064453125,202.69613647460938
RELIANCE.NS,2013-09-03,203.02757263183594,203.82762145996094,189.33544921875,189.95262145996094
RELIANCE.NS,2013-09-04,190.5812225341797,197.62158203125,190.4097900390625,194.14712524414062
RELIANCE.NS,2013-09-05,197.2672882080078,198.8102264404297,194.54714965820312,197.16441345214844
RELIANCE.NS,2013-09-06,198.86737060546875,199.6674041748047,192.3527374267578,198.4102020263672
RELIANCE.NS,2013-09-10,199.53025817871094,204.25050354003906,198.0101776123047,203.51902770996094
RELIANCE.NS,2013-09-11,203.21044921875,204.10191345214844,199.81597900390625,202.92471313476562
RELIANCE.NS,2013-09-12,202.9818572998047,205.9534454345703,199.13023376464844,200.10171508789062
RELIANCE.NS,2013-09-13,198.4102020263672,201.99896240234375,198.1930389404297,199.55311584472656
RELIANCE.NS,2013-09-16,202.5132598876953,202.9132843017578,195.2100372314453,196.98155212402344
RELIANCE.NS,2013-09-17,195.74720764160156,197.49586486816406,194.8900146484375,196.15866088867188
RELIANCE.NS,2013-09-18,196.69583129882812,200.01028442382812,195.85006713867188,199.31309509277344
RELIANCE.NS,2013-09-19,202.9932861328125,204.79910278320312,201.27891540527344,203.576171875
RELIANCE.NS,2013-09-20,202.52468872070312,205.9534454345703,198.98165893554688,201.58750915527344
RELIANCE.NS,2013-09-23,199.33596801757812,201.38177490234375,197.7244415283203,199.86170959472656
RELIANCE.NS,2013-09-24,199.32452392578125,202.19325256347656,198.44448852539062,199.91885375976562
RELIANCE.NS,2013-09-25,199.4159698486328,199.9874267578125,192.51275634765625,194.07855224609375
RELIANCE.NS,2013-09-26,193.5299530029297,194.32998657226562,190.92410278320312,191.60984802246094
RELIANCE.NS,2013-09-27,192.467041015625,195.32432556152344,191.32412719726562,191.9870147705078
RELIANCE.NS,2013-09-30,190.192626953125,193.0384979248047,187.23248291015625,187.98680114746094
RELIANCE.NS,2013-10-01,188.87828063964844,189.70118713378906,186.91246032714844,187.7696533203125
RELIANCE.NS,2013-10-03,188.21539306640625,194.0442657470703,188.21539306640625,193.59852600097656
RELIANCE.NS,2013-10-04,192.13558959960938,196.51295471191406,191.55270385742188,195.3014678955078
RELIANCE.NS,2013-10-07,193.74710083007812,194.84429931640625,191.0955352783203,192.93563842773438
RELIANCE.NS,2013-10-08,194.2271270751953,195.3700408935547,191.82699584960938,193.141357421875
RELIANCE.NS,2013-10-09,191.99844360351562,198.3302001953125,191.43841552734375,196.78726196289062
RELIANCE.NS,2013-10-10,196.3529510498047,197.22157287597656,193.84996032714844,196.58152770996094
RELIANCE.NS,2013-10-11,197.7244415283203,198.4102020263672,195.2786102294922,197.3472900390625
RELIANCE.NS,2013-10-14,197.7244415283203,200.01028442382812,197.31300354003906,198.93594360351562
RELIANCE.NS,2013-10-15,205.10768127441406,205.41627502441406,197.49586486816406,198.36448669433594
RELIANCE.NS,2013-10-17,198.86737060546875,202.9818572998047,197.64443969726562,201.2332000732422
RELIANCE.NS,2013-10-18,201.51893615722656,207.55352783203125,201.51893615722656,207.016357421875
RELIANCE.NS,2013-10-21,207.016357421875,209.2678985595703,204.84481811523438,208.74215698242188
RELIANCE.NS,2013-10-22,207.4163818359375,208.22784423828125,205.1533966064453,206.68490600585938
RELIANCE.NS,2013-10-23,206.9134979248047,207.82781982421875,202.90185546875,204.98196411132812
RELIANCE.NS,2013-10-24,203.90762329101562,208.23927307128906,201.46177673339844,202.18182373046875
RELIANCE.NS,2013-10-25,202.09039306640625,204.0790557861328,201.00462341308594,202.75328063964844
RELIANCE.NS,2013-10-28,202.9818572998047,206.83349609375,202.94757080078125,203.61045837402344
RELIANCE.NS,2013-10-29,203.23330688476562,206.6277618408203,202.044677734375,204.99339294433594
RELIANCE.NS,2013-10-30,204.92481994628906,206.38775634765625,204.51336669921875,205.30198669433594
RELIANCE.NS,2013-10-31,205.724853515625,209.83935546875,204.81053161621094,209.0850372314453
RELIANCE.NS,2013-11-01,208.03355407714844,211.7937469482422,206.49061584472656,207.6106719970703
RELIANCE.NS,2013-11-05,206.49061584472656,210.68511962890625,206.49061584472656,207.94212341308594
RELIANCE.NS,2013-11-06,208.0106964111328,210.27366638183594,204.5705108642578,205.40484619140625
RELIANCE.NS,2013-11-07,205.49627685546875,207.05064392089844,201.6332244873047,202.5018310546875
RELIANCE.NS,2013-11-08,202.52468872070312,202.9818572998047,199.13023376464844,200.22743225097656
RELIANCE.NS,2013-11-11,199.7816925048828,201.6332244873047,196.6272430419922,197.47300720214844
RELIANCE.NS,2013-11-12,197.7244415283203,199.23309326171875,194.34141540527344,194.8900146484375
RELIANCE.NS,2013-11-13,194.27284240722656,196.90155029296875,192.48989868164062,193.01564025878906
RELIANCE.NS,2013-11-14,194.58143615722656,197.49586486816406,194.3871307373047,194.67286682128906
RELIANCE.NS,2013-11-18,196.14723205566406,200.63888549804688,195.7014923095703,199.95314025878906
RELIANCE.NS,2013-11-19,200.01028442382812,202.27325439453125,200.01028442382812,200.77603149414062
RELIANCE.NS,2013-11-20,199.9759979248047,201.8389434814453,195.89578247070312,197.15298461914062
RELIANCE.NS,2013-11-21,196.5586700439453,196.58152770996094,192.79847717285156,193.74710083007812
RELIANCE.NS,2013-11-22,194.5242919921875,195.7700653076172,191.80413818359375,192.86705017089844
RELIANCE.NS,2013-11-25,193.68995666503906,195.8614959716797,192.93563842773438,194.68429565429688
RELIANCE.NS,2013-11-26,194.4099884033203,195.85006713867188,191.44984436035156,192.29559326171875
RELIANCE.NS,2013-11-27,193.0384979248047,194.18141174316406,190.92410278320312,191.54127502441406
RELIANCE.NS,2013-11-28,192.71847534179688,195.75863647460938,192.71847534179688,193.8271026611328
RELIANCE.NS,2013-11-29,194.5128631591797,195.781494140625,193.97567749023438,195.02716064453125
RELIANCE.NS,2013-12-02,194.9814453125,197.255859375,194.82144165039062,195.50718688964844
RELIANCE.NS,2013-12-03,195.43861389160156,197.8387451171875,194.44427490234375,197.01583862304688
RELIANCE.NS,2013-12-04,196.78726196289062,198.29591369628906,195.02716064453125,195.6786346435547
RELIANCE.NS,2013-12-05,199.32452392578125,200.4674530029297,198.421630859375,199.095947265625
RELIANCE.NS,2013-12-06,198.9016571044922,199.93028259277344,196.8558349609375,198.113037109375
RELIANCE.NS,2013-12-09,201.6332244873047,202.9818572998047,200.28457641601562,200.91317749023438
RELIANCE.NS,2013-12-10,200.81031799316406,203.14187622070312,200.81031799316406,202.2161102294922
RELIANCE.NS,2013-12-11,201.7246551513672,202.28468322753906,199.43882751464844,201.7475128173828
RELIANCE.NS,2013-12-12,200.69602966308594,201.1531982421875,198.4102020263672,198.9130859375
RELIANCE.NS,2013-12-13,198.18161010742188,198.4330596923828,196.0443572998047,197.65586853027344
RELIANCE.NS,2013-12-16,196.58152770996094,197.09584045410156,192.7413330078125,193.16421508789062
RELIANCE.NS,2013-12-17,193.99855041503906,194.95858764648438,191.2669677734375,191.82699584960938
RELIANCE.NS,2013-12-18,191.82699584960938,197.46157836914062,191.82699584960938,196.57009887695312
RELIANCE.NS,2013-12-19,197.58729553222656,197.58729553222656,192.85562133789062,195.22146606445312
RELIANCE.NS,2013-12-20,199.32452392578125,205.2677001953125,197.06155395507812,204.61622619628906
RELIANCE.NS,2013-12-23,205.49627685546875,207.7821044921875,203.43902587890625,204.86767578125
RELIANCE.NS,2013-12-24,204.92481994628906,206.86778259277344,204.60479736328125,205.2791290283203
RELIANCE.NS,2013-12-26,204.4676513671875,205.724853515625,201.6332244873047,202.87899780273438
RELIANCE.NS,2013-12-27,203.1190185546875,204.33050537109375,200.44459533691406,200.89031982421875
RELIANCE.NS,2013-12-30,201.38177490234375,203.4047393798828,200.20457458496094,202.77613830566406
RELIANCE.NS,2013-12-31,202.9818572998047,205.32484436035156,202.77613830566406,204.62765502929688
RELIANCE.NS,2014-01-01,205.1419677734375,205.32484436035156,202.8904266357422,203.16473388671875
RELIANCE.NS,2014-01-02,202.9132843017578,204.81053161621094,198.89022827148438,200.01028442382812
RELIANCE.NS,2014-01-03,199.23309326171875,199.63311767578125,195.43861389160156,197.55300903320312
RELIANCE.NS,2014-01-06,197.06155395507812,197.32443237304688,194.2957000732422,195.42718505859375
RELIANCE.NS,2014-01-07,195.34718322753906,196.57009887695312,192.02130126953125,192.48989868164062
RELIANCE.NS,2014-01-08,193.01564025878906,195.9757843017578,193.01564025878906,194.07855224609375
RELIANCE.NS,2014-01-09,194.3985595703125,195.16432189941406,193.16421508789062,194.45570373535156
RELIANCE.NS,2014-01-10,193.9185333251953,200.30743408203125,193.83853149414062,196.15866088867188
RELIANCE.NS,2014-01-13,198.46734619140625,201.8389434814453,198.4102020263672,201.24462890625
RELIANCE.NS,2014-01-14,200.81031799316406,202.19325256347656,199.42739868164062,201.49607849121094
RELIANCE.NS,2014-01-15,202.2275390625,204.58193969726562,201.38177490234375,202.3989715576172
RELIANCE.NS,2014-01-16,203.14187622070312,204.193359375,201.62179565429688,202.55899047851562
RELIANCE.NS,2014-01-17,203.24473571777344,205.01625061035156,201.21034240722656,202.2389678955078
RELIANCE.NS,2014-01-20,202.7304229736328,203.21044921875,197.97589111328125,198.8102264404297
RELIANCE.NS,2014-01-21,199.47311401367188,199.6902618408203,197.0386962890625,197.27871704101562
RELIANCE.NS,2014-01-22,197.38157653808594,200.0902862548828,196.15866088867188,199.42739868164062
RELIANCE.NS,2014-01-23,196.71868896484375,199.16452026367188,196.71868896484375,197.90731811523438
RELIANCE.NS,2014-01-24,197.0386962890625,199.93028259277344,196.83297729492188,198.3302001953125
RELIANCE.NS,2014-01-27,195.66720581054688,196.764404296875,192.08987426757812,192.7299041748047
RELIANCE.NS,2014-01-28,193.60995483398438,195.66720581054688,192.62704467773438,193.11849975585938
RELIANCE.NS,2014-01-29,194.24998474121094,194.86715698242188,190.86695861816406,191.23268127441406
RELIANCE.NS,2014-01-30,190.04405212402344,190.6040802001953,187.9410858154297,188.58111572265625
RELIANCE.NS,2014-01-31,189.0382843017578,190.5126495361328,188.843994140625,189.98690795898438
RELIANCE.NS,2014-02-03,188.8554229736328,189.67831420898438,187.31248474121094,187.64393615722656
RELIANCE.NS,2014-02-04,186.18099975585938,188.95828247070312,185.87240600585938,187.79251098632812
RELIANCE.NS,2014-02-05,187.4610595703125,187.7810821533203,184.4437713623047,186.80960083007812
RELIANCE.NS,2014-02-06,187.43820190429688,188.37539672851562,184.7294921875,186.48959350585938
RELIANCE.NS,2014-02-07,187.91822814941406,188.30682373046875,185.28952026367188,186.16957092285156
RELIANCE.NS,2014-02-10,186.35243225097656,188.71827697753906,185.4152374267578,187.88394165039062
RELIANCE.NS,2014-02-11,188.12396240234375,188.58111572265625,183.49514770507812,184.0666046142578
RELIANCE.NS,2014-02-12,184.69520568847656,187.8725128173828,184.5580596923828,186.9581756591797
RELIANCE.NS,2014-02-13,187.186767578125,187.186767578125,184.02088928222656,184.5580596923828
RELIANCE.NS,2014-02-14,185.58668518066406,188.3525390625,184.69520568847656,187.90679931640625
RELIANCE.NS,2014-02-17,186.90103149414062,187.89537048339844,184.47805786132812,185.67811584472656
RELIANCE.NS,2014-02-18,184.48948669433594,186.94674682617188,184.48948669433594,185.87240600585938
RELIANCE.NS,2014-02-19,185.83811950683594,187.43820190429688,185.15237426757812,185.66668701171875
RELIANCE.NS,2014-02-20,185.4495391845703,185.99813842773438,183.5751495361328,184.11231994628906
RELIANCE.NS,2014-02-21,184.48948669433594,186.5238800048828,184.1466064453125,185.49525451660156
RELIANCE.NS,2014-02-24,184.70663452148438,186.2838592529297,184.07803344726562,185.68954467773438
RELIANCE.NS,2014-02-25,186.13528442382812,186.5238800048828,184.59234619140625,185.27809143066406
RELIANCE.NS,2014-02-26,185.38095092773438,186.71817016601562,184.75234985351562,185.3123779296875
RELIANCE.NS,2014-02-28,185.3123779296875,186.3752899169922,181.28932189941406,182.85511779785156
RELIANCE.NS,2014-03-03,182.889404296875,184.42091369628906,182.21507263183594,183.6437225341797
RELIANCE.NS,2014-03-04,183.5522918701172,186.2152862548828,183.4608612060547,185.82669067382812
RELIANCE.NS,2014-03-05,186.42100524902344,186.9810333251953,184.0437469482422,184.4666290283203
RELIANCE.NS,2014-03-06,185.00379943847656,188.4439697265625,184.99237060546875,187.99822998046875
RELIANCE.NS,2014-03-07,188.58111572265625,199.7816925048828,188.58111572265625,198.73020935058594
RELIANCE.NS,2014-03-10,197.747314453125,206.55918884277344,197.3587188720703,202.3989715576172
RELIANCE.NS,2014-03-11,202.29611206054688,202.93614196777344,199.34739685058594,199.95314025878906
RELIANCE.NS,2014-03-12,199.7816925048828,201.8160858154297,198.3302001953125,199.1759490966797
RELIANCE.NS,2014-03-13,200.01028442382812,204.52479553222656,199.94171142578125,201.0503387451172
RELIANCE.NS,2014-03-14,199.7816925048828,203.42759704589844,198.65020751953125,202.55899047851562
RELIANCE.NS,2014-03-18,203.32473754882812,207.73638916015625,203.32473754882812,204.91339111328125
RELIANCE.NS,2014-03-19,205.724853515625,207.9878387451172,204.6390838623047,206.41061401367188
RELIANCE.NS,2014-03-20,206.09059143066406,207.43923950195312,205.30198669433594,207.0963592529297
RELIANCE.NS,2014-03-21,207.32493591308594,208.7764434814453,201.6446533203125,202.47897338867188
RELIANCE.NS,2014-03-24,203.72476196289062,207.72496032714844,203.6904754638672,206.95921325683594
RELIANCE.NS,2014-03-25,200.92462158203125,201.7246551513672,199.43882751464844,200.99319458007812
RELIANCE.NS,2014-03-26,201.4389190673828,206.39918518066406,201.4160614013672,203.7133331298828
RELIANCE.NS,2014-03-27,204.5476531982422,206.8449249267578,203.91905212402344,205.89630126953125
RELIANCE.NS,2014-03-28,205.724853515625,210.28509521484375,205.724853515625,209.41647338867188
RELIANCE.NS,2014-03-31,209.4393310546875,214.8224639892578,208.74215698242188,212.75379943847656
RELIANCE.NS,2014-04-01,213.953857421875,216.0111083984375,212.42234802246094,215.46250915527344
RELIANCE.NS,2014-04-02,216.0111083984375,219.8970184326172,214.4338836669922,219.0283966064453
RELIANCE.NS,2014-04-03,218.70838928222656,220.11416625976562,214.95962524414062,217.759765625
RELIANCE.NS,2014-04-04,217.61119079589844,217.89691162109375,215.2224884033203,215.83966064453125
RELIANCE.NS,2014-04-07,215.7825164794922,218.28550720214844,213.57669067382812,215.81680297851562
RELIANCE.NS,2014-04-09,217.15402221679688,220.9713592529297,216.5025634765625,219.93130493164062
RELIANCE.NS,2014-04-10,220.51419067382812,222.61715698242188,219.94273376464844,221.50852966308594
RELIANCE.NS,2014-04-11,219.96559143066406,221.9656982421875,217.29116821289062,218.01119995117188
RELIANCE.NS,2014-04-15,217.15402221679688,218.068359375,214.09100341796875,216.9482879638672
RELIANCE.NS,2014-04-16,216.35397338867188,219.21127319335938,214.4338836669922,215.16534423828125
RELIANCE.NS,2014-04-17,216.0111083984375,219.85130310058594,215.73680114746094,219.234130859375
RELIANCE.NS,2014-04-21,221.71424865722656,221.71424865722656,218.54837036132812,219.34841918945312
RELIANCE.NS,2014-04-22,219.43984985351562,226.01161193847656,218.54837036132812,221.21136474609375
RELIANCE.NS,2014-04-23,221.49710083007812,224.4686737060547,220.4113311767578,221.07421875
RELIANCE.NS,2014-04-24,221.07421875,221.07421875,221.07421875,221.07421875
RELIANCE.NS,2014-04-25,221.26852416992188,221.49710083007812,216.23968505859375,216.75399780273438
RELIANCE.NS,2014-04-28,217.10830688476562,218.5255126953125,215.17677307128906,216.0111083984375
RELIANCE.NS,2014-04-29,216.25111389160156,217.55404663085938,214.41102600097656,214.936767578125
RELIANCE.NS,2014-04-30,215.75965881347656,219.43984985351562,212.3766326904297,213.90814208984375
RELIANCE.NS,2014-05-02,214.86819458007812,216.55970764160156,211.66802978515625,212.14804077148438
RELIANCE.NS,2014-05-05,211.43943786621094,219.0969696044922,211.43943786621094,216.43397521972656
RELIANCE.NS,2014-05-06,216.6739959716797,221.03993225097656,216.593994140625,220.2056121826172
RELIANCE.NS,2014-05-07,219.46270751953125,222.0457000732422,218.76553344726562,219.63414001464844
RELIANCE.NS,2014-05-08,220.14845275878906,221.74853515625,217.32545471191406,219.5084228515625
RELIANCE.NS,2014-05-09,218.47979736328125,228.35459899902344,218.47979736328125,228.03457641601562
RELIANCE.NS,2014-05-12,227.4174041748047,239.78375244140625,227.2345428466797,235.1435089111328
RELIANCE.NS,2014-05-13,237.72650146484375,244.30970764160156,236.46929931640625,243.07534790039062
RELIANCE.NS,2014-05-14,243.21250915527344,244.1268310546875,237.9779510498047,238.9837188720703
RELIANCE.NS,2014-05-15,238.9837188720703,242.2981719970703,237.55506896972656,240.78952026367188
RELIANCE.NS,2014-05-16,249.17852783203125,261.7848815917969,242.7781982421875,246.69839477539062
RELIANCE.NS,2014-05-19,249.38424682617188,257.09893798828125,248.44705200195312,256.02459716796875
RELIANCE.NS,2014-05-20,257.8189697265625,258.0704040527344,245.88693237304688,246.83554077148438
RELIANCE.NS,2014-05-21,246.83554077148438,252.11581420898438,245.44119262695312,246.5041046142578
RELIANCE.NS,2014-05-22,248.2413330078125,254.5045166015625,247.9441680908203,251.62435913085938
RELIANCE.NS,2014-05-23,254.08163452148438,258.75616455078125,251.89866638183594,257.7160949707031
RELIANCE.NS,2014-05-26,258.8704528808594,260.5848083496094,245.72691345214844,251.83009338378906
RELIANCE.NS,2014-05-27,252.1272430419922,253.27015686035156,245.74977111816406,248.68707275390625
RELIANCE.NS,2014-05-28,249.06422424316406,252.9501495361328,247.95559692382812,248.9042205810547
RELIANCE.NS,2014-05-29,249.7271270751953,249.93284606933594,244.2068328857422,245.39547729492188
RELIANCE.NS,2014-05-30,248.01275634765625,249.0870819091797,242.2981719970703,243.3725128173828
RELIANCE.NS,2014-06-02,245.66976928710938,248.75564575195312,243.50965881347656,247.37271118164062
RELIANCE.NS,2014-06-03,247.62416076660156,251.89866638183594,246.2640838623047,250.3900146484375
RELIANCE.NS,2014-06-04,249.76141357421875,251.8529510498047,246.0126495361328,246.29837036132812
RELIANCE.NS,2014-06-05,246.52696228027344,250.27572631835938,243.2696533203125,249.1328125
RELIANCE.NS,2014-06-06,253.1330108642578,258.9847412109375,252.37869262695312,256.561767578125
RELIANCE.NS,2014-06-09,258.2989807128906,258.9161682128906,254.2073516845703,256.618896484375
RELIANCE.NS,2014-06-10,258.40185546875,258.40185546875,251.5443572998047,255.62457275390625
RELIANCE.NS,2014-06-11,256.0131530761719,256.0131530761719,249.7271270751953,251.92152404785156
RELIANCE.NS,2014-06-12,251.11004638671875,254.52737426757812,247.80702209472656,250.10427856445312
RELIANCE.NS,2014-06-13,251.51007080078125,253.0415802001953,245.201171875,247.30413818359375
RELIANCE.NS,2014-06-16,247.78416442871094,247.78416442871094,241.64671325683594,243.5439453125
RELIANCE.NS,2014-06-17,241.86386108398438,249.9099884033203,241.86386108398438,249.16709899902344
RELIANCE.NS,2014-06-18,248.69850158691406,251.81866455078125,242.44674682617188,243.8411102294922
RELIANCE.NS,2014-06-19,245.4983367919922,245.71548461914062,235.80641174316406,238.20652770996094
RELIANCE.NS,2014-06-20,239.0751495361328,239.87518310546875,236.4121551513672,236.9264678955078
RELIANCE.NS,2014-06-23,237.04075622558594,238.8465576171875,234.0691680908203,237.25790405273438
RELIANCE.NS,2014-06-24,238.86941528320312,242.93820190429688,238.86941528320312,242.26388549804688
RELIANCE.NS,2014-06-25,241.76100158691406,242.14959716796875,239.58946228027344,240.2409210205078
RELIANCE.NS,2014-06-26,234.29776000976562,234.73207092285156,230.11468505859375,231.30331420898438
RELIANCE.NS,2014-06-27,230.86900329589844,233.9548797607422,230.22897338867188,231.34902954101562
RELIANCE.NS,2014-06-30,231.451904296875,233.15484619140625,228.5831756591797,232.10336303710938
RELIANCE.NS,2014-07-01,232.5148162841797,233.2805633544922,230.1718292236328,230.41184997558594
RELIANCE.NS,2014-07-02,232.46908569335938,234.83493041992188,231.326171875,232.75482177734375
RELIANCE.NS,2014-07-03,233.15484619140625,234.29776000976562,229.3832244873047,230.0689697265625
RELIANCE.NS,2014-07-04,229.72608947753906,236.9950408935547,229.33750915527344,235.88641357421875
RELIANCE.NS,2014-07-07,236.1264190673828,237.04075622558594,233.3834228515625,234.80064392089844
RELIANCE.NS,2014-07-08,234.52633666992188,236.46929931640625,226.29734802246094,227.45169067382812
RELIANCE.NS,2014-07-09,229.04034423828125,230.8461456298828,226.86880493164062,228.8003387451172
RELIANCE.NS,2014-07-10,228.64031982421875,233.49771118164062,224.25152587890625,227.94314575195312
RELIANCE.NS,2014-07-11,227.48597717285156,229.04034423828125,220.27418518066406,220.92564392089844
RELIANCE.NS,2014-07-14,221.40567016601562,222.84573364257812,219.0969696044922,219.83987426757812
RELIANCE.NS,2014-07-15,220.217041015625,224.0115203857422,220.13702392578125,222.2285614013672
RELIANCE.NS,2014-07-16,222.6400146484375,226.98309326171875,222.6400146484375,226.22877502441406
RELIANCE.NS,2014-07-17,225.84017944335938,228.17172241210938,224.08009338378906,224.58297729492188
RELIANCE.NS,2014-07-18,224.0115203857422,224.82298278808594,221.565673828125,223.26861572265625
RELIANCE.NS,2014-07-21,228.5831756591797,230.41184997558594,227.45169067382812,228.04600524902344
RELIANCE.NS,2014-07-22,229.4975128173828,236.3321533203125,228.83462524414062,235.65782165527344
RELIANCE.NS,2014-07-23,236.5950164794922,237.6807861328125,233.3948516845703,236.18356323242188
RELIANCE.NS,2014-07-24,235.440673828125,238.45797729492188,234.0691680908203,237.96652221679688
RELIANCE.NS,2014-07-25,238.1608123779297,238.4808349609375,230.19468688964844,233.57772827148438
RELIANCE.NS,2014-07-28,233.3834228515625,233.96630859375,228.94891357421875,229.86325073242188
RELIANCE.NS,2014-07-30,229.4975128173828,231.09759521484375,226.98309326171875,229.9889678955078
RELIANCE.NS,2014-07-31,230.40042114257812,233.13198852539062,229.04034423828125,230.0575408935547
RELIANCE.NS,2014-08-01,227.4402618408203,228.35459899902344,222.8686065673828,223.16575622558594
RELIANCE.NS,2014-08-04,224.24009704589844,226.22877502441406,223.10861206054688,225.15443420410156
RELIANCE.NS,2014-08-05,225.1772918701172,225.80589294433594,221.9542694091797,224.8915557861328
RELIANCE.NS,2014-08-06,225.13157653808594,228.26316833496094,223.897216796875,225.8744659423828
RELIANCE.NS,2014-08-07,226.06875610351562,227.828857421875,224.7772674560547,226.13734436035156
RELIANCE.NS,2014-08-08,223.9086456298828,224.81155395507812,222.43429565429688,224.1258087158203
RELIANCE.NS,2014-08-11,225.188720703125,225.6687469482422,223.4171905517578,224.1258087158203
RELIANCE.NS,2014-08-12,225.3830108642578,225.6001739501953,223.17718505859375,225.0172882080078
RELIANCE.NS,2014-08-13,224.76583862304688,227.80599975585938,224.0115203857422,226.33163452148438
RELIANCE.NS,2014-08-14,227.4402618408203,229.72608947753906,226.69737243652344,229.2574920654297
RELIANCE.NS,2014-08-18,228.83462524414062,232.1147918701172,228.01171875,231.56619262695312
RELIANCE.NS,2014-08-19,232.01193237304688,233.84059143066406,229.9775390625,230.70899963378906
RELIANCE.NS,2014-08-20,231.09759521484375,232.800537109375,227.520263671875,228.2060089111328
RELIANCE.NS,2014-08-21,228.5831756591797,229.4975128173828,226.32020568847656,227.46311950683594
RELIANCE.NS,2014-08-22,228.6060333251953,230.18325805664062,227.5088348388672,228.194580078125
RELIANCE.NS,2014-08-25,228.5831756591797,230.52613830566406,227.08595275878906,227.6231231689453
RELIANCE.NS,2014-08-26,227.66883850097656,227.88600158691406,224.697265625,227.06309509277344
RELIANCE.NS,2014-08-27,227.94314575195312,228.99462890625,225.5773162841797,227.14309692382812
RELIANCE.NS,2014-08-28,227.3488311767578,229.4975128173828,227.3488311767578,228.28602600097656
RELIANCE.NS,2014-09-01,229.5775146484375,233.3834228515625,227.57740783691406,231.8061981201172
RELIANCE.NS,2014-09-02,232.8119659423828,235.79498291015625,231.00616455078125,234.02345275878906
RELIANCE.NS,2014-09-03,234.33204650878906,236.80075073242188,233.40628051757812,235.72640991210938
RELIANCE.NS,2014-09-04,235.21209716796875,236.3321533203125,232.7205352783203,234.50347900390625
RELIANCE.NS,2014-09-05,234.91493225097656,236.22927856445312,233.2919921875,234.4463348388672
RELIANCE.NS,2014-09-08,236.3321533203125,237.5779266357422,234.98350524902344,237.2007598876953
RELIANCE.NS,2014-09-09,235.9207000732422,238.02366638183594,235.0292205810547,236.1264190673828
RELIANCE.NS,2014-09-10,235.01779174804688,235.23495483398438,231.4633331298828,232.2062225341797
RELIANCE.NS,2014-09-11,233.22341918945312,235.440673828125,230.41184997558594,233.01768493652344
RELIANCE.NS,2014-09-12,232.8119659423828,234.0691680908203,231.20045471191406,232.14907836914062
RELIANCE.NS,2014-09-15,230.6632843017578,231.326171875,228.811767578125,229.21177673339844
RELIANCE.NS,2014-09-16,228.9031982421875,229.53179931640625,223.2114715576172,223.87435913085938
RELIANCE.NS,2014-09-17,225.13157653808594,226.42306518554688,223.77149963378906,225.98875427246094
RELIANCE.NS,2014-09-18,225.15443420410156,230.86900329589844,224.85726928710938,229.70323181152344
RELIANCE.NS,2014-09-19,229.95468139648438,232.19479370117188,226.5259246826172,227.54312133789062
RELIANCE.NS,2014-09-22,226.98309326171875,227.66883850097656,225.7716064453125,226.6516571044922
RELIANCE.NS,2014-09-23,226.68594360351562,227.54312133789062,220.13702392578125,220.77706909179688
RELIANCE.NS,2014-09-24,221.3828125,222.66287231445312,218.38836669921875,220.5941925048828
RELIANCE.NS,2014-09-25,220.83421325683594,221.22279357910156,210.9022674560547,212.54806518554688
RELIANCE.NS,2014-09-26,212.35377502441406,215.24534606933594,209.67935180664062,213.32525634765625
RELIANCE.NS,2014-09-29,214.17100524902344,215.48536682128906,212.4909210205078,213.30239868164062
RELIANCE.NS,2014-09-30,212.12518310546875,216.79971313476562,211.45086669921875,216.17111206054688
RELIANCE.NS,2014-10-01,215.6910858154297,216.14825439453125,211.66802978515625,211.94232177734375
RELIANCE.NS,2014-10-07,211.95375061035156,213.70240783691406,211.0851287841797,211.7023162841797
RELIANCE.NS,2014-10-08,210.5594024658203,215.2110595703125,210.5594024658203,214.11386108398438
RELIANCE.NS,2014-10-09,214.4567413330078,218.81124877929688,214.4567413330078,218.21693420410156
RELIANCE.NS,2014-10-10,216.46827697753906,221.49710083007812,213.97671508789062,219.5884246826172
RELIANCE.NS,2014-10-13,219.85130310058594,220.52561950683594,216.70828247070312,218.95982360839844
RELIANCE.NS,2014-10-14,223.78292846679688,223.78292846679688,219.11984252929688,219.7255859375
RELIANCE.NS,2014-10-15,219.7255859375,219.7255859375,219.7255859375,219.7255859375
RELIANCE.NS,2014-10-16,217.53118896484375,218.7312469482422,212.12518310546875,212.81094360351562
RELIANCE.NS,2014-10-17,213.953857421875,215.0167694091797,211.4851531982422,214.38816833496094
RELIANCE.NS,2014-10-20,214.5253143310547,215.00534057617188,208.364990234375,213.7366943359375
RELIANCE.NS,2014-10-21,213.5538330078125,214.18243408203125,211.91946411132812,212.43377685546875
RELIANCE.NS,2014-10-22,213.7481231689453,217.33688354492188,213.30239868164062,216.15968322753906
RELIANCE.NS,2014-10-27,220.34275817871094,220.34275817871094,214.13671875,215.17677307128906
RELIANCE.NS,2014-10-28,215.11962890625,215.32534790039062,211.69088745117188,213.50811767578125
RELIANCE.NS,2014-10-29,214.09100341796875,217.9311981201172,213.53097534179688,217.51974487304688
RELIANCE.NS,2014-10-30,216.6968536376953,224.36581420898438,216.4911346435547,223.84007263183594
RELIANCE.NS,2014-10-31,224.43438720703125,229.42893981933594,224.43438720703125,228.70889282226562
RELIANCE.NS,2014-11-03,229.4975128173828,230.6404266357422,226.33163452148438,229.12034606933594
RELIANCE.NS,2014-11-05,229.04034423828125,230.52613830566406,225.93161010742188,226.59449768066406
RELIANCE.NS,2014-11-07,226.40020751953125,227.520263671875,223.56578063964844,224.1258087158203
RELIANCE.NS,2014-11-10,224.65155029296875,226.2516326904297,221.09707641601562,221.5771026611328
RELIANCE.NS,2014-11-11,222.27427673339844,225.79446411132812,220.86849975585938,223.48577880859375
RELIANCE.NS,2014-11-12,224.45724487304688,224.697265625,221.42852783203125,222.6514434814453
RELIANCE.NS,2014-11-13,222.6400146484375,223.96580505371094,220.217041015625,221.5542449951172
RELIANCE.NS,2014-11-14,221.49710083007812,223.49720764160156,220.5941925048828,221.53138732910156
RELIANCE.NS,2014-11-17,220.8113555908203,225.73731994628906,220.8113555908203,225.2001495361328
RELIANCE.NS,2014-11-18,225.25729370117188,228.05743408203125,225.2001495361328,225.98875427246094
RELIANCE.NS,2014-11-19,225.98875427246094,226.7545166015625,223.2114715576172,223.58863830566406
RELIANCE.NS,2014-11-20,223.55435180664062,224.85726928710938,221.79425048828125,224.18295288085938
RELIANCE.NS,2014-11-21,224.05723571777344,228.811767578125,224.05723571777344,228.05743408203125
RELIANCE.NS,2014-11-24,228.62889099121094,229.53179931640625,224.4001007080078,225.23443603515625
RELIANCE.NS,2014-11-25,225.1772918701172,227.4174041748047,222.48001098632812,226.98309326171875
RELIANCE.NS,2014-11-26,226.7430877685547,226.98309326171875,224.6058349609375,225.62303161621094
RELIANCE.NS,2014-11-27,226.29734802246094,226.98309326171875,224.7086944580078,225.98875427246094
RELIANCE.NS,2014-11-28,226.22877502441406,232.54910278320312,224.74298095703125,226.6630859375
RELIANCE.NS,2014-12-01,226.06875610351562,226.7430877685547,219.1083984375,219.8055877685547
RELIANCE.NS,2014-12-02,219.8970184326172,222.01141357421875,218.98268127441406,220.04559326171875
RELIANCE.NS,2014-12-03,219.1083984375,222.6400146484375,219.1083984375,221.34852600097656
RELIANCE.NS,2014-12-04,221.2913818359375,222.85716247558594,218.45693969726562,219.1083984375
RELIANCE.NS,2014-12-05,219.66842651367188,221.03993225097656,218.31979370117188,218.8341064453125
RELIANCE.NS,2014-12-08,219.43984985351562,220.09130859375,215.38250732421875,215.91966247558594
RELIANCE.NS,2014-12-09,215.09677124023438,217.31402587890625,212.81094360351562,214.83389282226562
RELIANCE.NS,2014-12-10,212.91380310058594,215.08534240722656,212.5823516845703,213.1652374267578
RELIANCE.NS,2014-12-11,212.35377502441406,212.35377502441406,206.49061584472656,207.13064575195312
RELIANCE.NS,2014-12-12,207.32493591308594,208.23927307128906,201.00462341308594,201.69036865234375
RELIANCE.NS,2014-12-15,200.68460083007812,201.5646514892578,199.32452392578125,200.87889099121094
RELIANCE.NS,2014-12-16,200.42173767089844,201.89608764648438,196.51295471191406,197.6330108642578
RELIANCE.NS,2014-12-17,197.78160095214844,199.9874267578125,197.59872436523438,198.75306701660156
RELIANCE.NS,2014-12-18,201.50750732421875,202.25039672851562,197.64443969726562,201.17605590820312
RELIANCE.NS,2014-12-19,202.3189697265625,207.64495849609375,201.7246551513672,205.8505859375
RELIANCE.NS,2014-12-22,206.18202209472656,207.2792205810547,203.66761779785156,206.8449249267578
RELIANCE.NS,2014-12-23,206.26202392578125,206.67347717285156,203.85047912597656,204.2962188720703
RELIANCE.NS,2014-12-24,204.2962188720703,205.07339477539062,201.1531982421875,202.10182189941406
RELIANCE.NS,2014-12-26,202.66184997558594,204.04476928710938,201.17605590820312,203.17616271972656
RELIANCE.NS,2014-12-29,203.09616088867188,205.50770568847656,202.74185180664062,205.0391082763672
RELIANCE.NS,2014-12-30,205.0619659423828,205.359130859375,200.4903106689453,201.18748474121094
RELIANCE.NS,2014-12-31,201.1531982421875,204.33050537109375,200.93605041503906,203.701904296875
RELIANCE.NS,2015-01-01,202.59327697753906,203.8961944580078,201.98751831054688,202.95899963378906
RELIANCE.NS,2015-01-02,203.0047149658203,204.82196044921875,202.1361083984375,202.4218292236328
RELIANCE.NS,2015-01-05,202.29611206054688,203.64476013183594,199.80455017089844,200.20457458496094
RELIANCE.NS,2015-01-06,198.86737060546875,199.55311584472656,190.1811981201172,191.11839294433594
RELIANCE.NS,2015-01-07,191.34698486328125,196.30723571777344,191.32412719726562,195.2786102294922
RELIANCE.NS,2015-01-08,196.60438537597656,197.2444305419922,192.04415893554688,192.4784698486328
RELIANCE.NS,2015-01-09,193.92996215820312,197.0386962890625,193.1527862548828,196.6501007080078
RELIANCE.NS,2015-01-12,196.69583129882812,196.81011962890625,192.3756103515625,194.36427307128906
RELIANCE.NS,2015-01-13,194.9814453125,195.42718505859375,192.12416076660156,192.7299041748047
RELIANCE.NS,2015-01-14,192.69561767578125,193.60995483398438,189.9983367919922,190.85552978515625
RELIANCE.NS,2015-01-15,192.00987243652344,199.11880493164062,192.00987243652344,197.55300903320312
RELIANCE.NS,2015-01-16,196.58152770996094,200.01028442382812,194.76429748535156,198.79879760742188
RELIANCE.NS,2015-01-19,198.9130859375,202.52468872070312,196.29580688476562,201.0731964111328
RELIANCE.NS,2015-01-20,201.49607849121094,206.99349975585938,200.89031982421875,206.4220428466797
RELIANCE.NS,2015-01-21,206.86778259277344,208.33070373535156,203.90762329101562,207.26779174804688
RELIANCE.NS,2015-01-22,206.90206909179688,207.37066650390625,201.03890991210938,202.01039123535156
RELIANCE.NS,2015-01-23,203.43902587890625,205.2219696044922,200.4674530029297,202.7304229736328
RELIANCE.NS,2015-01-27,204.10191345214844,204.9705352783203,201.26748657226562,203.2218780517578
RELIANCE.NS,2015-01-28,202.54754638671875,207.96498107910156,202.54754638671875,207.2906494140625
RELIANCE.NS,2015-01-29,207.34779357910156,213.61097717285156,207.3020782470703,212.44520568847656
RELIANCE.NS,2015-01-30,212.5823516845703,212.8680877685547,207.7821044921875,209.21075439453125
RELIANCE.NS,2015-02-02,209.39361572265625,210.27366638183594,207.0277862548828,207.56495666503906
RELIANCE.NS,2015-02-03,208.74215698242188,215.06248474121094,208.74215698242188,214.31959533691406
RELIANCE.NS,2015-02-04,214.66246032714844,215.73680114746094,211.64517211914062,212.3080596923828
RELIANCE.NS,2015-02-05,213.953857421875,214.84532165527344,209.7479248046875,211.1422882080078
RELIANCE.NS,2015-02-06,211.2337188720703,212.5823516845703,206.41061401367188,207.9878387451172
RELIANCE.NS,2015-02-09,205.99916076660156,209.83935546875,203.8961944580078,204.9705352783203
RELIANCE.NS,2015-02-10,205.2677001953125,206.75347900390625,196.87869262695312,201.61036682128906
RELIANCE.NS,2015-02-11,202.52468872070312,206.81063842773438,201.8389434814453,205.88487243652344
RELIANCE.NS,2015-02-12,207.55352783203125,208.91358947753906,202.8104248046875,207.81639099121094
RELIANCE.NS,2015-02-13,208.92501831054688,210.47938537597656,207.7935333251953,209.72506713867188
RELIANCE.NS,2015-02-16,209.99935913085938,211.25657653808594,205.724853515625,206.36489868164062
RELIANCE.NS,2015-02-18,205.724853515625,207.55352783203125,204.44479370117188,206.10202026367188
RELIANCE.NS,2015-02-19,207.31350708007812,207.46209716796875,202.87899780273438,206.19345092773438
RELIANCE.NS,2015-02-20,204.6390838623047,204.81053161621094,199.16452026367188,199.5759735107422
RELIANCE.NS,2015-02-23,198.85594177246094,200.41030883789062,193.6328125,194.6271514892578
RELIANCE.NS,2015-02-24,195.26718139648438,195.85006713867188,191.32412719726562,192.34130859375
RELIANCE.NS,2015-02-25,194.0214080810547,195.781494140625,192.2498779296875,192.7299041748047
RELIANCE.NS,2015-02-26,193.4042205810547,194.2957000732422,191.23268127441406,192.467041015625
RELIANCE.NS,2015-02-27,193.7356719970703,196.81011962890625,193.0613555908203,195.5643310546875
RELIANCE.NS,2015-03-02,198.63877868652344,200.12457275390625,195.5643310546875,197.55300903320312
RELIANCE.NS,2015-03-03,198.63877868652344,207.19921875,198.27305603027344,205.90773010253906
RELIANCE.NS,2015-03-04,207.0963592529297,207.93069458007812,201.1646270751953,202.94757080078125
RELIANCE.NS,2015-03-05,204.01048278808594,205.4391326904297,200.73031616210938,202.28468322753906
RELIANCE.NS,2015-03-09,202.3189697265625,203.83905029296875,197.5301513671875,198.787353515625
RELIANCE.NS,2015-03-10,198.62734985351562,200.19314575195312,195.53004455566406,196.38723754882812
RELIANCE.NS,2015-03-11,196.79869079589844,198.7759246826172,194.84429931640625,195.65577697753906
RELIANCE.NS,2015-03-12,196.12437438964844,198.27305603027344,195.5757598876953,197.4501495361328
RELIANCE.NS,2015-03-13,198.63877868652344,198.7759246826172,193.60995483398438,194.3185577392578
RELIANCE.NS,2015-03-16,194.63858032226562,195.1986083984375,192.0784454345703,192.48989868164062
RELIANCE.NS,2015-03-17,194.42141723632812,196.5586700439453,192.2384490966797,195.8614959716797
RELIANCE.NS,2015-03-18,195.89578247070312,199.38168334960938,195.3700408935547,198.55877685546875
RELIANCE.NS,2015-03-19,200.13600158691406,200.39886474609375,195.23289489746094,195.7014923095703
RELIANCE.NS,2015-03-20,196.10150146484375,196.8444061279297,193.97567749023438,195.23289489746094
RELIANCE.NS,2015-03-23,195.781494140625,197.49586486816406,191.5755615234375,192.4556121826172
RELIANCE.NS,2015-03-24,192.48989868164062,195.2786102294922,192.48989868164062,193.8271026611328
RELIANCE.NS,2015-03-25,194.06712341308594,194.18141174316406,192.2384490966797,193.1299285888672
RELIANCE.NS,2015-03-26,192.2613067626953,194.124267578125,188.37539672851562,189.56402587890625
RELIANCE.NS,2015-03-27,190.61550903320312,190.86695861816406,183.19798278808594,185.5409698486328
RELIANCE.NS,2015-03-30,186.66102600097656,186.91246032714844,182.05506896972656,185.3238067626953
RELIANCE.NS,2015-03-31,186.9810333251953,190.38693237304688,186.9810333251953,188.80970764160156
RELIANCE.NS,2015-04-01,188.55825805664062,191.78128051757812,185.86097717285156,191.10696411132812
RELIANCE.NS,2015-04-06,191.0955352783203,191.55270385742188,187.7582244873047,188.50111389160156
RELIANCE.NS,2015-04-07,188.82113647460938,191.11839294433594,188.82113647460938,190.37550354003906
RELIANCE.NS,2015-04-08,190.52407836914062,198.75306701660156,190.38693237304688,197.93017578125
RELIANCE.NS,2015-04-09,197.8387451171875,205.49627685546875,196.30723571777344,204.60479736328125
RELIANCE.NS,2015-04-10,204.5705108642578,207.73638916015625,203.23330688476562,206.7191925048828
RELIANCE.NS,2015-04-13,207.2792205810547,211.38229370117188,205.4391326904297,210.86798095703125
RELIANCE.NS,2015-04-15,210.5251007080078,214.77674865722656,207.37066650390625,211.130859375
RELIANCE.NS,2015-04-16,211.3251495361328,214.41102600097656,210.0679473876953,212.2052001953125
RELIANCE.NS,2015-04-17,213.7366943359375,215.85108947753906,210.89083862304688,211.86231994628906
RELIANCE.NS,2015-04-20,214.25100708007812,214.28529357910156,200.81031799316406,202.44468688964844
RELIANCE.NS,2015-04-21,203.4733123779297,204.6962432861328,199.42739868164062,200.3417205810547
RELIANCE.NS,2015-04-22,201.58750915527344,202.69613647460938,198.18161010742188,201.09605407714844
RELIANCE.NS,2015-04-23,202.0332489013672,203.3018798828125,198.65020751953125,200.4788818359375
RELIANCE.NS,2015-04-24,200.4674530029297,202.17039489746094,198.55877685546875,200.90174865722656
RELIANCE.NS,2015-04-27,201.1646270751953,202.86756896972656,199.1988067626953,200.078857421875
RELIANCE.NS,2015-04-28,199.94171142578125,201.61036682128906,196.25009155273438,197.77017211914062
RELIANCE.NS,2015-04-29,197.0386962890625,198.9930877685547,193.70138549804688,194.2957000732422
RELIANCE.NS,2015-04-30,194.2957000732422,197.93017578125,193.8271026611328,197.1186981201172
RELIANCE.NS,2015-05-04,197.99874877929688,204.33050537109375,196.69583129882812,203.65618896484375
RELIANCE.NS,2015-05-05,204.2847900390625,206.1363067626953,202.3189697265625,203.93048095703125
RELIANCE.NS,2015-05-06,203.43902587890625,204.98196411132812,199.32452392578125,201.21034240722656
RELIANCE.NS,2015-05-07,200.01028442382812,200.79888916015625,196.58152770996094,199.03880310058594
RELIANCE.NS,2015-05-08,199.095947265625,204.2962188720703,196.83297729492188,203.37045288085938
RELIANCE.NS,2015-05-11,204.09048461914062,205.59913635253906,201.9303741455078,204.79910278320312
RELIANCE.NS,2015-05-12,204.55908203125,204.55908203125,197.7587432861328,198.57020568847656
RELIANCE.NS,2015-05-13,199.63311767578125,203.1304473876953,195.94149780273438,202.3189697265625
RELIANCE.NS,2015-05-14,202.52468872070312,202.57041931152344,198.93594360351562,200.7417449951172
RELIANCE.NS,2015-05-15,201.58750915527344,202.74185180664062,198.89022827148438,199.770263671875
RELIANCE.NS,2015-05-18,199.9874267578125,204.35336303710938,199.37025451660156,203.7933349609375
RELIANCE.NS,2015-05-19,203.72476196289062,206.81063842773438,202.66184997558594,204.70767211914062
RELIANCE.NS,2015-05-20,205.81629943847656,208.23927307128906,205.19911193847656,207.74781799316406
RELIANCE.NS,2015-05-21,208.29641723632812,209.2450408935547,204.376220703125,204.98196411132812
RELIANCE.NS,2015-05-22,205.0391082763672,207.0049285888672,205.0391082763672,206.6049041748047
RELIANCE.NS,2015-05-25,205.724853515625,207.55352783203125,203.9761962890625,204.4676513671875
RELIANCE.NS,2015-05-26,204.58193969726562,204.81053161621094,201.77037048339844,202.20468139648438
RELIANCE.NS,2015-05-27,202.52468872070312,203.64476013183594,201.19891357421875,202.36468505859375
RELIANCE.NS,2015-05-28,202.4904022216797,204.41050720214844,199.32452392578125,200.19314575195312
RELIANCE.NS,2015-05-29,201.13034057617188,202.6275634765625,199.5759735107422,200.4674530029297
RELIANCE.NS,2015-06-01,201.1531982421875,206.8449249267578,200.69602966308594,206.23916625976562
RELIANCE.NS,2015-06-02,207.03921508789062,210.022216796875,203.77047729492188,205.41627502441406
RELIANCE.NS,2015-06-03,205.49627685546875,208.11355590820312,203.09616088867188,204.89053344726562
RELIANCE.NS,2015-06-04,206.68490600585938,209.4279022216797,204.02191162109375,208.62786865234375
RELIANCE.NS,2015-06-05,207.9878387451172,209.59934997558594,206.74205017089844,207.4963836669922
RELIANCE.NS,2015-06-08,207.2792205810547,208.0106964111328,201.86180114746094,202.3989715576172
RELIANCE.NS,2015-06-09,201.96466064453125,203.5876007080078,200.54745483398438,201.99896240234375
RELIANCE.NS,2015-06-10,202.52468872070312,207.9878387451172,202.29611206054688,207.05064392089844
RELIANCE.NS,2015-06-11,207.0963592529297,207.8964080810547,199.70169067382812,200.50173950195312
RELIANCE.NS,2015-06-12,200.92462158203125,204.0561981201172,200.753173828125,203.4047393798828
RELIANCE.NS,2015-06-15,204.55908203125,206.86778259277344,203.43902587890625,206.1248779296875
RELIANCE.NS,2015-06-16,205.49627685546875,206.86778259277344,204.17050170898438,206.6277618408203
RELIANCE.NS,2015-06-17,206.87921142578125,215.40536499023438,204.35336303710938,212.85665893554688
RELIANCE.NS,2015-06-18,213.1652374267578,224.4686737060547,213.15380859375,223.77149963378906
RELIANCE.NS,2015-06-19,224.58297729492188,230.04611206054688,224.58297729492188,227.8174285888672
RELIANCE.NS,2015-06-22,227.88600158691406,230.5718536376953,225.49729919433594,226.68594360351562
RELIANCE.NS,2015-06-23,226.90309143066406,229.20034790039062,226.5259246826172,227.4402618408203
RELIANCE.NS,2015-06-24,227.4402618408203,230.0575408935547,225.53158569335938,226.50306701660156
RELIANCE.NS,2015-06-25,225.61160278320312,230.6404266357422,225.15443420410156,229.62322998046875
RELIANCE.NS,2015-06-26,228.56031799316406,231.8061981201172,227.5316925048828,228.74319458007812
RELIANCE.NS,2015-06-29,225.81732177734375,227.17739868164062,222.18284606933594,226.49163818359375
RELIANCE.NS,2015-06-30,226.2744903564453,229.23463439941406,225.84017944335938,228.6060333251953
RELIANCE.NS,2015-07-01,228.811767578125,230.9718780517578,228.811767578125,229.8746795654297
RELIANCE.NS,2015-07-02,230.6404266357422,233.0977020263672,230.20611572265625,231.0633087158203
RELIANCE.NS,2015-07-03,230.81185913085938,231.7376251220703,229.2803497314453,230.22897338867188
RELIANCE.NS,2015-07-06,227.69171142578125,232.9033966064453,227.48597717285156,232.1376495361328
RELIANCE.NS,2015-07-07,231.09759521484375,232.37765502929688,228.5831756591797,229.32608032226562
RELIANCE.NS,2015-07-08,227.63455200195312,230.5718536376953,226.6745147705078,227.80599975585938
RELIANCE.NS,2015-07-09,227.66883850097656,228.811767578125,224.73155212402344,225.70303344726562
RELIANCE.NS,2015-07-10,226.5487823486328,229.4975128173828,226.3544921875,228.99462890625
RELIANCE.NS,2015-07-13,228.99462890625,231.4404754638672,227.47454833984375,230.18325805664062
RELIANCE.NS,2015-07-14,230.61756896972656,231.21188354492188,227.48597717285156,228.08029174804688
RELIANCE.NS,2015-07-15,228.52603149414062,231.87477111816406,228.48031616210938,231.1318817138672
RELIANCE.NS,2015-07-16,231.326171875,234.9377899169922,231.1318817138672,234.00059509277344
RELIANCE.NS,2015-07-17,234.3549041748047,235.7035369873047,232.6976776123047,233.54342651367188
RELIANCE.NS,2015-07-20,234.9377899169922,235.4292449951172,232.67481994628906,234.24061584472656
RELIANCE.NS,2015-07-21,234.98350524902344,235.08636474609375,229.21177673339844,230.36611938476562
RELIANCE.NS,2015-07-22,229.72608947753906,240.9152374267578,229.63465881347656,240.10377502441406
RELIANCE.NS,2015-07-23,240.8123779296875,244.09254455566406,238.0008087158203,238.93800354003906
RELIANCE.NS,2015-07-24,239.55517578125,239.9323272705078,233.40628051757812,234.30918884277344
RELIANCE.NS,2015-07-27,234.27490234375,235.41781616210938,228.9832000732422,229.80609130859375
RELIANCE.NS,2015-07-28,230.4804229736328,232.4005126953125,228.6060333251953,230.92616271972656
RELIANCE.NS,2015-07-29,230.7547149658203,231.48619079589844,226.77737426757812,227.66883850097656
RELIANCE.NS,2015-07-30,228.6060333251953,230.41184997558594,226.82308959960938,228.61746215820312
RELIANCE.NS,2015-07-31,228.5831756591797,230.3889923095703,226.29734802246094,229.0060577392578
RELIANCE.NS,2015-08-03,228.811767578125,231.74905395507812,228.44602966308594,229.14320373535156
RELIANCE.NS,2015-08-04,229.36036682128906,229.8746795654297,224.0115203857422,225.84017944335938
RELIANCE.NS,2015-08-05,225.89732360839844,228.76605224609375,224.94869995117188,225.7830352783203
RELIANCE.NS,2015-08-06,226.5259246826172,226.7545166015625,223.4400634765625,223.77149963378906
RELIANCE.NS,2015-08-07,223.78292846679688,227.21168518066406,223.36004638671875,225.005859375
RELIANCE.NS,2015-08-10,225.04014587402344,226.02304077148438,220.46847534179688,221.4742431640625
RELIANCE.NS,2015-08-11,221.9542694091797,222.5600128173828,218.98268127441406,220.8113555908203
RELIANCE.NS,2015-08-12,220.26275634765625,220.8113555908203,214.99391174316406,215.5310821533203
RELIANCE.NS,2015-08-13,216.46827697753906,218.0569305419922,212.44520568847656,213.34811401367188
RELIANCE.NS,2015-08-14,214.9253387451172,222.18284606933594,213.5652618408203,221.02850341796875
RELIANCE.NS,2015-08-17,220.8113555908203,220.8113555908203,216.25111389160156,217.31402587890625
RELIANCE.NS,2015-08-18,218.5255126953125,218.5255126953125,215.37107849121094,215.8053741455078
RELIANCE.NS,2015-08-19,215.7825164794922,219.66842651367188,214.74246215820312,218.20550537109375
RELIANCE.NS,2015-08-20,219.4284210205078,219.4284210205078,208.8678741455078,209.4507598876953
RELIANCE.NS,2015-08-21,208.0106964111328,208.44500732421875,205.0391082763672,207.54209899902344
RELIANCE.NS,2015-08-24,201.1531982421875,201.1531982421875,186.9810333251953,189.6211700439453
RELIANCE.NS,2015-08-25,192.20416259765625,196.73011779785156,188.169677734375,193.87281799316406
RELIANCE.NS,2015-08-26,193.79281616210938,199.96456909179688,192.00987243652344,195.07289123535156
RELIANCE.NS,2015-08-27,198.13589477539062,201.4389190673828,195.90721130371094,198.67306518554688
RELIANCE.NS,2015-08-28,200.01028442382812,201.8389434814453,197.97589111328125,199.4159698486328
RELIANCE.NS,2015-08-31,199.51882934570312,199.51882934570312,195.16432189941406,195.64434814453125
RELIANCE.NS,2015-09-01,195.1871795654297,195.1871795654297,190.8898162841797,191.9755859375
RELIANCE.NS,2015-09-02,194.2957000732422,195.91864013671875,192.60418701171875,194.19284057617188
RELIANCE.NS,2015-09-03,195.22146606445312,196.7529754638672,193.01564025878906,195.17575073242188
RELIANCE.NS,2015-09-04,194.2271270751953,194.2271270751953,188.60397338867188,191.0726776123047
RELIANCE.NS,2015-09-07,191.60984802246094,192.92420959472656,189.19830322265625,190.45550537109375
RELIANCE.NS,2015-09-08,191.0955352783203,194.9700164794922,188.60397338867188,193.97567749023438
RELIANCE.NS,2015-09-09,196.81011962890625,200.8560333251953,194.4099884033203,199.79312133789062
RELIANCE.NS,2015-09-10,196.81011962890625,198.98165893554688,195.5529022216797,198.18161010742188
RELIANCE.NS,2015-09-11,199.32452392578125,200.26171875,195.71292114257812,196.79869079589844
RELIANCE.NS,2015-09-14,196.98155212402344,197.88446044921875,194.73001098632812,197.46157836914062
RELIANCE.NS,2015-09-15,197.0386962890625,198.86737060546875,195.5757598876953,198.18161010742188
RELIANCE.NS,2015-09-16,199.34739685058594,200.54745483398438,197.77017211914062,199.45025634765625
RELIANCE.NS,2015-09-18,200.79888916015625,205.61056518554688,200.50173950195312,204.6733856201172
RELIANCE.NS,2015-09-21,201.1531982421875,203.02757263183594,200.2502899169922,200.71888732910156
RELIANCE.NS,2015-09-22,201.1531982421875,202.27325439453125,193.0384979248047,193.815673828125
RELIANCE.NS,2015-09-23,192.69561767578125,195.85006713867188,192.00987243652344,194.37570190429688
RELIANCE.NS,2015-09-24,193.83853149414062,193.83853149414062,190.809814453125,191.4041290283203
RELIANCE.NS,2015-09-28,191.9641571044922,192.21559143066406,189.4268798828125,190.6955108642578
RELIANCE.NS,2015-09-29,189.7240447998047,194.35284423828125,188.8325653076172,192.18130493164062
RELIANCE.NS,2015-09-30,194.5242919921875,197.67872619628906,191.6669921875,197.10726928710938
RELIANCE.NS,2015-10-01,199.770263671875,199.770263671875,196.2615203857422,197.65586853027344
RELIANCE.NS,2015-10-05,197.22157287597656,203.43902587890625,197.00440979003906,202.9818572998047
RELIANCE.NS,2015-10-06,204.73052978515625,205.8391571044922,202.46754455566406,205.2791290283203
RELIANCE.NS,2015-10-07,204.51336669921875,209.8507843017578,203.66761779785156,208.87930297851562
RELIANCE.NS,2015-10-08,209.13075256347656,209.13075256347656,202.58184814453125,203.23330688476562
RELIANCE.NS,2015-10-09,204.3647918701172,206.97064208984375,201.49607849121094,202.83328247070312
RELIANCE.NS,2015-10-12,202.9818572998047,206.09059143066406,202.9818572998047,203.83905029296875
RELIANCE.NS,2015-10-13,202.3075408935547,204.8791046142578,201.8160858154297,204.26193237304688
RELIANCE.NS,2015-10-14,204.7648162841797,206.86778259277344,204.34193420410156,206.39918518066406
RELIANCE.NS,2015-10-15,207.48495483398438,208.23927307128906,205.7477264404297,206.57061767578125
RELIANCE.NS,2015-10-16,206.75347900390625,209.10789489746094,206.57061767578125,209.10789489746094
RELIANCE.NS,2015-10-19,215.09677124023438,220.69705200195312,215.09677124023438,220.23989868164062
RELIANCE.NS,2015-10-20,220.582763671875,220.9713592529297,217.8397674560547,218.68553161621094
RELIANCE.NS,2015-10-21,218.41122436523438,222.8228759765625,217.8397674560547,218.29693603515625
RELIANCE.NS,2015-10-23,220.34275817871094,222.42286682128906,215.1310577392578,218.4455108642578
RELIANCE.NS,2015-10-26,219.87416076660156,220.12559509277344,215.16534423828125,215.5196533203125
RELIANCE.NS,2015-10-27,214.59388732910156,216.75399780273438,214.27386474609375,214.76531982421875
RELIANCE.NS,2015-10-28,214.15957641601562,215.98825073242188,212.5594940185547,214.17100524902344
RELIANCE.NS,2015-10-29,213.953857421875,216.0111083984375,213.71383666992188,215.09677124023438
RELIANCE.NS,2015-10-30,215.34820556640625,218.50265502929688,214.89105224609375,216.62828063964844
RELIANCE.NS,2015-11-02,216.92543029785156,219.78273010253906,216.05682373046875,219.39413452148438
RELIANCE.NS,2015-11-03,220.18275451660156,221.82855224609375,219.7255859375,221.0856475830078
RELIANCE.NS,2015-11-04,221.26852416992188,222.8686065673828,216.285400390625,217.451171875
RELIANCE.NS,2015-11-05,216.92543029785156,217.38259887695312,213.2681121826172,214.09100341796875
RELIANCE.NS,2015-11-06,214.74246215820312,218.2397918701172,214.38816833496094,217.70262145996094
RELIANCE.NS,2015-11-09,213.3824005126953,220.582763671875,211.0851287841797,219.7255859375
RELIANCE.NS,2015-11-10,218.7541046142578,219.3255615234375,209.4507598876953,210.9251251220703
RELIANCE.NS,2015-11-13,209.1650390625,214.5367431640625,209.03932189941406,213.279541015625
RELIANCE.NS,2015-11-16,211.66802978515625,215.32534790039062,211.38229370117188,213.5652618408203
RELIANCE.NS,2015-11-17,214.42245483398438,214.6167449951172,211.7137451171875,212.0680389404297
RELIANCE.NS,2015-11-18,212.03375244140625,212.8795166015625,207.999267578125,208.46786499023438
RELIANCE.NS,2015-11-19,210.0450897216797,214.57102966308594,209.6679229736328,213.66812133789062
RELIANCE.NS,2015-11-20,213.49668884277344,217.79405212402344,211.56515502929688,216.43397521972656
RELIANCE.NS,2015-11-23,217.15402221679688,218.95982360839844,216.285400390625,218.01119995117188
RELIANCE.NS,2015-11-24,217.8397674560547,222.09141540527344,217.39402770996094,221.19993591308594
RELIANCE.NS,2015-11-26,221.9542694091797,226.7430877685547,221.32566833496094,225.98875427246094
RELIANCE.NS,2015-11-27,226.06875610351562,226.86880493164062,222.66287231445312,223.7943572998047
RELIANCE.NS,2015-11-30,223.66864013671875,225.0172882080078,219.96559143066406,221.0627899169922
RELIANCE.NS,2015-12-01,220.35418701171875,223.73721313476562,219.7255859375,220.7884979248047
RELIANCE.NS,2015-12-02,220.86849975585938,223.9429473876953,220.46847534179688,223.5429229736328
RELIANCE.NS,2015-12-03,222.84573364257812,226.0573272705078,222.66287231445312,223.37147521972656
RELIANCE.NS,2015-12-04,222.2514190673828,223.1428985595703,219.75987243652344,220.6856231689453
RELIANCE.NS,2015-12-07,220.6856231689453,222.41143798828125,217.0968780517578,217.62261962890625
RELIANCE.NS,2015-12-08,216.90257263183594,217.97691345214844,213.97671508789062,215.07391357421875
RELIANCE.NS,2015-12-09,213.99957275390625,215.65679931640625,208.6621551513672,209.3593292236328
RELIANCE.NS,2015-12-10,210.86798095703125,218.0226287841797,210.29652404785156,217.23402404785156
RELIANCE.NS,2015-12-11,217.55404663085938,219.21127319335938,215.5310821533203,217.82833862304688
RELIANCE.NS,2015-12-14,216.6054229736328,220.23989868164062,216.23968505859375,218.31979370117188
RELIANCE.NS,2015-12-15,218.7541046142578,223.5429229736328,217.98834228515625,223.07432556152344
RELIANCE.NS,2015-12-16,223.07432556152344,225.73731994628906,222.52572631835938,223.7029266357422
RELIANCE.NS,2015-12-17,224.02294921875,232.01193237304688,223.55435180664062,230.80043029785156
RELIANCE.NS,2015-12-18,229.45179748535156,230.6404266357422,226.29734802246094,226.73165893554688
RELIANCE.NS,2015-12-21,225.81732177734375,228.35459899902344,225.005859375,226.77737426757812
RELIANCE.NS,2015-12-22,226.9373779296875,229.177490234375,224.92584228515625,225.68017578125
RELIANCE.NS,2015-12-23,226.70880126953125,230.160400390625,226.29734802246094,229.45179748535156
RELIANCE.NS,2015-12-24,229.4746551513672,230.22897338867188,227.7374267578125,228.70889282226562
RELIANCE.NS,2015-12-28,228.72032165527344,231.7261962890625,228.5831756591797,230.96044921875
RELIANCE.NS,2015-12-29,230.96044921875,232.85768127441406,230.21754455566406,232.10336303710938
RELIANCE.NS,2015-12-30,232.01193237304688,232.24050903320312,229.04034423828125,229.61180114746094
RELIANCE.NS,2015-12-31,229.36036682128906,233.08627319335938,228.37745666503906,231.9204864501953
RELIANCE.NS,2016-01-01,230.8232879638672,232.9033966064453,230.4575653076172,232.09193420410156
RELIANCE.NS,2016-01-04,229.72608947753906,231.7376251220703,225.5430145263672,227.5088348388672
RELIANCE.NS,2016-01-05,228.65174865722656,230.86900329589844,227.89743041992188,229.7603759765625
RELIANCE.NS,2016-01-06,230.32040405273438,237.36077880859375,228.6746063232422,235.9435577392578
RELIANCE.NS,2016-01-07,233.3948516845703,234.98350524902344,230.42327880859375,231.61190795898438
RELIANCE.NS,2016-01-08,233.15484619140625,236.1035614013672,232.4005126953125,234.4691925048828
RELIANCE.NS,2016-01-11,232.2290802001953,242.4810333251953,231.09759521484375,240.37806701660156
RELIANCE.NS,2016-01-12,241.15525817871094,243.5325164794922,237.9779510498047,238.9722900390625
RELIANCE.NS,2016-01-13,240.720947265625,249.09852600097656,239.37229919433594,246.14979553222656
RELIANCE.NS,2016-01-14,243.17820739746094,247.09841918945312,240.7095184326172,242.67532348632812
RELIANCE.NS,2016-01-15,244.52685546875,249.04136657714844,243.57823181152344,245.33831787109375
RELIANCE.NS,2016-01-18,245.72691345214844,247.77273559570312,230.43470764160156,232.43479919433594
RELIANCE.NS,2016-01-19,235.21209716796875,239.96661376953125,231.8061981201172,238.54940795898438
RELIANCE.NS,2016-01-20,236.56072998046875,236.56072998046875,226.29734802246094,229.62322998046875
RELIANCE.NS,2016-01-21,232.59481811523438,234.4691925048828,223.25718688964844,224.9715576171875
RELIANCE.NS,2016-01-22,227.22311401367188,231.09759521484375,227.22311401367188,229.53179931640625
RELIANCE.NS,2016-01-25,230.86900329589844,232.86911010742188,228.5831756591797,229.486083984375
RELIANCE.NS,2016-01-27,230.43470764160156,230.86900329589844,227.88600158691406,228.43460083007812
RELIANCE.NS,2016-01-28,228.811767578125,233.56629943847656,227.9202880859375,232.44622802734375
RELIANCE.NS,2016-01-29,232.91482543945312,237.72650146484375,232.6976776123047,236.67501831054688
RELIANCE.NS,2016-02-01,237.71507263183594,238.13795471191406,234.42347717285156,235.50924682617188
RELIANCE.NS,2016-02-02,235.50924682617188,236.08070373535156,226.41163635253906,228.84605407714844
RELIANCE.NS,2016-02-03,225.84017944335938,227.21168518066406,222.8686065673828,224.33152770996094
RELIANCE.NS,2016-02-04,225.84017944335938,228.811767578125,220.74278259277344,222.42286682128906
RELIANCE.NS,2016-02-05,223.8057861328125,224.4686737060547,219.75987243652344,221.93141174316406
RELIANCE.NS,2016-02-08,221.9771270751953,225.1087188720703,218.97125244140625,219.67987060546875
RELIANCE.NS,2016-02-09,217.81690979003906,221.45138549804688,217.15402221679688,218.86839294433594
RELIANCE.NS,2016-02-10,217.54261779785156,222.41143798828125,216.84542846679688,220.04559326171875
RELIANCE.NS,2016-02-11,220.09130859375,220.7999267578125,209.2678985595703,211.33657836914062
RELIANCE.NS,2016-02-12,213.4738311767578,213.4738311767578,203.0047149658203,207.22207641601562
RELIANCE.NS,2016-02-15,209.83935546875,217.4626007080078,209.83935546875,216.41111755371094
RELIANCE.NS,2016-02-16,217.40545654296875,218.98268127441406,211.8966064453125,212.7080841064453
RELIANCE.NS,2016-02-17,213.7481231689453,218.85696411132812,209.47361755371094,217.7483367919922
RELIANCE.NS,2016-02-18,220.11416625976562,221.42852783203125,213.953857421875,214.89105224609375
RELIANCE.NS,2016-02-19,214.86819458007812,217.78262329101562,214.26243591308594,215.86251831054688
RELIANCE.NS,2016-02-22,215.8053741455078,221.33709716796875,215.8053741455078,219.96559143066406
RELIANCE.NS,2016-02-23,220.14845275878906,221.0856475830078,215.49679565429688,217.0740203857422
RELIANCE.NS,2016-02-24,215.98825073242188,219.1083984375,215.32534790039062,217.759765625
RELIANCE.NS,2016-02-25,218.11407470703125,218.6512451171875,215.06248474121094,215.8053741455078
RELIANCE.NS,2016-02-26,217.8397674560547,219.1541290283203,215.85108947753906,217.23402404785156
RELIANCE.NS,2016-02-29,217.451171875,227.3488311767578,213.7252655029297,220.95993041992188
RELIANCE.NS,2016-03-01,220.51419067382812,225.16586303710938,220.5027618408203,224.3086700439453
RELIANCE.NS,2016-03-02,226.96023559570312,229.8975372314453,225.6687469482422,228.92605590820312
RELIANCE.NS,2016-03-03,230.86900329589844,232.6976776123047,228.01171875,231.52047729492188
RELIANCE.NS,2016-03-04,231.78334045410156,232.01193237304688,229.3832244873047,230.04611206054688
RELIANCE.NS,2016-03-08,230.29754638671875,235.64639282226562,230.29754638671875,234.7549285888672
RELIANCE.NS,2016-03-09,233.15484619140625,238.61798095703125,232.83482360839844,238.11509704589844
RELIANCE.NS,2016-03-10,238.19509887695312,239.0751495361328,230.6404266357422,231.26902770996094
RELIANCE.NS,2016-03-11,231.98907470703125,235.3378143310547,231.00616455078125,231.8976287841797
RELIANCE.NS,2016-03-14,232.94911193847656,234.61776733398438,231.5433349609375,233.0977020263672
RELIANCE.NS,2016-03-15,234.0691680908203,234.94921875,232.0347900390625,233.26913452148438
RELIANCE.NS,2016-03-16,233.3834228515625,234.48062133789062,229.82896423339844,233.5548553466797
RELIANCE.NS,2016-03-17,234.7549285888672,237.0178985595703,231.326171875,232.24050903320312
RELIANCE.NS,2016-03-18,232.75482177734375,235.47496032714844,232.17193603515625,234.80064392089844
RELIANCE.NS,2016-03-21,234.97207641601562,238.0693817138672,233.783447265625,237.1093292236328
RELIANCE.NS,2016-03-22,237.04075622558594,240.52664184570312,236.73216247558594,239.52088928222656
RELIANCE.NS,2016-03-23,239.30372619628906,239.30372619628906,233.7034454345703,235.2578125
RELIANCE.NS,2016-03-28,235.440673828125,235.8292694091797,232.16050720214844,233.24627685546875
RELIANCE.NS,2016-03-29,234.02345275878906,238.1836700439453,233.2005615234375,236.86932373046875
RELIANCE.NS,2016-03-30,238.3436737060547,240.412353515625,238.3436737060547,239.3380126953125
RELIANCE.NS,2016-03-31,237.95509338378906,241.3838348388672,236.05784606933594,238.91513061523438
RELIANCE.NS,2016-04-01,237.52078247070312,239.1665802001953,234.29776000976562,236.45787048339844
RELIANCE.NS,2016-04-04,237.72650146484375,238.22938537597656,234.3663330078125,236.5950164794922
RELIANCE.NS,2016-04-05,235.749267578125,238.2751007080078,233.65773010253906,234.74349975585938
RELIANCE.NS,2016-04-06,235.9207000732422,236.97218322753906,233.74916076660156,236.29786682128906
RELIANCE.NS,2016-04-07,236.56072998046875,239.55517578125,233.63487243652344,237.097900390625
RELIANCE.NS,2016-04-08,236.789306640625,241.02952575683594,235.71498107910156,236.89218139648438
RELIANCE.NS,2016-04-11,237.04075622558594,238.9837188720703,236.1264190673828,237.79507446289062
RELIANCE.NS,2016-04-12,237.79507446289062,241.7152862548828,237.28076171875,239.4180145263672
RELIANCE.NS,2016-04-13,240.59523010253906,244.56114196777344,240.59523010253906,243.68109130859375
RELIANCE.NS,2016-04-18,243.6239471435547,243.8525390625,241.24668884277344,243.38394165039062
RELIANCE.NS,2016-04-20,244.40113830566406,244.40113830566406,236.76644897460938,237.1093292236328
RELIANCE.NS,2016-04-21,238.04652404785156,240.46949768066406,236.58358764648438,237.9893798828125
RELIANCE.NS,2016-04-22,237.4979248046875,239.4408721923828,235.28067016601562,237.4864959716797
RELIANCE.NS,2016-04-25,238.7436981201172,238.7436981201172,231.39474487304688,232.44622802734375
RELIANCE.NS,2016-04-26,232.10336303710938,234.0463104248047,230.29754638671875,232.45765686035156
RELIANCE.NS,2016-04-27,232.67481994628906,234.51490783691406,232.24050903320312,233.01768493652344
RELIANCE.NS,2016-04-28,231.78334045410156,232.9719696044922,226.51449584960938,227.828857421875
RELIANCE.NS,2016-04-29,227.08595275878906,228.25173950195312,223.74864196777344,224.62869262695312
RELIANCE.NS,2016-05-02,223.78292846679688,226.845947265625,223.55435180664062,225.6001739501953
RELIANCE.NS,2016-05-03,225.84017944335938,227.4288330078125,222.3542938232422,223.0514678955078
RELIANCE.NS,2016-05-04,222.6514434814453,224.85726928710938,222.41143798828125,223.57720947265625
RELIANCE.NS,2016-05-05,224.0115203857422,224.8001251220703,221.93141174316406,222.92575073242188
RELIANCE.NS,2016-05-06,222.41143798828125,223.28004455566406,221.03993225097656,221.4856719970703
RELIANCE.NS,2016-05-09,222.8686065673828,225.3830108642578,222.36572265625,224.72012329101562
RELIANCE.NS,2016-05-10,224.72012329101562,225.0858612060547,223.55435180664062,224.5944061279297
RELIANCE.NS,2016-05-11,222.1371307373047,224.18295288085938,221.72567749023438,222.9600372314453
RELIANCE.NS,2016-05-12,223.09718322753906,227.2574005126953,222.88003540039062,226.9373779296875
RELIANCE.NS,2016-05-13,226.0573272705078,226.42306518554688,222.8686065673828,223.58863830566406
RELIANCE.NS,2016-05-16,223.3257598876953,224.58297729492188,221.9771270751953,223.08575439453125
RELIANCE.NS,2016-05-17,224.06866455078125,224.72012329101562,220.891357421875,221.53138732910156
RELIANCE.NS,2016-05-18,220.7884979248047,222.29713439941406,220.37704467773438,221.85140991210938
RELIANCE.NS,2016-05-19,222.11427307128906,222.1599884033203,216.14825439453125,217.42831420898438
RELIANCE.NS,2016-05-20,217.61119079589844,218.18264770507812,212.8909454345703,213.5424041748047
RELIANCE.NS,2016-05-23,214.26243591308594,215.0281982421875,211.5880126953125,212.5823516845703
RELIANCE.NS,2016-05-24,212.13661193847656,215.7825164794922,212.13661193847656,214.97105407714844
RELIANCE.NS,2016-05-25,217.11973571777344,217.79405212402344,215.1310577392578,217.42831420898438
RELIANCE.NS,2016-05-26,217.15402221679688,217.70262145996094,215.8053741455078,216.43397521972656
RELIANCE.NS,2016-05-27,216.93685913085938,223.3029022216797,216.8682861328125,222.80001831054688
RELIANCE.NS,2016-05-30,223.18861389160156,224.35438537597656,220.582763671875,221.42852783203125
RELIANCE.NS,2016-05-31,221.49710083007812,222.41143798828125,218.6398162841797,218.94839477539062
RELIANCE.NS,2016-06-01,218.97125244140625,220.83421325683594,217.5654754638672,217.97691345214844
RELIANCE.NS,2016-06-02,218.18264770507812,218.78839111328125,216.03396606445312,218.58265686035156
RELIANCE.NS,2016-06-03,219.43984985351562,220.1027374267578,218.49122619628906,219.35984802246094
RELIANCE.NS,2016-06-06,219.66842651367188,220.12559509277344,217.73690795898438,218.251220703125
RELIANCE.NS,2016-06-07,218.81124877929688,219.65699768066406,217.51974487304688,218.30836486816406
RELIANCE.NS,2016-06-08,218.98268127441406,218.98268127441406,216.959716796875,218.09121704101562
RELIANCE.NS,2016-06-09,219.43984985351562,223.20004272460938,218.57122802734375,221.98855590820312
RELIANCE.NS,2016-06-10,222.6400146484375,225.0172882080078,221.33709716796875,223.25718688964844
RELIANCE.NS,2016-06-13,221.70281982421875,224.8001251220703,220.13702392578125,224.26295471191406
RELIANCE.NS,2016-06-14,224.22866821289062,225.24586486816406,221.565673828125,223.15432739257812
RELIANCE.NS,2016-06-15,224.0115203857422,225.49729919433594,222.58287048339844,225.06300354003906
RELIANCE.NS,2016-06-16,224.24009704589844,224.84584045410156,221.05136108398438,223.16575622558594
RELIANCE.NS,2016-06-17,223.3257598876953,223.7029266357422,221.74853515625,222.84573364257812
RELIANCE.NS,2016-06-20,222.21713256835938,226.89166259765625,221.26852416992188,226.3430633544922
RELIANCE.NS,2016-06-21,227.2345428466797,227.2459716796875,223.9429473876953,225.63446044921875
RELIANCE.NS,2016-06-22,225.15443420410156,225.3601531982422,223.34861755371094,224.1258087158203
RELIANCE.NS,2016-06-23,224.00009155273438,224.4686737060547,221.72567749023438,224.1143798828125
RELIANCE.NS,2016-06-24,220.55990600585938,220.55990600585938,213.3595428466797,217.48545837402344
RELIANCE.NS,2016-06-27,214.98248291015625,219.07411193847656,214.98248291015625,218.4455108642578
RELIANCE.NS,2016-06-28,218.61695861816406,219.79415893554688,218.29693603515625,218.9369659423828
RELIANCE.NS,2016-06-29,219.8970184326172,221.4856719970703,219.43984985351562,221.01707458496094
RELIANCE.NS,2016-06-30,222.18284606933594,223.4400634765625,221.05136108398438,221.53138732910156
RELIANCE.NS,2016-07-01,222.3542938232422,223.28004455566406,221.72567749023438,222.51429748535156
RELIANCE.NS,2016-07-04,222.98289489746094,227.1202392578125,222.98289489746094,225.5430145263672
RELIANCE.NS,2016-07-05,225.40586853027344,229.24606323242188,224.08009338378906,227.00595092773438
RELIANCE.NS,2016-07-07,226.86880493164062,228.6974639892578,225.41729736328125,225.81732177734375
RELIANCE.NS,2016-07-08,225.61160278320312,226.06875610351562,223.17718505859375,223.64578247070312
RELIANCE.NS,2016-07-11,226.5259246826172,227.4288330078125,225.2687225341797,226.86880493164062
RELIANCE.NS,2016-07-12,227.49740600585938,229.72608947753906,226.5259246826172,229.36036682128906
RELIANCE.NS,2016-07-13,229.7718048095703,232.4005126953125,229.53179931640625,230.58328247070312
RELIANCE.NS,2016-07-14,230.43470764160156,231.8061981201172,228.1831512451172,229.70323181152344
RELIANCE.NS,2016-07-15,230.6404266357422,233.3834228515625,229.3832244873047,231.37188720703125
RELIANCE.NS,2016-07-18,234.98350524902344,237.44078063964844,228.9832000732422,230.01182556152344
RELIANCE.NS,2016-07-19,229.95468139648438,233.82916259765625,227.5088348388672,232.65196228027344
RELIANCE.NS,2016-07-20,233.14341735839844,235.0520782470703,232.36622619628906,233.84059143066406
RELIANCE.NS,2016-07-21,234.0691680908203,234.29776000976562,229.72608947753906,230.03468322753906
RELIANCE.NS,2016-07-22,229.95468139648438,232.65196228027344,229.7489471435547,231.97764587402344
RELIANCE.NS,2016-07-25,231.78334045410156,234.01202392578125,230.2632598876953,233.783447265625
RELIANCE.NS,2016-07-26,233.84059143066406,236.53787231445312,232.05764770507812,234.08059692382812
RELIANCE.NS,2016-07-27,233.85202026367188,234.52633666992188,230.62899780273438,231.57762145996094
RELIANCE.NS,2016-07-28,232.00050354003906,235.55496215820312,231.56619262695312,234.60633850097656
RELIANCE.NS,2016-07-29,234.0691680908203,234.27490234375,231.326171875,231.98907470703125
RELIANCE.NS,2016-08-01,232.6976776123047,233.22341918945312,229.73751831054688,230.7547149658203
RELIANCE.NS,2016-08-02,230.41184997558594,233.15484619140625,230.02325439453125,231.50904846191406
RELIANCE.NS,2016-08-03,231.87477111816406,231.87477111816406,226.64022827148438,227.20025634765625
RELIANCE.NS,2016-08-04,228.35459899902344,228.5831756591797,224.7886962890625,226.98309326171875
RELIANCE.NS,2016-08-05,228.12600708007812,232.92625427246094,227.9088592529297,232.2976531982422
RELIANCE.NS,2016-08-08,233.13198852539062,236.35501098632812,232.84625244140625,235.2692413330078
RELIANCE.NS,2016-08-09,234.7549285888672,236.46929931640625,233.3834228515625,235.60067749023438
RELIANCE.NS,2016-08-10,235.72640991210938,236.48072814941406,229.04034423828125,229.41751098632812
RELIANCE.NS,2016-08-11,229.02891540527344,233.80630493164062,228.4917449951172,231.8061981201172
RELIANCE.NS,2016-08-12,232.46908569335938,238.389404296875,232.46908569335938,236.76644897460938
RELIANCE.NS,2016-08-16,236.86932373046875,238.82369995117188,232.126220703125,234.27490234375
RELIANCE.NS,2016-08-17,234.09202575683594,235.16636657714844,230.22897338867188,231.6233367919922
RELIANCE.NS,2016-08-18,232.24050903320312,233.98916625976562,232.24050903320312,232.7091064453125
RELIANCE.NS,2016-08-19,232.6976776123047,233.6120147705078,230.20611572265625,231.98907470703125
RELIANCE.NS,2016-08-22,231.326171875,233.08627319335938,230.22897338867188,231.29188537597656
RELIANCE.NS,2016-08-23,231.326171875,232.01193237304688,229.72608947753906,230.9718780517578
RELIANCE.NS,2016-08-24,231.25759887695312,233.6005859375,231.09759521484375,233.26913452148438
RELIANCE.NS,2016-08-25,233.42913818359375,235.21209716796875,230.6404266357422,231.48619079589844
RELIANCE.NS,2016-08-26,232.67481994628906,235.62353515625,231.9204864501953,234.9606475830078
RELIANCE.NS,2016-08-29,234.81207275390625,242.24102783203125,234.5491943359375,241.7152862548828
RELIANCE.NS,2016-08-30,242.75534057617188,244.24111938476562,240.69808959960938,243.7611083984375
RELIANCE.NS,2016-08-31,243.41822814941406,245.4983367919922,239.3265838623047,242.2981719970703
RELIANCE.NS,2016-09-01,240.69808959960938,245.2126007080078,234.457763671875,235.2578125
RELIANCE.NS,2016-09-02,235.69210815429688,236.0235595703125,229.10891723632812,231.634765625
RELIANCE.NS,2016-09-06,233.13198852539062,234.29776000976562,232.01193237304688,233.13198852539062
RELIANCE.NS,2016-09-07,233.6120147705078,234.766357421875,231.56619262695312,232.61767578125
RELIANCE.NS,2016-09-08,233.85202026367188,236.80075073242188,233.2005615234375,236.2178497314453
RELIANCE.NS,2016-09-09,236.58358764648438,239.98947143554688,235.440673828125,238.7665557861328
RELIANCE.NS,2016-09-12,235.5321044921875,241.3838348388672,235.2463836669922,239.21229553222656
RELIANCE.NS,2016-09-14,239.55517578125,242.069580078125,237.93223571777344,238.81227111816406
RELIANCE.NS,2016-09-15,239.3265838623047,244.6297149658203,239.3265838623047,243.4410858154297
RELIANCE.NS,2016-09-16,243.89825439453125,250.03570556640625,242.09243774414062,245.85263061523438
RELIANCE.NS,2016-09-19,245.16688537597656,248.69850158691406,244.81259155273438,247.41842651367188
RELIANCE.NS,2016-09-20,247.78416442871094,247.95559692382812,244.36685180664062,245.54405212402344
RELIANCE.NS,2016-09-21,245.4983367919922,247.98988342285156,244.3554229736328,245.0983123779297
RELIANCE.NS,2016-09-22,247.5555877685547,250.4814453125,246.64125061035156,248.9156494140625
RELIANCE.NS,2016-09-23,248.9270782470703,253.6016082763672,248.9270782470703,252.08152770996094
RELIANCE.NS,2016-09-26,252.2186737060547,258.1961364746094,251.49864196777344,253.08729553222656
RELIANCE.NS,2016-09-27,255.32740783691406,257.37322998046875,252.9501495361328,253.84161376953125
RELIANCE.NS,2016-09-28,253.24729919433594,253.27015686035156,248.30990600585938,249.3042449951172
RELIANCE.NS,2016-09-29,250.298583984375,253.8987579345703,243.98968505859375,245.14402770996094
RELIANCE.NS,2016-09-30,244.1268310546875,250.1957244873047,243.7382354736328,247.71559143066406
RELIANCE.NS,2016-10-03,248.46990966796875,253.25872802734375,246.0126495361328,249.315673828125
RELIANCE.NS,2016-10-04,249.85284423828125,253.33872985839844,249.61282348632812,250.60716247558594
RELIANCE.NS,2016-10-05,252.3558349609375,252.9272918701172,248.19561767578125,249.0185089111328
RELIANCE.NS,2016-10-06,249.61282348632812,257.4418029785156,249.61282348632812,253.9102020263672
RELIANCE.NS,2016-10-07,254.64166259765625,256.7103271484375,252.9272918701172,253.49874877929688
RELIANCE.NS,2016-10-10,254.64166259765625,256.4703369140625,250.0699920654297,250.60716247558594
RELIANCE.NS,2016-10-13,248.9270782470703,248.93850708007812,240.46949768066406,241.64671325683594
RELIANCE.NS,2016-10-14,242.98391723632812,247.32699584960938,242.67532348632812,246.33265686035156
RELIANCE.NS,2016-10-17,246.8698272705078,247.05270385742188,242.01243591308594,242.44674682617188
RELIANCE.NS,2016-10-18,243.66966247558594,247.49844360351562,242.7667694091797,247.12127685546875
RELIANCE.NS,2016-10-19,247.88702392578125,250.23001098632812,247.18984985351562,248.54991149902344
RELIANCE.NS,2016-10-20,250.05856323242188,250.9843292236328,247.79559326171875,248.59564208984375
RELIANCE.NS,2016-10-21,250.75575256347656,250.75575256347656,241.93243408203125,243.2582244873047
RELIANCE.NS,2016-10-24,244.58399963378906,245.4983367919922,242.44674682617188,243.052490234375
RELIANCE.NS,2016-10-25,243.4410858154297,243.49822998046875,240.97238159179688,242.49246215820312
RELIANCE.NS,2016-10-26,241.395263671875,242.17245483398438,240.4923553466797,240.93809509277344
RELIANCE.NS,2016-10-27,240.26377868652344,240.90380859375,238.50369262695312,239.71517944335938
RELIANCE.NS,2016-10-28,240.01234436035156,241.84100341796875,238.59512329101562,241.14382934570312
RELIANCE.NS,2016-11-01,240.3094940185547,241.37240600585938,239.4180145263672,240.2409210205078
RELIANCE.NS,2016-11-02,237.95509338378906,238.3779754638672,233.3834228515625,234.01202392578125
RELIANCE.NS,2016-11-03,234.03488159179688,236.5264434814453,233.2919921875,234.0577392578125
RELIANCE.NS,2016-11-04,233.2119903564453,234.73207092285156,228.5831756591797,229.85182189941406
RELIANCE.NS,2016-11-07,231.78334045410156,232.36622619628906,228.36602783203125,228.84605407714844
RELIANCE.NS,2016-11-08,229.8861083984375,229.8861083984375,228.194580078125,229.3832244873047
RELIANCE.NS,2016-11-09,217.15402221679688,230.6404266357422,212.5823516845703,229.63465881347656
RELIANCE.NS,2016-11-10,232.83482360839844,235.20066833496094,230.18325805664062,230.96044921875
RELIANCE.NS,2016-11-11,228.0917205810547,232.58338928222656,227.46311950683594,228.9832000732422
RELIANCE.NS,2016-11-15,227.78314208984375,228.5831756591797,223.9086456298828,225.24586486816406
RELIANCE.NS,2016-11-16,227.4402618408203,227.85171508789062,224.17152404785156,225.50872802734375
RELIANCE.NS,2016-11-17,225.3830108642578,228.16029357910156,222.7314453125,223.49720764160156
RELIANCE.NS,2016-11-18,225.15443420410156,226.91452026367188,224.4686737060547,225.72589111328125
RELIANCE.NS,2016-11-21,225.73731994628906,227.1088104248047,224.74298095703125,226.64022827148438
RELIANCE.NS,2016-11-22,228.05743408203125,230.36611938476562,227.05166625976562,228.9146270751953
RELIANCE.NS,2016-11-23,229.72608947753906,230.98330688476562,228.48031616210938,230.6404266357422
RELIANCE.NS,2016-11-24,229.85182189941406,229.85182189941406,224.514404296875,225.6916046142578
RELIANCE.NS,2016-11-25,226.29734802246094,227.64598083496094,225.005859375,227.14309692382812
RELIANCE.NS,2016-11-28,226.98309326171875,228.72032165527344,224.94869995117188,225.53158569335938
RELIANCE.NS,2016-11-29,226.06875610351562,229.5660858154297,225.8516082763672,228.05743408203125
RELIANCE.NS,2016-11-30,228.57174682617188,228.57174682617188,225.53158569335938,226.30877685546875
RELIANCE.NS,2016-12-01,228.5831756591797,232.01193237304688,227.4402618408203,228.06886291503906
RELIANCE.NS,2016-12-02,227.64598083496094,229.72608947753906,226.70880126953125,227.38311767578125
RELIANCE.NS,2016-12-05,227.4402618408203,228.5146026611328,225.49729919433594,227.17739868164062
RELIANCE.NS,2016-12-06,227.66883850097656,230.0803985595703,227.3488311767578,229.7718048095703
RELIANCE.NS,2016-12-07,229.4975128173828,230.32040405273438,227.7488555908203,228.38888549804688
RELIANCE.NS,2016-12-08,229.73751831054688,233.56629943847656,229.5775146484375,233.16627502441406
RELIANCE.NS,2016-12-09,233.6120147705078,235.86355590820312,233.22341918945312,235.20066833496094
RELIANCE.NS,2016-12-12,233.26913452148438,238.11509704589844,233.26913452148438,234.80064392089844
RELIANCE.NS,2016-12-13,234.98350524902344,237.95509338378906,234.88064575195312,237.6807861328125
RELIANCE.NS,2016-12-14,237.6807861328125,243.31536865234375,237.3150634765625,242.1838836669922
RELIANCE.NS,2016-12-15,240.56094360351562,244.035400390625,239.70375061035156,240.68666076660156
RELIANCE.NS,2016-12-16,240.46949768066406,242.75534057617188,240.46949768066406,241.64671325683594
RELIANCE.NS,2016-12-19,241.15525817871094,243.88682556152344,241.0066680908203,242.8810577392578
RELIANCE.NS,2016-12-20,241.08668518066406,242.52674865722656,240.7323760986328,241.81814575195312
RELIANCE.NS,2016-12-21,242.32102966308594,243.96682739257812,241.65814208984375,243.0410614013672
RELIANCE.NS,2016-12-22,241.84100341796875,242.90391540527344,240.2294921875,240.77809143066406
RELIANCE.NS,2016-12-23,240.46949768066406,244.343994140625,240.46949768066406,241.68099975585938
RELIANCE.NS,2016-12-26,241.0066680908203,243.66966247558594,238.78941345214844,239.429443359375
RELIANCE.NS,2016-12-27,239.52088928222656,243.92111206054688,239.3265838623047,243.3725128173828
RELIANCE.NS,2016-12-28,244.10397338867188,244.48114013671875,239.3494415283203,239.94375610351562
RELIANCE.NS,2016-12-29,240.01234436035156,244.30970764160156,239.89804077148438,243.5439453125
RELIANCE.NS,2016-12-30,243.39537048339844,248.01275634765625,243.00677490234375,247.41842651367188
RELIANCE.NS,2017-01-02,247.78416442871094,249.15567016601562,245.1211700439453,248.03561401367188
RELIANCE.NS,2017-01-03,249.1213836669922,250.75575256347656,247.12127685546875,249.0185089111328
RELIANCE.NS,2017-01-04,249.8185577392578,249.84141540527344,243.2810821533203,243.9325408935547
RELIANCE.NS,2017-01-05,244.81259155273438,246.8469696044922,244.29827880859375,246.2755126953125
RELIANCE.NS,2017-01-06,245.54405212402344,248.01275634765625,245.2926025390625,245.71548461914062
RELIANCE.NS,2017-01-09,246.18408203125,248.2413330078125,244.81259155273438,246.34408569335938
RELIANCE.NS,2017-01-10,246.8698272705078,250.1614227294922,246.8698272705078,249.1213836669922
RELIANCE.NS,2017-01-11,250.298583984375,250.45858764648438,247.78416442871094,248.2527618408203
RELIANCE.NS,2017-01-12,248.46990966796875,249.2356719970703,246.82411193847656,247.62416076660156
RELIANCE.NS,2017-01-13,247.90988159179688,250.8700408935547,247.90988159179688,249.24710083007812
RELIANCE.NS,2017-01-16,249.1442413330078,250.05856323242188,245.48690795898438,246.0126495361328
RELIANCE.NS,2017-01-17,243.4410858154297,244.1268310546875,237.38363647460938,238.01223754882812
RELIANCE.NS,2017-01-18,238.32081604003906,239.55517578125,235.15493774414062,236.0235595703125
RELIANCE.NS,2017-01-19,236.6178741455078,238.93800354003906,235.66925048828125,236.28643798828125
RELIANCE.NS,2017-01-20,236.3435821533203,237.14361572265625,234.0463104248047,234.48062133789062
RELIANCE.NS,2017-01-23,233.56629943847656,235.66925048828125,231.50904846191406,232.2176513671875
RELIANCE.NS,2017-01-24,232.46908569335938,235.16636657714844,232.46908569335938,234.82350158691406
RELIANCE.NS,2017-01-25,235.89784240722656,236.05784606933594,232.27479553222656,232.5376739501953
RELIANCE.NS,2017-01-27,233.2119903564453,235.18923950195312,232.92625427246094,234.32061767578125
RELIANCE.NS,2017-01-30,234.2863311767578,239.20086669921875,234.25204467773438,238.82369995117188
RELIANCE.NS,2017-01-31,239.29229736328125,240.88095092773438,237.79507446289062,238.91513061523438
RELIANCE.NS,2017-02-01,239.12086486816406,240.2180633544922,236.62930297851562,239.9323272705078
RELIANCE.NS,2017-02-02,240.01234436035156,240.19520568847656,237.3264923095703,238.52655029296875
RELIANCE.NS,2017-02-03,239.09800720214844,240.11520385742188,235.46353149414062,236.27500915527344
RELIANCE.NS,2017-02-06,237.04075622558594,238.8465576171875,235.90927124023438,238.10366821289062
RELIANCE.NS,2017-02-07,238.1836700439453,238.263671875,234.80064392089844,235.64639282226562
RELIANCE.NS,2017-02-08,235.64639282226562,237.3264923095703,233.6120147705078,234.33204650878906
RELIANCE.NS,2017-02-09,234.98350524902344,236.35501098632812,234.70921325683594,236.06927490234375
RELIANCE.NS,2017-02-10,236.58358764648438,236.7093048095703,234.42347717285156,235.47496032714844
RELIANCE.NS,2017-02-13,236.1264190673828,236.35501098632812,233.6120147705078,235.40638732910156
RELIANCE.NS,2017-02-14,236.58358764648438,240.67523193359375,235.41781616210938,239.96661376953125
RELIANCE.NS,2017-02-15,240.67523193359375,241.72671508789062,238.9265594482422,240.3094940185547
RELIANCE.NS,2017-02-16,240.59523010253906,244.45828247070312,240.59523010253906,244.01254272460938
RELIANCE.NS,2017-02-17,243.78396606445312,246.45838928222656,241.94386291503906,245.84120178222656
RELIANCE.NS,2017-02-20,244.709716796875,246.60696411132812,243.78396606445312,245.81834411621094
RELIANCE.NS,2017-02-21,245.7726287841797,249.37281799316406,245.2811737060547,248.7442169189453
RELIANCE.NS,2017-02-22,249.84141540527344,276.9627990722656,249.61282348632812,276.0141906738281
RELIANCE.NS,2017-02-23,277.4085388183594,279.3286437988281,269.5795593261719,270.35675048828125
RELIANCE.NS,2017-02-27,272.1282653808594,287.2833251953125,272.093994140625,283.19171142578125
RELIANCE.NS,2017-02-28,281.6144714355469,285.2718200683594,280.8144226074219,282.9974060058594
RELIANCE.NS,2017-03-01,283.46600341796875,284.44891357421875,281.1573181152344,282.1859436035156
RELIANCE.NS,2017-03-02,282.9631042480469,286.8033142089844,280.4830017089844,282.70025634765625
RELIANCE.NS,2017-03-03,283.7974548339844,294.3694152832031,283.7974548339844,287.683349609375
RELIANCE.NS,2017-03-06,290.0720520019531,299.901123046875,289.2148742675781,298.38104248046875
RELIANCE.NS,2017-03-07,301.4669189453125,303.3298645019531,296.278076171875,298.28961181640625
RELIANCE.NS,2017-03-08,298.918212890625,298.918212890625,293.9808349609375,295.1466064453125
RELIANCE.NS,2017-03-09,294.872314453125,296.7009582519531,292.9293518066406,294.12939453125
RELIANCE.NS,2017-03-10,294.929443359375,296.2438049316406,288.2890930175781,292.963623046875
RELIANCE.NS,2017-03-14,301.4440612792969,301.501220703125,293.7865295410156,294.75799560546875
RELIANCE.NS,2017-03-15,295.1123046875,300.884033203125,294.9637451171875,298.28961181640625
RELIANCE.NS,2017-03-16,299.4439697265625,299.535400390625,295.6951904296875,296.6209716796875
RELIANCE.NS,2017-03-17,298.9867858886719,301.7183532714844,296.71240234375,297.3181457519531
RELIANCE.NS,2017-03-20,298.5296325683594,298.5867919921875,292.2093200683594,292.76934814453125
RELIANCE.NS,2017-03-21,293.08935546875,293.4779357910156,287.85479736328125,288.8834228515625
RELIANCE.NS,2017-03-22,286.1861267089844,289.3634338378906,284.94036865234375,287.94622802734375
RELIANCE.NS,2017-03-23,288.7348327636719,292.02642822265625,287.5576477050781,291.0549621582031
RELIANCE.NS,2017-03-24,291.2378234863281,295.3294677734375,289.9463195800781,294.12939453125
RELIANCE.NS,2017-03-27,290.55206298828125,292.3007507324219,285.08892822265625,285.98040771484375
RELIANCE.NS,2017-03-28,287.5576477050781,288.92913818359375,283.92315673828125,284.75750732421875
RELIANCE.NS,2017-03-29,286.1175537109375,288.0148010253906,281.9230651855469,287.2490539550781
RELIANCE.NS,2017-03-30,286.87188720703125,291.38641357421875,286.41473388671875,290.44921875
RELIANCE.NS,2017-03-31,289.38629150390625,305.7642822265625,289.38629150390625,301.9355163574219
RELIANCE.NS,2017-04-03,306.7586364746094,315.55908203125,305.62713623046875,314.22186279296875
RELIANCE.NS,2017-04-05,318.91925048828125,324.1309509277344,315.4676513671875,323.4451904296875
RELIANCE.NS,2017-04-06,322.0736999511719,331.19415283203125,320.51934814453125,328.81689453125
RELIANCE.NS,2017-04-07,324.8852844238281,327.78826904296875,320.5993347167969,321.52508544921875
RELIANCE.NS,2017-04-10,322.3022766113281,325.7081604003906,314.8276062011719,315.7533874511719
RELIANCE.NS,2017-04-11,317.2391662597656,320.11932373046875,313.18182373046875,313.6961364746094
RELIANCE.NS,2017-04-12,316.0848083496094,316.9191589355469,308.85015869140625,309.5016174316406
RELIANCE.NS,2017-04-13,309.5016174316406,313.9361267089844,307.9815368652344,311.9703369140625
RELIANCE.NS,2017-04-17,312.01605224609375,318.999267578125,312.01605224609375,318.15350341796875
RELIANCE.NS,2017-04-18,320.0050354003906,322.3022766113281,312.47320556640625,313.2046813964844
RELIANCE.NS,2017-04-19,312.93035888671875,316.0276794433594,310.3130798339844,312.8846435546875
RELIANCE.NS,2017-04-20,315.2162170410156,316.9991455078125,311.810302734375,313.05609130859375
RELIANCE.NS,2017-04-21,315.55908203125,324.81671142578125,315.11334228515625,320.5879211425781
RELIANCE.NS,2017-04-24,322.0851135253906,328.0168762207031,320.0621643066406,323.9938049316406
RELIANCE.NS,2017-04-25,333.7314453125,335.5029602050781,325.98248291015625,327.51397705078125
RELIANCE.NS,2017-04-26,328.0168762207031,329.17120361328125,320.61077880859375,323.7766418457031
RELIANCE.NS,2017-04-27,323.9023742675781,325.5367431640625,320.51934814453125,322.18798828125
RELIANCE.NS,2017-04-28,322.2451477050781,324.65667724609375,317.9591979980469,318.91925048828125
RELIANCE.NS,2017-05-02,320.4736022949219,320.4736022949219,312.3132019042969,313.28466796875
RELIANCE.NS,2017-05-03,314.7361755371094,315.6162109375,312.01605224609375,313.18182373046875
RELIANCE.NS,2017-05-04,314.3018798828125,315.3533630371094,309.5130615234375,310.404541015625
RELIANCE.NS,2017-05-05,311.2388610839844,312.55322265625,302.8727111816406,303.6156005859375
RELIANCE.NS,2017-05-08,304.015625,306.1871643066406,301.3526306152344,302.0498046875
RELIANCE.NS,2017-05-09,302.6441345214844,304.8499450683594,301.78692626953125,304.09564208984375
RELIANCE.NS,2017-05-10,305.1128234863281,311.6960144042969,304.1642150878906,310.6673889160156
RELIANCE.NS,2017-05-11,311.810302734375,313.101806640625,308.9644470214844,310.770263671875
RELIANCE.NS,2017-05-12,310.8845520019531,311.7874450683594,307.22723388671875,308.6901550292969
RELIANCE.NS,2017-05-15,310.05023193359375,310.05023193359375,304.815673828125,307.2386474609375
RELIANCE.NS,2017-05-16,307.68438720703125,314.7361755371094,306.530029296875,310.0273742675781
RELIANCE.NS,2017-05-17,309.2730407714844,312.2331848144531,308.0729675292969,309.2958984375
RELIANCE.NS,2017-05-18,306.3586120605469,308.5872802734375,302.6669921875,303.4098815917969
RELIANCE.NS,2017-05-19,304.7013854980469,305.31854248046875,299.4439697265625,301.4669189453125
RELIANCE.NS,2017-05-22,303.215576171875,304.8385314941406,300.6325988769531,302.67840576171875
RELIANCE.NS,2017-05-23,303.03271484375,303.9813537597656,297.61529541015625,298.4267578125
RELIANCE.NS,2017-05-24,298.87249755859375,300.28973388671875,296.0380859375,296.63238525390625
RELIANCE.NS,2017-05-25,297.15814208984375,299.9925537109375,296.3466491699219,297.7181701660156
RELIANCE.NS,2017-05-26,298.06103515625,307.3072204589844,297.15814208984375,305.6842956542969
RELIANCE.NS,2017-05-29,305.61572265625,312.118896484375,305.2956848144531,310.1645202636719
RELIANCE.NS,2017-05-30,309.9359436035156,311.9474792480469,308.2444152832031,310.72454833984375
RELIANCE.NS,2017-05-31,312.47320556640625,312.69036865234375,305.3414001464844,306.4614562988281
RELIANCE.NS,2017-06-01,304.6328125,306.30145263671875,302.4155578613281,303.6156005859375
RELIANCE.NS,2017-06-02,305.1585388183594,306.0043029785156,301.0440368652344,302.8155517578125
RELIANCE.NS,2017-06-05,303.158447265625,306.530029296875,300.78118896484375,303.8670349121094
RELIANCE.NS,2017-06-06,304.91851806640625,304.91851806640625,299.67254638671875,300.083984375
RELIANCE.NS,2017-06-07,299.71826171875,306.7586364746094,299.21539306640625,306.0728759765625
RELIANCE.NS,2017-06-08,306.30145263671875,307.3986511230469,303.56988525390625,304.4042053222656
RELIANCE.NS,2017-06-09,307.46722412109375,309.2615966796875,304.24420166015625,305.31854248046875
RELIANCE.NS,2017-06-12,303.2270202636719,303.95849609375,301.0440368652344,301.60406494140625
RELIANCE.NS,2017-06-13,301.866943359375,303.3298645019531,299.67254638671875,300.43829345703125
RELIANCE.NS,2017-06-14,300.7926025390625,310.87310791015625,300.7926025390625,310.3016662597656
RELIANCE.NS,2017-06-15,310.87310791015625,318.87353515625,310.6673889160156,316.3476867675781
RELIANCE.NS,2017-06-16,317.52490234375,319.056396484375,312.9989318847656,317.4563293457031
RELIANCE.NS,2017-06-19,317.7763366699219,323.6280517578125,317.7763366699219,322.1308288574219
RELIANCE.NS,2017-06-20,322.0736999511719,325.0681457519531,321.7193908691406,322.8394470214844
RELIANCE.NS,2017-06-21,321.7994079589844,326.4167785644531,320.9879150390625,325.0452880859375
RELIANCE.NS,2017-06-22,326.74822998046875,330.3941345214844,326.34820556640625,327.4797058105469
RELIANCE.NS,2017-06-23,328.2454528808594,329.616943359375,327.0111083984375,328.2111511230469
RELIANCE.NS,2017-06-27,327.33111572265625,329.84552001953125,325.73101806640625,328.50830078125
RELIANCE.NS,2017-06-28,329.1483459472656,329.1483459472656,318.999267578125,319.673583984375
RELIANCE.NS,2017-06-29,320.0164489746094,322.3022766113281,317.75347900390625,318.3477783203125
RELIANCE.NS,2017-06-30,318.1877746582031,318.2792053222656,314.31329345703125,315.4447937011719
RELIANCE.NS,2017-07-03,317.31915283203125,318.8049621582031,313.3875427246094,315.6847839355469
RELIANCE.NS,2017-07-04,317.7306213378906,326.2110595703125,317.5020446777344,325.0338439941406
RELIANCE.NS,2017-07-05,326.74822998046875,330.86273193359375,325.50244140625,329.7655334472656
RELIANCE.NS,2017-07-06,331.1484375,331.44561767578125,328.7026062011719,329.74267578125
RELIANCE.NS,2017-07-07,329.84552001953125,342.3604431152344,329.1597900390625,340.851806640625
RELIANCE.NS,2017-07-10,341.75469970703125,343.08050537109375,340.3832092285156,341.2403869628906
RELIANCE.NS,2017-07-11,343.1033630371094,343.8805236816406,339.9031982421875,341.5832824707031
RELIANCE.NS,2017-07-12,342.73760986328125,348.58935546875,342.3033142089844,345.41204833984375
RELIANCE.NS,2017-07-13,344.8748779296875,348.58935546875,344.2805480957031,347.92645263671875
RELIANCE.NS,2017-07-14,347.4464416503906,351.103759765625,346.4292297363281,350.5894470214844
RELIANCE.NS,2017-07-17,351.33233642578125,356.4983215332031,351.33233642578125,354.7039489746094
RELIANCE.NS,2017-07-18,353.57244873046875,354.7153625488281,345.3891906738281,347.423583984375
RELIANCE.NS,2017-07-19,345.7549133300781,351.5609436035156,345.7549133300781,350.4065856933594
RELIANCE.NS,2017-07-20,351.9609375,354.3039245605469,348.29217529296875,349.4808349609375
RELIANCE.NS,2017-07-21,354.3039245605469,363.8358459472656,353.14959716796875,362.3043518066406
RELIANCE.NS,2017-07-24,365.73309326171875,371.4248046875,362.3043518066406,369.218994140625
RELIANCE.NS,2017-07-25,371.37908935546875,371.4362487792969,365.1844787597656,366.22454833984375
RELIANCE.NS,2017-07-26,366.6931457519531,372.5677185058594,365.9845275878906,370.933349609375
RELIANCE.NS,2017-07-27,372.1334228515625,372.9334411621094,363.0700988769531,364.5444641113281
RELIANCE.NS,2017-07-28,363.73297119140625,367.0931701660156,360.7042541503906,364.4644470214844
RELIANCE.NS,2017-07-31,366.1788330078125,370.03045654296875,364.8187561035156,369.2075500488281
RELIANCE.NS,2017-08-01,370.933349609375,370.933349609375,363.7901306152344,366.5559997558594
RELIANCE.NS,2017-08-02,368.0189208984375,373.89349365234375,367.5845947265625,372.40771484375
RELIANCE.NS,2017-08-03,371.87054443359375,380.5681457519531,369.63043212890625,377.1850891113281
RELIANCE.NS,2017-08-04,380.1338195800781,380.1338195800781,369.1846923828125,370.79620361328125
RELIANCE.NS,2017-08-07,372.956298828125,372.956298828125,368.601806640625,369.4704284667969
RELIANCE.NS,2017-08-08,369.84759521484375,370.5447692871094,362.7157897949219,366.31597900390625
RELIANCE.NS,2017-08-09,366.0759582519531,370.30474853515625,362.3043518066406,365.4587707519531
RELIANCE.NS,2017-08-10,364.1444396972656,367.253173828125,360.6928405761719,362.15576171875
RELIANCE.NS,2017-08-11,354.5210876464844,361.1614074707031,350.4179992675781,353.4467468261719
RELIANCE.NS,2017-08-14,356.8183288574219,362.1900329589844,356.8183288574219,359.57275390625
RELIANCE.NS,2017-08-16,359.332763671875,360.2471008300781,354.3496398925781,357.984130859375
RELIANCE.NS,2017-08-17,358.6470031738281,365.1959228515625,356.8526306152344,358.21270751953125
RELIANCE.NS,2017-08-18,357.50408935546875,360.6585388183594,355.0239562988281,360.10992431640625
RELIANCE.NS,2017-08-21,360.4756774902344,362.11004638671875,356.64691162109375,357.59552001953125
RELIANCE.NS,2017-08-22,359.332763671875,361.1385498046875,355.6868591308594,356.6011962890625
RELIANCE.NS,2017-08-23,357.6983947753906,362.65863037109375,355.0239562988281,361.6300048828125
RELIANCE.NS,2017-08-24,363.447265625,364.1558532714844,357.6183776855469,358.4298400878906
RELIANCE.NS,2017-08-28,360.94427490234375,361.6071472167969,356.8640441894531,358.08697509765625
RELIANCE.NS,2017-08-29,357.01263427734375,358.30413818359375,349.7322692871094,350.2237243652344
RELIANCE.NS,2017-08-30,353.743896484375,358.6012878417969,352.3038330078125,357.5269470214844
RELIANCE.NS,2017-08-31,360.01849365234375,365.15020751953125,359.7899169921875,364.47589111328125
RELIANCE.NS,2017-09-01,365.69879150390625,369.5275573730469,365.5045166015625,368.0417785644531
RELIANCE.NS,2017-09-04,369.276123046875,373.9963684082031,364.7844543457031,368.78466796875
RELIANCE.NS,2017-09-05,372.590576171875,373.69921875,370.5447692871094,373.1849060058594
RELIANCE.NS,2017-09-06,371.7676696777344,377.73370361328125,370.9447937011719,376.1107482910156
RELIANCE.NS,2017-09-07,376.2479248046875,380.59100341796875,372.590576171875,374.0077819824219
RELIANCE.NS,2017-09-08,374.87640380859375,376.3622131347656,371.2648010253906,373.4591979980469
RELIANCE.NS,2017-09-11,375.4707336425781,378.00799560546875,373.2991943359375,373.9163513183594
RELIANCE.NS,2017-09-12,376.13360595703125,377.1622314453125,373.5049133300781,376.5907897949219
RELIANCE.NS,2017-09-13,376.705078125,393.1173400878906,375.7907409667969,388.1342468261719
RELIANCE.NS,2017-09-14,391.24298095703125,393.84881591796875,384.93408203125,385.7798156738281
RELIANCE.NS,2017-09-15,384.93408203125,389.8943176269531,381.61962890625,384.8426513671875
RELIANCE.NS,2017-09-18,388.5914001464844,389.0714416503906,385.43695068359375,386.5570068359375
RELIANCE.NS,2017-09-19,387.9971008300781,388.01995849609375,382.64825439453125,383.37969970703125
RELIANCE.NS,2017-09-20,391.380126953125,398.8776550292969,386.3512878417969,387.2884826660156
RELIANCE.NS,2017-09-21,387.21990966796875,389.36859130859375,382.30535888671875,384.63690185546875
RELIANCE.NS,2017-09-22,383.9740295410156,383.9740295410156,371.7676696777344,373.6877746582031
RELIANCE.NS,2017-09-25,372.590576171875,378.5108947753906,368.1103515625,375.58502197265625
RELIANCE.NS,2017-09-26,375.6535949707031,378.09942626953125,371.3105163574219,374.922119140625
RELIANCE.NS,2017-09-27,377.4365539550781,377.4822692871094,363.67584228515625,365.344482421875
RELIANCE.NS,2017-09-28,365.5730895996094,367.0588684082031,356.6811828613281,359.5384826660156
RELIANCE.NS,2017-09-29,361.9614562988281,362.7157897949219,356.1783142089844,357.001220703125
RELIANCE.NS,2017-10-03,363.447265625,367.4931640625,359.03558349609375,364.978759765625
RELIANCE.NS,2017-10-04,365.3673400878906,377.1393737792969,363.7215576171875,374.3506774902344
RELIANCE.NS,2017-10-05,377.1622314453125,378.7394714355469,374.2592468261719,376.7736511230469
RELIANCE.NS,2017-10-06,376.705078125,383.72259521484375,376.0650329589844,382.6711120605469
RELIANCE.NS,2017-10-09,383.56256103515625,383.9283142089844,378.53375244140625,379.7452392578125
RELIANCE.NS,2017-10-10,379.9052429199219,387.3570556640625,379.9052429199219,385.482666015625
RELIANCE.NS,2017-10-11,386.4427185058594,392.4316101074219,382.1910705566406,384.08831787109375
RELIANCE.NS,2017-10-12,384.97979736328125,400.8434753417969,384.97979736328125,398.991943359375
RELIANCE.NS,2017-10-13,401.98638916015625,407.19805908203125,399.2662353515625,400.6834411621094
RELIANCE.NS,2017-10-16,401.8492431640625,407.7923889160156,393.75738525390625,400.8434753417969
RELIANCE.NS,2017-10-17,401.3920593261719,404.13507080078125,396.45465087890625,399.7234191894531
RELIANCE.NS,2017-10-18,401.1177673339844,419.63299560546875,400.02056884765625,418.0786437988281
RELIANCE.NS,2017-10-19,418.6729431152344,421.461669921875,412.82122802734375,415.9756774902344
RELIANCE.NS,2017-10-23,417.34716796875,431.88507080078125,415.60992431640625,429.6220703125
RELIANCE.NS,2017-10-24,433.2565612792969,433.2565612792969,424.3418273925781,427.107666015625
RELIANCE.NS,2017-10-25,429.7821044921875,432.43365478515625,424.9361267089844,429.690673828125
RELIANCE.NS,2017-10-26,429.73638916015625,437.8739318847656,425.62188720703125,433.1194152832031
RELIANCE.NS,2017-10-27,434.30804443359375,437.3710632324219,423.1988830566406,425.09613037109375
RELIANCE.NS,2017-10-30,426.9933776855469,432.2736511230469,425.43902587890625,430.8793029785156
RELIANCE.NS,2017-10-31,431.9993591308594,432.3650817871094,426.17047119140625,430.1249694824219
RELIANCE.NS,2017-11-01,433.2794189453125,437.8739318847656,432.3650817871094,435.47381591796875
RELIANCE.NS,2017-11-02,435.5881042480469,437.2796325683594,431.6793212890625,432.753662109375
RELIANCE.NS,2017-11-03,437.0281677246094,437.0281677246094,429.8049621582031,432.15936279296875
RELIANCE.NS,2017-11-06,430.8793029785156,430.8793029785156,424.7075500488281,426.3076171875
RELIANCE.NS,2017-11-07,426.69622802734375,427.4505310058594,412.8440856933594,414.5127258300781
RELIANCE.NS,2017-11-08,412.5926513671875,414.1927185058594,404.1807861328125,405.8722839355469
RELIANCE.NS,2017-11-09,409.0495910644531,415.9756774902344,407.81524658203125,411.6783142089844
RELIANCE.NS,2017-11-10,411.884033203125,411.884033203125,401.940673828125,404.0664978027344
RELIANCE.NS,2017-11-13,404.59222412109375,407.7466735839844,399.3348083496094,400.1348571777344
RELIANCE.NS,2017-11-14,400.02056884765625,409.16387939453125,399.1062316894531,405.3694152832031
RELIANCE.NS,2017-11-15,404.3636474609375,407.15234375,401.36920166015625,403.9979248046875
RELIANCE.NS,2017-11-16,404.82080078125,414.1927185058594,404.82080078125,413.2098083496094
RELIANCE.NS,2017-11-17,420.113037109375,422.8331604003906,415.33563232421875,416.8900146484375
RELIANCE.NS,2017-11-20,414.2841491699219,422.58172607421875,413.7355651855469,420.98162841796875
RELIANCE.NS,2017-11-21,423.7017822265625,429.57635498046875,423.1074523925781,426.3304748535156
RELIANCE.NS,2017-11-22,428.5705871582031,429.11920166015625,422.1702575683594,425.5075988769531
RELIANCE.NS,2017-11-23,425.62188720703125,434.2623291015625,423.6332092285156,432.9365539550781
RELIANCE.NS,2017-11-24,434.30804443359375,438.651123046875,433.1194152832031,434.8109130859375
RELIANCE.NS,2017-11-27,433.05084228515625,437.7367858886719,431.5650329589844,434.9252014160156
RELIANCE.NS,2017-11-28,434.2394714355469,434.9252014160156,428.8677673339844,431.26788330078125
RELIANCE.NS,2017-11-29,430.5821228027344,434.30804443359375,430.19354248046875,432.4793701171875
RELIANCE.NS,2017-11-30,430.3992614746094,430.3992614746094,420.3644714355469,421.3016662597656
RELIANCE.NS,2017-12-01,422.62744140625,425.7361755371094,414.96990966796875,416.0671081542969
RELIANCE.NS,2017-12-04,417.6214599609375,417.75860595703125,410.23822021484375,412.1811828613281
RELIANCE.NS,2017-12-05,411.92974853515625,420.9359130859375,409.36962890625,417.712890625
RELIANCE.NS,2017-12-06,416.0213928222656,425.3018493652344,415.4727783203125,423.6332092285156
RELIANCE.NS,2017-12-07,425.18756103515625,427.90771484375,421.96453857421875,425.8733215332031
RELIANCE.NS,2017-12-08,426.9248046875,428.3420104980469,420.15875244140625,421.0502014160156
RELIANCE.NS,2017-12-11,421.7131042480469,423.3360595703125,417.6443176269531,418.83294677734375
RELIANCE.NS,2017-12-12,418.74151611328125,424.7075500488281,415.1070556640625,418.5815124511719
RELIANCE.NS,2017-12-13,419.17584228515625,422.85601806640625,416.3414001464844,418.147216796875
RELIANCE.NS,2017-12-14,420.1358947753906,422.8331604003906,415.4499206542969,421.27880859375
RELIANCE.NS,2017-12-15,425.62188720703125,426.51336669921875,419.54156494140625,420.478759765625
RELIANCE.NS,2017-12-18,416.9128723144531,426.3761901855469,394.37457275390625,421.0502014160156
RELIANCE.NS,2017-12-19,422.2388610839844,423.793212890625,420.5930480957031,423.3132019042969
RELIANCE.NS,2017-12-20,423.29034423828125,423.97607421875,419.2215576171875,419.7472839355469
RELIANCE.NS,2017-12-21,419.8844299316406,422.39886474609375,416.0213928222656,417.3700256347656
RELIANCE.NS,2017-12-22,418.147216796875,421.69024658203125,415.70135498046875,420.7759094238281
RELIANCE.NS,2017-12-26,422.810302734375,429.2334899902344,419.7472839355469,425.0732727050781
RELIANCE.NS,2017-12-27,426.5362243652344,428.59344482421875,420.1358947753906,422.30743408203125
RELIANCE.NS,2017-12-28,422.9931640625,427.1762390136719,420.1816101074219,422.5131530761719
RELIANCE.NS,2017-12-29,423.56463623046875,426.2161865234375,419.90728759765625,421.07305908203125
RELIANCE.NS,2018-01-01,421.827392578125,421.827392578125,414.87847900390625,415.9071044921875
RELIANCE.NS,2018-01-02,417.39288330078125,420.3873291015625,414.3755798339844,416.547119140625
RELIANCE.NS,2018-01-03,422.8788757324219,423.3360595703125,417.4157409667969,418.2157897949219
RELIANCE.NS,2018-01-04,419.7472839355469,421.41595458984375,418.6272277832031,420.7301940917969
RELIANCE.NS,2018-01-05,421.41595458984375,423.74749755859375,420.70733642578125,422.0788269042969
RELIANCE.NS,2018-01-08,423.38177490234375,425.62188720703125,422.1931457519531,424.5018310546875
RELIANCE.NS,2018-01-09,424.3189392089844,431.5193176269531,422.4217224121094,430.1706848144531
RELIANCE.NS,2018-01-10,431.1078796386719,433.1194152832031,427.67913818359375,430.81072998046875
RELIANCE.NS,2018-01-11,430.55926513671875,430.9478759765625,427.4505310058594,428.707763671875
RELIANCE.NS,2018-01-12,431.1078796386719,435.5881042480469,428.93634033203125,433.8508605957031
RELIANCE.NS,2018-01-15,434.30804443359375,438.1939392089844,432.1136474609375,433.91943359375
RELIANCE.NS,2018-01-16,433.2565612792969,433.2565612792969,420.5930480957031,421.9416809082031
RELIANCE.NS,2018-01-17,423.3360595703125,424.7075500488281,414.6498718261719,422.6502990722656
RELIANCE.NS,2018-01-18,424.7075500488281,424.9818420410156,418.3529357910156,420.4559020996094
RELIANCE.NS,2018-01-19,421.96453857421875,427.1762390136719,421.5531005859375,425.759033203125
RELIANCE.NS,2018-01-22,433.3937072753906,445.41717529296875,429.73638916015625,444.1371154785156
RELIANCE.NS,2018-01-23,445.7372131347656,453.02899169921875,445.7372131347656,449.5088195800781
RELIANCE.NS,2018-01-24,448.82305908203125,448.82305908203125,440.0911865234375,441.78271484375
RELIANCE.NS,2018-01-25,442.4913024902344,444.3656921386719,437.1195983886719,441.5769958496094
RELIANCE.NS,2018-01-29,441.7141418457031,446.7886657714844,438.5596923828125,440.93695068359375
RELIANCE.NS,2018-01-30,441.5312805175781,441.5312805175781,433.8508605957031,434.49090576171875
RELIANCE.NS,2018-01-31,434.30804443359375,440.93695068359375,430.4449768066406,439.4740295410156
RELIANCE.NS,2018-02-01,440.3655090332031,444.6399841308594,428.1820068359375,431.4964599609375
RELIANCE.NS,2018-02-02,427.4505310058594,431.54217529296875,411.9068908691406,413.4383850097656
RELIANCE.NS,2018-02-05,408.70672607421875,417.164306640625,403.1293029785156,412.4326171875
RELIANCE.NS,2018-02-06,400.9349060058594,410.535400390625,398.19189453125,407.8381042480469
RELIANCE.NS,2018-02-07,412.6155090332031,413.9184265136719,406.8780517578125,408.88958740234375
RELIANCE.NS,2018-02-08,410.48968505859375,416.31854248046875,407.952392578125,413.5298156738281
RELIANCE.NS,2018-02-09,406.4208984375,412.3640441894531,405.04937744140625,410.4668273925781
RELIANCE.NS,2018-02-12,412.82122802734375,419.7701416015625,412.38690185546875,418.5357971191406
RELIANCE.NS,2018-02-14,421.96453857421875,430.8793029785156,421.0502014160156,426.8333740234375
RELIANCE.NS,2018-02-15,428.66204833984375,432.3650817871094,424.3189392089844,427.7477111816406
RELIANCE.NS,2018-02-16,429.5534973144531,430.9250183105469,419.72442626953125,421.1873779296875
RELIANCE.NS,2018-02-19,421.0502014160156,426.07904052734375,417.6443176269531,423.793212890625
RELIANCE.NS,2018-02-20,424.7075500488281,424.958984375,420.0444641113281,421.0959167480469
RELIANCE.NS,2018-02-21,425.1647033691406,426.3076171875,421.5759582519531,424.8675537109375
RELIANCE.NS,2018-02-22,421.50738525390625,425.62188720703125,420.5930480957031,422.58172607421875
RELIANCE.NS,2018-02-23,423.0617370605469,428.8220520019531,421.8502502441406,427.107666015625
RELIANCE.NS,2018-02-26,429.2792053222656,431.97650146484375,428.1820068359375,429.1420593261719
RELIANCE.NS,2018-02-27,429.2792053222656,436.9595947265625,428.9820556640625,434.53662109375
RELIANCE.NS,2018-02-28,432.4565124511719,437.5539245605469,431.1993103027344,436.3881530761719
RELIANCE.NS,2018-03-01,434.1937561035156,438.833984375,432.4565124511719,433.5765686035156
RELIANCE.NS,2018-03-05,431.1078796386719,434.3766174316406,421.32452392578125,422.4674377441406
RELIANCE.NS,2018-03-06,424.7075500488281,427.9991455078125,413.7812805175781,416.40997314453125
RELIANCE.NS,2018-03-07,415.6784973144531,415.6784973144531,405.986572265625,406.7637634277344
RELIANCE.NS,2018-03-08,410.3753662109375,418.0786437988281,408.38671875,416.68426513671875
RELIANCE.NS,2018-03-09,418.2615051269531,420.2958984375,416.50140380859375,417.4385986328125
RELIANCE.NS,2018-03-12,420.5930480957031,426.5819396972656,419.4729919433594,425.3018493652344
RELIANCE.NS,2018-03-13,426.0333251953125,427.90771484375,421.2102355957031,426.0104675292969
RELIANCE.NS,2018-03-14,424.6161193847656,426.1018981933594,420.2273254394531,424.73040771484375
RELIANCE.NS,2018-03-15,422.8788757324219,424.91326904296875,416.0213928222656,416.8442687988281
RELIANCE.NS,2018-03-16,415.564208984375,415.8842468261719,405.072265625,411.47259521484375
RELIANCE.NS,2018-03-19,411.9068908691406,414.6041564941406,407.7923889160156,409.3924865722656
RELIANCE.NS,2018-03-20,408.38671875,413.27838134765625,405.5294189453125,406.78662109375
RELIANCE.NS,2018-03-21,409.0953063964844,412.5240478515625,408.38671875,410.0325012207031
RELIANCE.NS,2018-03-22,409.6210632324219,416.9128723144531,409.50677490234375,415.1756286621094
RELIANCE.NS,2018-03-23,407.15234375,411.44970703125,406.46661376953125,408.6610107421875
RELIANCE.NS,2018-03-26,408.6838684082031,413.41552734375,408.0209655761719,411.9526062011719
RELIANCE.NS,2018-03-27,414.7413330078125,416.3642578125,410.0782165527344,411.3582763671875
RELIANCE.NS,2018-03-28,409.5296325683594,409.552490234375,402.306396484375,403.5407409667969
RELIANCE.NS,2018-04-02,408.2495422363281,411.884033203125,405.2779846191406,408.2266845703125
RELIANCE.NS,2018-04-03,407.3352355957031,412.2268981933594,404.7065124511719,411.2439880371094
RELIANCE.NS,2018-04-04,413.598388671875,416.8442687988281,407.81524658203125,409.1181640625
RELIANCE.NS,2018-04-05,413.7812805175781,416.0213928222656,413.0498046875,415.198486328125
RELIANCE.NS,2018-04-06,415.1070556640625,419.90728759765625,413.7355651855469,416.4785461425781
RELIANCE.NS,2018-04-09,417.1871643066406,420.1358947753906,417.1871643066406,418.7643737792969
RELIANCE.NS,2018-04-10,419.861572265625,422.3760070800781,417.91864013671875,419.2444152832031
RELIANCE.NS,2018-04-11,421.41595458984375,426.4219055175781,418.7872314453125,425.5533142089844
RELIANCE.NS,2018-04-12,425.09613037109375,428.2048645019531,422.5131530761719,424.5704040527344
RELIANCE.NS,2018-04-13,426.3990478515625,430.5135498046875,424.5704040527344,429.21063232421875
RELIANCE.NS,2018-04-16,427.1990966796875,429.73638916015625,424.4789733886719,428.3877258300781
RELIANCE.NS,2018-04-17,429.73638916015625,433.0279846191406,427.90771484375,431.6793212890625
RELIANCE.NS,2018-04-18,432.1365051269531,433.4851379394531,427.473388671875,428.8220520019531
RELIANCE.NS,2018-04-19,429.3249206542969,432.022216796875,427.4505310058594,430.7878723144531
RELIANCE.NS,2018-04-20,428.8220520019531,430.5821228027344,421.14166259765625,424.20465087890625
RELIANCE.NS,2018-04-23,425.1647033691406,431.72503662109375,424.4789733886719,427.90771484375
RELIANCE.NS,2018-04-24,427.8162841796875,446.0572204589844,427.4505310058594,443.4742126464844
RELIANCE.NS,2018-04-25,445.1200256347656,448.8459167480469,440.5026550292969,443.6799621582031
RELIANCE.NS,2018-04-26,444.8228759765625,451.68035888671875,439.9083251953125,445.897216796875
RELIANCE.NS,2018-04-27,452.5032653808594,462.1951904296875,450.5374450683594,455.474853515625
RELIANCE.NS,2018-04-30,448.9373779296875,453.7833251953125,438.87969970703125,440.38836669921875
RELIANCE.NS,2018-05-02,442.0798645019531,447.65728759765625,441.1883850097656,444.68572998046875
RELIANCE.NS,2018-05-03,447.06298828125,447.06298828125,438.5368347167969,439.6111755371094
RELIANCE.NS,2018-05-04,440.1826171875,441.02838134765625,434.30804443359375,436.1138610839844
RELIANCE.NS,2018-05-07,438.3539733886719,444.9371643066406,437.2110595703125,443.9085388183594
RELIANCE.NS,2018-05-08,446.880126953125,448.9373779296875,441.2569580078125,442.1255798339844
RELIANCE.NS,2018-05-09,441.5769958496094,449.98883056640625,439.9083251953125,446.5143737792969
RELIANCE.NS,2018-05-10,448.0230407714844,450.1260070800781,445.3943176269531,448.54876708984375
RELIANCE.NS,2018-05-11,448.594482421875,453.1889953613281,446.9944152832031,452.2518310546875
RELIANCE.NS,2018-05-14,453.4861755371094,453.4861755371094,446.5143737792969,451.0403137207031
RELIANCE.NS,2018-05-15,449.4173889160156,457.1663513183594,446.49151611328125,447.5429992675781
RELIANCE.NS,2018-05-16,445.280029296875,445.280029296875,435.4281005859375,437.1195983886719
RELIANCE.NS,2018-05-17,438.5825500488281,438.87969970703125,430.422119140625,432.1822204589844
RELIANCE.NS,2018-05-18,432.2965087890625,435.9081115722656,426.07904052734375,426.9248046875
RELIANCE.NS,2018-05-21,425.5075988769531,427.77056884765625,421.5531005859375,425.7818908691406
RELIANCE.NS,2018-05-22,426.60479736328125,426.9933776855469,422.8788757324219,423.6789245605469
RELIANCE.NS,2018-05-23,423.3360595703125,423.3360595703125,415.6327819824219,417.0500183105469
RELIANCE.NS,2018-05-24,417.85003662109375,421.0502014160156,416.0899658203125,418.69580078125
RELIANCE.NS,2018-05-25,418.7643737792969,422.14739990234375,418.0557861328125,420.9587707519531
RELIANCE.NS,2018-05-28,422.8331604003906,423.793212890625,419.72442626953125,420.7759094238281
RELIANCE.NS,2018-05-29,421.27880859375,424.2503662109375,418.0329284667969,419.4272766113281
RELIANCE.NS,2018-05-30,418.2386474609375,422.05596923828125,414.4670104980469,418.8100891113281
RELIANCE.NS,2018-05-31,421.0502014160156,421.64453125,418.10150146484375,421.2102355957031
RELIANCE.NS,2018-06-01,420.5930480957031,427.7934265136719,419.8844299316406,425.4161682128906
RELIANCE.NS,2018-06-04,426.7190856933594,431.5650329589844,425.4161682128906,430.1249694824219
RELIANCE.NS,2018-06-05,431.0164489746094,436.5938720703125,430.19354248046875,433.23370361328125
RELIANCE.NS,2018-06-06,432.9365539550781,437.051025390625,430.9478759765625,436.319580078125
RELIANCE.NS,2018-06-07,436.54815673828125,446.1943664550781,436.3424377441406,444.06854248046875
RELIANCE.NS,2018-06-08,441.78271484375,451.0174560546875,439.15399169921875,450.01171875
RELIANCE.NS,2018-06-11,451.2689208984375,457.14349365234375,447.5887145996094,449.2345275878906
RELIANCE.NS,2018-06-12,449.577392578125,457.1663513183594,448.1601867675781,455.8634338378906
RELIANCE.NS,2018-06-13,457.1663513183594,459.8636474609375,452.3661193847656,458.30926513671875
RELIANCE.NS,2018-06-14,456.0005798339844,462.5609130859375,451.40606689453125,460.80084228515625
RELIANCE.NS,2018-06-15,459.90936279296875,467.9097595214844,456.823486328125,463.6581115722656
RELIANCE.NS,2018-06-18,461.1894226074219,466.5154113769531,460.36651611328125,464.2752990722656
RELIANCE.NS,2018-06-19,463.5209655761719,463.93243408203125,454.2633361816406,455.3605651855469
RELIANCE.NS,2018-06-20,455.3376770019531,467.6354675292969,454.81195068359375,465.966796875
RELIANCE.NS,2018-06-21,467.88690185546875,473.6243591308594,466.90399169921875,471.7728271484375
RELIANCE.NS,2018-06-22,470.1498718261719,470.515625,461.0294189453125,462.8809509277344
RELIANCE.NS,2018-06-25,462.3780517578125,464.7095947265625,458.21783447265625,459.20074462890625
RELIANCE.NS,2018-06-26,459.90936279296875,459.90936279296875,445.85150146484375,447.5429992675781
RELIANCE.NS,2018-06-27,447.3372802734375,450.4917297363281,440.1140441894531,441.55413818359375
RELIANCE.NS,2018-06-28,439.7940368652344,442.765625,429.87353515625,431.9993591308594
RELIANCE.NS,2018-06-29,433.8965759277344,445.9657897949219,433.8508605957031,444.5714111328125
RELIANCE.NS,2018-07-02,444.52569580078125,444.52569580078125,437.5082092285156,439.15399169921875
RELIANCE.NS,2018-07-03,441.16552734375,447.3144226074219,439.0397033691406,444.0456848144531
RELIANCE.NS,2018-07-04,444.2742614746094,453.509033203125,443.9085388183594,452.6404113769531
RELIANCE.NS,2018-07-05,455.79486083984375,461.0065612792969,438.23968505859375,440.93695068359375
RELIANCE.NS,2018-07-06,441.0512390136719,449.39453125,440.93695068359375,446.9029846191406
RELIANCE.NS,2018-07-09,451.2689208984375,457.1663513183594,449.62310791015625,455.840576171875
RELIANCE.NS,2018-07-10,458.4235534667969,470.1955871582031,457.1663513183594,468.91552734375
RELIANCE.NS,2018-07-11,468.59552001953125,475.8644714355469,465.3267822265625,474.9044189453125
RELIANCE.NS,2018-07-12,477.4416809082031,502.4258117675781,476.6416320800781,494.8139953613281
RELIANCE.NS,2018-07-13,493.96826171875,506.99749755859375,493.7396545410156,502.79156494140625
RELIANCE.NS,2018-07-16,502.79156494140625,506.9517822265625,490.5623474121094,492.00244140625
RELIANCE.NS,2018-07-17,492.9624938964844,501.0314636230469,488.9851379394531,499.38568115234375
RELIANCE.NS,2018-07-18,502.1515197753906,504.9859619140625,492.50531005859375,499.47711181640625
RELIANCE.NS,2018-07-19,499.8199768066406,509.740478515625,496.6426696777344,505.1002502441406
RELIANCE.NS,2018-07-20,509.009033203125,520.48388671875,508.3232727050781,515.9808349609375
RELIANCE.NS,2018-07-23,516.5065307617188,516.5065307617188,508.87188720703125,512.1634521484375
RELIANCE.NS,2018-07-24,512.940673828125,515.1121826171875,506.2660217285156,507.88897705078125
RELIANCE.NS,2018-07-25,507.45465087890625,513.3978271484375,504.8031005859375,509.8090515136719
RELIANCE.NS,2018-07-26,507.5003662109375,512.7120971679688,506.4488830566406,507.7518005371094
RELIANCE.NS,2018-07-27,511.7977294921875,519.9810180664062,508.43756103515625,516.5294189453125
RELIANCE.NS,2018-07-30,516.5979614257812,529.07861328125,515.6836547851562,526.38134765625
RELIANCE.NS,2018-07-31,526.198486328125,544.2108154296875,524.4384155273438,542.1992797851562
RELIANCE.NS,2018-08-01,544.2108154296875,549.9254150390625,541.9249877929688,545.102294921875
RELIANCE.NS,2018-08-02,544.7137451171875,544.7137451171875,533.0331420898438,534.1303100585938
RELIANCE.NS,2018-08-03,537.1704711914062,541.056396484375,534.6788940429688,538.0619506835938
RELIANCE.NS,2018-08-06,537.9476318359375,546.7709350585938,537.3305053710938,545.2166137695312
RELIANCE.NS,2018-08-07,546.26806640625,549.2396850585938,538.0847778320312,541.3764038085938
RELIANCE.NS,2018-08-08,541.7421264648438,558.8858642578125,541.7421264648438,556.6914672851562
RELIANCE.NS,2018-08-09,558.4287109375,563.091796875,554.0856323242188,556.8057861328125
RELIANCE.NS,2018-08-10,553.6284790039062,555.4571533203125,549.651123046875,550.5197143554688
RELIANCE.NS,2018-08-13,547.4795532226562,548.5767822265625,540.690673828125,542.9765014648438
RELIANCE.NS,2018-08-14,544.0279541015625,556.462890625,541.422119140625,553.4456176757812
RELIANCE.NS,2018-08-16,550.08544921875,555.914306640625,546.5423583984375,548.96533203125
RELIANCE.NS,2018-08-17,552.714111328125,555.6400146484375,548.6224975585938,550.3140258789062
RELIANCE.NS,2018-08-20,552.2112426757812,565.42333984375,552.096923828125,564.5547485351562
RELIANCE.NS,2018-08-21,565.6290893554688,572.1436767578125,560.943115234375,570.1778564453125
RELIANCE.NS,2018-08-23,569.7664184570312,582.429931640625,566.1548461914062,580.349853515625
RELIANCE.NS,2018-08-24,578.4297485351562,585.1500854492188,576.052490234375,584.030029296875
RELIANCE.NS,2018-08-27,584.8986206054688,592.4190063476562,584.6015014648438,590.4303588867188
RELIANCE.NS,2018-08-28,592.4876098632812,604.8311157226562,592.0304565429688,603.00244140625
RELIANCE.NS,2018-08-29,601.76806640625,607.5740966796875,589.8360595703125,591.6646728515625
RELIANCE.NS,2018-08-30,591.390380859375,593.0133666992188,580.8070068359375,582.6356811523438
RELIANCE.NS,2018-08-31,580.6012573242188,580.6012573242188,565.3319091796875,567.640625
RELIANCE.NS,2018-09-03,569.172119140625,575.069580078125,560.5087890625,561.926025390625
RELIANCE.NS,2018-09-04,564.6690063476562,573.65234375,561.8574829101562,567.7777709960938
RELIANCE.NS,2018-09-05,568.0291748046875,572.66943359375,552.4855346679688,560.943115234375
RELIANCE.NS,2018-09-06,562.3831787109375,578.6354370117188,560.1887817382812,576.6696166992188
RELIANCE.NS,2018-09-07,578.2697143554688,585.7901000976562,573.5151977539062,584.5328979492188
RELIANCE.NS,2018-09-10,582.8870849609375,583.8014526367188,571.503662109375,574.1323852539062
RELIANCE.NS,2018-09-11,575.5724487304688,579.8698120117188,564.257568359375,565.8347778320312
RELIANCE.NS,2018-09-12,572.2808227539062,575.435302734375,561.7888793945312,572.6008911132812
RELIANCE.NS,2018-09-14,575.7553100585938,583.161376953125,570.3836059570312,572.8980102539062
RELIANCE.NS,2018-09-17,571.8008422851562,571.8008422851562,558.4744262695312,560.4402465820312
RELIANCE.NS,2018-09-18,560.4859619140625,566.6119995117188,555.1599731445312,556.4400024414062
RELIANCE.NS,2018-09-19,559.5715942382812,559.5715942382812,549.0568237304688,553.51416015625
RELIANCE.NS,2018-09-21,557.2857666015625,565.6976318359375,541.056396484375,556.6000366210938
RELIANCE.NS,2018-09-24,555.2056884765625,566.840576171875,550.6568603515625,563.2518310546875
RELIANCE.NS,2018-09-25,564.8290405273438,569.172119140625,546.3137817382812,562.5889282226562
RELIANCE.NS,2018-09-26,566.4291381835938,573.2637329101562,561.01171875,572.0979614257812
RELIANCE.NS,2018-09-27,573.7437744140625,577.401123046875,565.7433471679688,573.1723022460938
RELIANCE.NS,2018-09-28,575.98388671875,581.3784790039062,570.2235717773438,575.0924072265625
RELIANCE.NS,2018-10-01,574.9781494140625,574.9781494140625,550.4282836914062,563.091796875
RELIANCE.NS,2018-10-03,562.0860595703125,566.7034301757812,548.6224975585938,550.93115234375
RELIANCE.NS,2018-10-04,543.7993774414062,544.2108154296875,505.6259765625,513.054931640625
RELIANCE.NS,2018-10-05,502.6544189453125,509.87762451171875,474.60723876953125,479.4989318847656
RELIANCE.NS,2018-10-08,480.0246887207031,510.6548156738281,468.8469543457031,507.18035888671875
RELIANCE.NS,2018-10-09,512.7806396484375,513.5349731445312,494.28826904296875,498.3341979980469
RELIANCE.NS,2018-10-10,500.0942687988281,510.12908935546875,495.7054748535156,503.8430480957031
RELIANCE.NS,2018-10-11,486.4250183105469,509.6261901855469,476.82452392578125,497.3055725097656
RELIANCE.NS,2018-10-12,505.1459655761719,516.1408081054688,503.7516174316406,515.020751953125
RELIANCE.NS,2018-10-15,516.55224609375,524.3240966796875,511.1805725097656,521.0553588867188
RELIANCE.NS,2018-10-16,523.9126586914062,533.6959838867188,521.1696166992188,532.0502319335938
RELIANCE.NS,2018-10-17,538.9991455078125,539.1591186523438,521.1696166992188,526.3356323242188
RELIANCE.NS,2018-10-19,502.88299560546875,507.9118347167969,489.28228759765625,503.477294921875
RELIANCE.NS,2018-10-22,507.45465087890625,509.6490478515625,483.3848571777344,485.8078308105469
RELIANCE.NS,2018-10-23,481.2818908691406,486.7450256347656,477.1216735839844,482.1733703613281
RELIANCE.NS,2018-10-24,491.4081115722656,491.8881530761719,471.5213928222656,478.08172607421875
RELIANCE.NS,2018-10-25,473.6243591308594,475.75018310546875,464.66387939453125,471.2470703125
RELIANCE.NS,2018-10-26,472.2071228027344,483.224853515625,467.2240295410156,477.693115234375
RELIANCE.NS,2018-10-29,478.1960144042969,500.0714111328125,478.1960144042969,497.3055725097656
RELIANCE.NS,2018-10-30,496.25408935546875,496.25408935546875,480.9847106933594,483.224853515625
RELIANCE.NS,2018-10-31,484.13916015625,487.270751953125,478.6531677246094,485.16778564453125
RELIANCE.NS,2018-11-01,488.20794677734375,488.20794677734375,480.0246887207031,482.8819580078125
RELIANCE.NS,2018-11-02,487.7965087890625,494.19683837890625,486.0364074707031,491.4081115722656
RELIANCE.NS,2018-11-05,490.7452392578125,499.5456848144531,486.8821716308594,498.448486328125
RELIANCE.NS,2018-11-06,500.1399841308594,508.3689880371094,499.04278564453125,504.75738525390625
RELIANCE.NS,2018-11-07,509.740478515625,509.740478515625,505.9460144042969,507.774658203125
RELIANCE.NS,2018-11-09,505.74029541015625,509.19189453125,496.0255126953125,499.8885498046875
RELIANCE.NS,2018-11-12,501.8315124511719,502.3343811035156,491.24810791015625,493.7396545410156
RELIANCE.NS,2018-11-13,490.9966735839844,504.2544860839844,489.19085693359375,502.6315612792969
RELIANCE.NS,2018-11-14,505.1916809082031,508.6661376953125,496.25408935546875,501.94580078125
RELIANCE.NS,2018-11-15,501.4886474609375,504.2544860839844,496.71124267578125,501.44293212890625
RELIANCE.NS,2018-11-16,501.94580078125,516.5751342773438,501.5572204589844,515.4093627929688
RELIANCE.NS,2018-11-19,517.9237670898438,526.5184936523438,517.05517578125,525.7413330078125
RELIANCE.NS,2018-11-20,523.4555053710938,528.4385986328125,516.5979614257812,519.9810180664062
RELIANCE.NS,2018-11-21,520.0267333984375,523.68408203125,506.10601806640625,508.7804260253906
RELIANCE.NS,2018-11-22,509.51190185546875,514.47216796875,502.9287109375,504.1859130859375
RELIANCE.NS,2018-11-26,506.99749755859375,510.8833923339844,501.6943664550781,507.3403625488281
RELIANCE.NS,2018-11-27,506.4945983886719,516.5979614257812,505.3745422363281,515.7750854492188
RELIANCE.NS,2018-11-28,517.718017578125,529.2843627929688,514.906494140625,526.9528198242188
RELIANCE.NS,2018-11-29,530.7701416015625,539.4105834960938,530.31298828125,534.1989135742188
RELIANCE.NS,2018-11-30,535.9360961914062,542.1992797851562,531.3644409179688,533.7645874023438
RELIANCE.NS,2018-12-03,537.124755859375,537.124755859375,525.0555419921875,528.6900634765625
RELIANCE.NS,2018-12-04,529.3986206054688,529.3986206054688,522.1754150390625,526.7927856445312
RELIANCE.NS,2018-12-05,522.884033203125,529.764404296875,520.849609375,528.095703125
RELIANCE.NS,2018-12-06,525.2841186523438,525.2841186523438,511.2262878417969,513.6950073242188
RELIANCE.NS,2018-12-07,516.3465576171875,519.7752685546875,506.7003173828125,518.335205078125
RELIANCE.NS,2018-12-10,507.45465087890625,509.42047119140625,495.1568908691406,498.4256286621094
RELIANCE.NS,2018-12-11,487.3393249511719,503.8430480957031,482.3105163574219,501.762939453125
RELIANCE.NS,2018-12-12,502.4258117675781,509.05474853515625,497.28271484375,507.6832275390625
RELIANCE.NS,2018-12-13,515.6836547851562,515.6836547851562,500.6200256347656,506.10601806640625
RELIANCE.NS,2018-12-14,504.3002014160156,509.69476318359375,499.13421630859375,508.4604187011719
RELIANCE.NS,2018-12-17,510.1748046875,517.969482421875,508.1404113769531,516.55224609375
RELIANCE.NS,2018-12-18,513.5349731445312,520.7124633789062,512.2548828125,519.5238647460938
RELIANCE.NS,2018-12-19,521.8554077148438,524.5069580078125,518.0609130859375,519.7067260742188
RELIANCE.NS,2018-12-20,512.4834594726562,517.7409057617188,510.2662353515625,515.889404296875
RELIANCE.NS,2018-12-21,514.3121337890625,517.16943359375,501.0543212890625,502.97442626953125
RELIANCE.NS,2018-12-24,503.29443359375,504.3459167480469,496.7341003417969,497.9227294921875
RELIANCE.NS,2018-12-26,496.3912353515625,502.88299560546875,487.1793212890625,502.128662109375
RELIANCE.NS,2018-12-27,506.1745910644531,515.2265014648438,504.711669921875,512.1177368164062
RELIANCE.NS,2018-12-28,514.5407104492188,518.9981079101562,512.5748901367188,514.5635986328125
RELIANCE.NS,2018-12-31,517.0322875976562,518.3580932617188,510.2890930175781,512.5977783203125
RELIANCE.NS,2019-01-01,514.4264526367188,515.3636474609375,507.5003662109375,512.4834594726562
RELIANCE.NS,2019-01-02,509.51190185546875,515.2265014648438,503.34014892578125,505.8088684082031
RELIANCE.NS,2019-01-03,506.3117370605469,509.5576171875,498.3570556640625,499.56854248046875
RELIANCE.NS,2019-01-04,501.6943664550781,504.9173889160156,494.2425537109375,502.26580810546875
RELIANCE.NS,2019-01-07,506.0831604003906,511.3177185058594,503.34014892578125,505.0545349121094
RELIANCE.NS,2019-01-08,505.21453857421875,507.4317932128906,501.0543212890625,505.0088195800781
RELIANCE.NS,2019-01-09,508.3689880371094,510.6548156738281,502.2886657714844,507.7975158691406
RELIANCE.NS,2019-01-10,506.426025390625,507.9118347167969,504.2544860839844,506.3117370605469
RELIANCE.NS,2019-01-11,506.3574523925781,509.19189453125,497.6712951660156,501.99151611328125
RELIANCE.NS,2019-01-14,500.59716796875,503.111572265625,496.66552734375,501.4200744628906
RELIANCE.NS,2019-01-15,505.1688232421875,517.5123291015625,505.1688232421875,516.43798828125
RELIANCE.NS,2019-01-16,518.8837890625,523.4555053710938,516.7579956054688,519.2952880859375
RELIANCE.NS,2019-01-17,523.2040405273438,524.78125,516.5979614257812,518.6323852539062
RELIANCE.NS,2019-01-18,525.1926879882812,543.9822387695312,518.9981079101562,541.4449462890625
RELIANCE.NS,2019-01-21,545.8566284179688,566.8634033203125,543.4107666015625,565.8347778320312
RELIANCE.NS,2019-01-22,563.6175537109375,570.0635986328125,557.56005859375,564.6690063476562
RELIANCE.NS,2019-01-23,563.8232421875,568.806396484375,558.6572875976562,560.6231079101562
RELIANCE.NS,2019-01-24,560.02880859375,572.9208984375,557.7886962890625,570.2921752929688
RELIANCE.NS,2019-01-25,571.6636962890625,578.1782836914062,564.7833251953125,569.6292724609375
RELIANCE.NS,2019-01-28,571.6865234375,574.1781005859375,558.8401489257812,562.10888671875
RELIANCE.NS,2019-01-29,562.7717895507812,563.0689697265625,549.216796875,553.4684448242188
RELIANCE.NS,2019-01-30,555.4571533203125,560.02880859375,544.5308227539062,546.6337890625
RELIANCE.NS,2019-01-31,549.5139770507812,562.177490234375,549.0568237304688,561.01171875
RELIANCE.NS,2019-02-01,564.143310546875,573.7437744140625,560.9660034179688,571.43505859375
RELIANCE.NS,2019-02-04,570.08642578125,592.9219360351562,567.823486328125,590.1560668945312
RELIANCE.NS,2019-02-05,590.658935546875,596.3278198242188,584.5328979492188,590.4531860351562
RELIANCE.NS,2019-02-06,592.6018676757812,602.38525390625,591.6875610351562,599.002197265625
RELIANCE.NS,2019-02-07,599.002197265625,604.0081787109375,587.961669921875,589.927490234375
RELIANCE.NS,2019-02-08,587.3673095703125,594.5448608398438,581.6298828125,584.1214599609375
RELIANCE.NS,2019-02-11,583.298583984375,583.3442993164062,571.9151000976562,572.9437255859375
RELIANCE.NS,2019-02-12,572.1436767578125,581.6755981445312,572.1436767578125,574.3837890625
RELIANCE.NS,2019-02-14,567.3434448242188,567.3434448242188,556.82861328125,559.6630249023438
RELIANCE.NS,2019-02-15,562.2003173828125,571.4122314453125,554.9999389648438,568.920654296875
RELIANCE.NS,2019-02-18,571.4579467773438,572.6008911132812,555.4571533203125,557.7886962890625
RELIANCE.NS,2019-02-19,556.82861328125,566.7491455078125,553.7199096679688,555.9600219726562
RELIANCE.NS,2019-02-20,559.5030517578125,566.8862915039062,557.2857666015625,564.3032836914062
RELIANCE.NS,2019-02-21,565.0576171875,575.0238647460938,562.0174560546875,570.0407104492188
RELIANCE.NS,2019-02-22,568.9892578125,569.3092651367188,560.4859619140625,563.3889770507812
RELIANCE.NS,2019-02-25,565.0576171875,568.2578125,558.0401000976562,563.3660888671875
RELIANCE.NS,2019-02-26,552.9426879882812,564.509033203125,551.3426513671875,557.8572387695312
RELIANCE.NS,2019-02-27,561.4231567382812,569.1264038085938,552.714111328125,559.343017578125
RELIANCE.NS,2019-02-28,564.0289916992188,566.8176879882812,560.7373657226562,562.7946166992188
RELIANCE.NS,2019-03-01,565.5147705078125,567.9606323242188,558.7716064453125,560.5087890625
RELIANCE.NS,2019-03-05,559.2973022460938,566.7948608398438,557.1029052734375,565.8119506835938
RELIANCE.NS,2019-03-06,566.7948608398438,582.0184936523438,564.6461791992188,578.2239990234375
RELIANCE.NS,2019-03-07,577.8582763671875,585.0814819335938,575.183837890625,580.715576171875
RELIANCE.NS,2019-03-08,578.7954711914062,582.6356811523438,576.9439697265625,579.2755126953125
RELIANCE.NS,2019-03-11,580.6241455078125,599.80224609375,579.6869506835938,596.190673828125
RELIANCE.NS,2019-03-12,602.0423583984375,609.8599243164062,600.8308715820312,608.6484375
RELIANCE.NS,2019-03-13,611.2314453125,621.7462158203125,607.1626586914062,615.9402465820312
RELIANCE.NS,2019-03-14,617.060302734375,622.6605834960938,610.8199462890625,613.3115234375
RELIANCE.NS,2019-03-15,614.8887329101562,621.1976318359375,599.4365234375,604.2139282226562
RELIANCE.NS,2019-03-18,608.4884033203125,620.80908203125,607.5740966796875,617.1974487304688
RELIANCE.NS,2019-03-19,621.7462158203125,630.8895874023438,614.0201416015625,629.3123779296875
RELIANCE.NS,2019-03-20,629.8837890625,634.546875,623.5748901367188,628.8094482421875
RELIANCE.NS,2019-03-22,627.4608154296875,631.301025390625,611.0942993164062,613.4029541015625
RELIANCE.NS,2019-03-25,608.3055419921875,611.162841796875,601.950927734375,605.4939575195312
RELIANCE.NS,2019-03-26,608.1683959960938,627.0493774414062,608.03125,625.0607299804688
RELIANCE.NS,2019-03-27,629.952392578125,629.952392578125,614.5458984375,616.8317260742188
RELIANCE.NS,2019-03-28,617.2888793945312,626.2265014648438,613.8829956054688,621.7462158203125
RELIANCE.NS,2019-04-01,626.3179321289062,643.1416015625,622.9120483398438,636.3070068359375
RELIANCE.NS,2019-04-02,639.1185913085938,641.4501342773438,630.935302734375,635.3240966796875
RELIANCE.NS,2019-04-03,636.7184448242188,641.4044189453125,627.2322387695312,628.6951904296875
RELIANCE.NS,2019-04-04,630.4324340820312,632.5811157226562,615.9173583984375,618.5689697265625
RELIANCE.NS,2019-04-05,622.1805419921875,623.5291748046875,613.9744262695312,618.95751953125
RELIANCE.NS,2019-04-08,619.9176025390625,620.6033325195312,605.151123046875,607.6883544921875
RELIANCE.NS,2019-04-09,607.5283813476562,612.9229125976562,603.916748046875,610.065673828125
RELIANCE.NS,2019-04-10,611.6657104492188,616.26025390625,606.43115234375,608.6712646484375
RELIANCE.NS,2019-04-11,609.3798828125,618.5460815429688,607.5740966796875,615.711669921875
RELIANCE.NS,2019-04-12,617.174560546875,620.3290405273438,611.0714111328125,614.0201416015625
RELIANCE.NS,2019-04-15,614.8887329101562,616.694580078125,610.3170776367188,612.6715087890625
RELIANCE.NS,2019-04-16,614.8887329101562,621.7462158203125,612.6029052734375,614.3173217773438
RELIANCE.NS,2019-04-18,628.603759765625,635.346923828125,624.0321044921875,633.6097412109375
RELIANCE.NS,2019-04-22,621.7462158203125,624.9464111328125,613.1972045898438,615.0487670898438
RELIANCE.NS,2019-04-23,616.26025390625,627.6893920898438,615.345947265625,623.50634765625
RELIANCE.NS,2019-04-24,626.455078125,637.6556396484375,624.603515625,635.232666015625
RELIANCE.NS,2019-04-25,635.0498046875,645.7017822265625,622.9348754882812,627.4151000976562
RELIANCE.NS,2019-04-26,628.603759765625,638.181396484375,626.637939453125,636.7412719726562
RELIANCE.NS,2019-04-30,638.3870849609375,638.3870849609375,624.85498046875,636.7412719726562
RELIANCE.NS,2019-05-02,636.3755493164062,646.3875122070312,631.849609375,642.3416137695312
RELIANCE.NS,2019-05-03,643.6673583984375,648.0333251953125,641.244384765625,644.0787963867188
RELIANCE.NS,2019-05-06,639.1185913085938,641.31298828125,630.0209350585938,633.1296997070312
RELIANCE.NS,2019-05-07,637.6556396484375,637.7470703125,612.6943359375,614.2030029296875
RELIANCE.NS,2019-05-08,612.6029052734375,612.6029052734375,590.7503662109375,594.0648193359375
RELIANCE.NS,2019-05-09,589.1959838867188,589.1959838867188,572.2579956054688,574.4066772460938
RELIANCE.NS,2019-05-10,578.3154296875,584.1214599609375,569.172119140625,571.9837036132812
RELIANCE.NS,2019-05-13,570.4979248046875,576.3953247070312,561.1716918945312,563.2518310546875
RELIANCE.NS,2019-05-14,565.2861938476562,580.3041381835938,563.0003662109375,576.2353515625
RELIANCE.NS,2019-05-15,581.9727783203125,584.2586059570312,571.7322387695312,574.6123657226562
RELIANCE.NS,2019-05-16,576.0067749023438,581.4699096679688,575.1610107421875,578.4754638671875
RELIANCE.NS,2019-05-17,579.2297973632812,583.778564453125,572.3722534179688,579.4126586914062
RELIANCE.NS,2019-05-20,600.5337524414062,611.5514526367188,595.9163208007812,606.1568603515625
RELIANCE.NS,2019-05-21,609.0370483398438,624.9464111328125,608.0541381835938,612.511474609375
RELIANCE.NS,2019-05-22,615.1859130859375,621.6090698242188,610.36279296875,612.7857666015625
RELIANCE.NS,2019-05-23,627.2322387695312,636.3755493164062,605.7454223632812,609.814208984375
RELIANCE.NS,2019-05-24,616.26025390625,618.9118041992188,601.8594970703125,611.162841796875
RELIANCE.NS,2019-05-27,611.2771606445312,611.4600219726562,597.5164184570312,599.18505859375
RELIANCE.NS,2019-05-28,603.3681640625,610.2256469726562,600.41943359375,605.1739501953125
RELIANCE.NS,2019-05-29,603.916748046875,609.5399169921875,596.2135009765625,600.2822875976562
RELIANCE.NS,2019-05-30,601.7452392578125,613.5172729492188,601.7452392578125,607.9169921875
RELIANCE.NS,2019-05-31,611.6428833007812,613.4715576171875,603.551025390625,608.099853515625
RELIANCE.NS,2019-06-03,610.3170776367188,625.0607299804688,604.0081787109375,621.8377075195312
RELIANCE.NS,2019-06-04,620.5804443359375,628.2608642578125,616.3059692382812,617.9288940429688
RELIANCE.NS,2019-06-06,622.6148681640625,622.6148681640625,603.9624633789062,606.8197631835938
RELIANCE.NS,2019-06-07,606.1797485351562,606.7740478515625,596.8764038085938,601.1280517578125
RELIANCE.NS,2019-06-10,603.8710327148438,606.6597290039062,598.9336547851562,603.0709838867188
RELIANCE.NS,2019-06-11,604.3053588867188,610.0885009765625,602.5452880859375,607.6426391601562
RELIANCE.NS,2019-06-12,610.179931640625,611.8714599609375,605.7454223632812,609.01416015625
RELIANCE.NS,2019-06-13,608.03125,610.179931640625,598.270751953125,606.7740478515625
RELIANCE.NS,2019-06-14,604.3281860351562,605.7454223632812,598.6136474609375,602.3395385742188
RELIANCE.NS,2019-06-17,603.4595947265625,603.4595947265625,584.4871826171875,586.2244262695312
RELIANCE.NS,2019-06-18,584.6700439453125,588.8074340820312,580.1898193359375,585.630126953125
RELIANCE.NS,2019-06-19,588.327392578125,595.2305908203125,577.21826171875,583.96142578125
RELIANCE.NS,2019-06-20,585.1729125976562,594.3162841796875,584.2586059570312,592.8304443359375
RELIANCE.NS,2019-06-21,592.4647216796875,592.4876098632812,583.1385498046875,584.9443359375
RELIANCE.NS,2019-06-24,581.5841674804688,583.5499877929688,574.703857421875,577.1268310546875
RELIANCE.NS,2019-06-25,575.5267333984375,593.4019165039062,573.40087890625,592.4190063476562
RELIANCE.NS,2019-06-26,590.2017822265625,596.4192504882812,588.075927734375,591.641845703125
RELIANCE.NS,2019-06-27,591.1846923828125,592.8990478515625,581.0584106445312,582.49853515625
RELIANCE.NS,2019-06-28,583.84716796875,586.4758911132812,570.8407592773438,572.8751831054688
RELIANCE.NS,2019-07-01,575.1381225585938,581.812744140625,569.8350219726562,580.0755615234375
RELIANCE.NS,2019-07-02,582.4071044921875,585.630126953125,577.5382690429688,584.4871826171875
RELIANCE.NS,2019-07-03,586.4987182617188,588.14453125,582.9099731445312,586.3386840820312
RELIANCE.NS,2019-07-04,585.81298828125,590.2017822265625,585.1729125976562,587.0015869140625
RELIANCE.NS,2019-07-05,587.5044555664062,589.9732055664062,576.0296020507812,577.5610961914062
RELIANCE.NS,2019-07-08,575.1152954101562,579.732666015625,570.6350708007812,572.3951416015625
RELIANCE.NS,2019-07-09,570.9779052734375,586.7730102539062,569.4006958007812,585.2186279296875
RELIANCE.NS,2019-07-10,585.19580078125,589.4474487304688,580.0069580078125,584.647216796875
RELIANCE.NS,2019-07-11,588.3731079101562,589.6531982421875,584.8529052734375,585.8815307617188
RELIANCE.NS,2019-07-12,586.54443359375,594.3162841796875,584.2814331054688,585.4015502929688
RELIANCE.NS,2019-07-15,587.458740234375,589.5159912109375,580.7612915039062,583.3900146484375
RELIANCE.NS,2019-07-16,585.1500854492188,591.9847412109375,583.8242797851562,591.1160888671875
RELIANCE.NS,2019-07-17,591.7103881835938,592.9447631835938,585.1729125976562,586.0186767578125
RELIANCE.NS,2019-07-18,586.0872802734375,588.0988159179688,575.1152954101562,576.8753662109375
RELIANCE.NS,2019-07-19,579.7783813476562,581.9498901367188,568.12060546875,571.0007934570312
RELIANCE.NS,2019-07-22,571.9151000976562,587.2301635742188,561.0802612304688,585.4015502929688
RELIANCE.NS,2019-07-23,587.458740234375,591.5275268554688,576.2124633789062,582.2242431640625
RELIANCE.NS,2019-07-24,582.2013549804688,584.6243286132812,573.0808715820312,575.6181640625
RELIANCE.NS,2019-07-25,577.8582763671875,580.1669921875,560.943115234375,563.0003662109375
RELIANCE.NS,2019-07-26,563.0003662109375,568.0291748046875,553.1712646484375,554.9085083007812
RELIANCE.NS,2019-07-29,556.3257446289062,558.6572875976562,550.93115234375,553.6055908203125
RELIANCE.NS,2019-07-30,554.9771118164062,557.7429809570312,537.6047973632812,539.8677368164062
RELIANCE.NS,2019-07-31,537.5133666992188,541.7421264648438,531.41015625,533.1702880859375
RELIANCE.NS,2019-08-01,531.8673095703125,543.205078125,525.9013061523438,539.5706176757812
RELIANCE.NS,2019-08-02,537.490478515625,547.799560546875,531.2730102539062,541.4449462890625
RELIANCE.NS,2019-08-05,533.5131225585938,533.5131225585938,515.6836547851562,522.701171875
RELIANCE.NS,2019-08-06,518.76953125,525.5584716796875,512.940673828125,515.82080078125
RELIANCE.NS,2019-08-07,514.9979248046875,520.5067749023438,504.3002014160156,507.18035888671875
RELIANCE.NS,2019-08-08,506.7003173828125,529.3986206054688,500.73431396484375,526.815673828125
RELIANCE.NS,2019-08-09,531.1587524414062,537.3990478515625,526.7927856445312,531.2730102539062
RELIANCE.NS,2019-08-13,563.7546997070312,595.5963134765625,560.4859619140625,582.7728271484375
RELIANCE.NS,2019-08-14,596.1449584960938,596.3506469726562,585.3329467773438,588.944580078125
RELIANCE.NS,2019-08-16,590.293212890625,590.5675048828125,581.9727783203125,584.2586059570312
RELIANCE.NS,2019-08-19,585.6529541015625,592.8533325195312,585.1729125976562,590.9332275390625
RELIANCE.NS,2019-08-20,589.6531982421875,590.9332275390625,581.7899169921875,583.3214111328125
RELIANCE.NS,2019-08-21,583.1842651367188,584.5557861328125,579.001220703125,581.0355834960938
RELIANCE.NS,2019-08-22,581.0355834960938,581.0584106445312,566.3834228515625,569.97216796875
RELIANCE.NS,2019-08-23,566.4291381835938,587.0015869140625,560.7145385742188,583.2756958007812
RELIANCE.NS,2019-08-26,591.5732421875,591.5732421875,575.5724487304688,579.1383666992188
RELIANCE.NS,2019-08-27,587.458740234375,587.458740234375,576.5781860351562,582.8185424804688
RELIANCE.NS,2019-08-28,582.315673828125,585.630126953125,574.2238159179688,577.5382690429688
RELIANCE.NS,2019-08-29,574.4066772460938,576.1439208984375,564.7376098632812,567.6863403320312
RELIANCE.NS,2019-08-30,569.4006958007812,573.469482421875,558.2001342773438,570.7950439453125
RELIANCE.NS,2019-09-03,567.9149169921875,568.2578125,548.599609375,551.5255126953125
RELIANCE.NS,2019-09-04,548.85107421875,550.999755859375,542.22216796875,549.1253662109375
RELIANCE.NS,2019-09-05,551.7083740234375,554.6342163085938,545.53662109375,547.9595947265625
RELIANCE.NS,2019-09-06,549.9711303710938,561.8574829101562,546.4281005859375,558.8858642578125
RELIANCE.NS,2019-09-09,558.0401000976562,563.6860961914062,554.6113891601562,558.7487182617188
RELIANCE.NS,2019-09-11,558.8858642578125,566.8862915039062,558.8858642578125,564.326171875
RELIANCE.NS,2019-09-12,564.6004638671875,567.0919799804688,551.2055053710938,553.331298828125
RELIANCE.NS,2019-09-13,554.0856323242188,561.6288452148438,551.7540893554688,560.3031005859375
RELIANCE.NS,2019-09-16,543.57080078125,557.3314819335938,542.2449951171875,553.51416015625
RELIANCE.NS,2019-09-17,553.6284790039062,553.6284790039062,545.6280517578125,547.433837890625
RELIANCE.NS,2019-09-18,550.8626098632812,556.0514526367188,547.319580078125,551.2055053710938
RELIANCE.NS,2019-09-19,552.1883544921875,553.0341186523438,536.0961303710938,539.02197265625
RELIANCE.NS,2019-09-20,543.0907592773438,580.5555419921875,536.8504638671875,573.4465942382812
RELIANCE.NS,2019-09-23,582.49853515625,585.630126953125,564.6004638671875,566.5205688476562
RELIANCE.NS,2019-09-24,568.5321044921875,593.7676391601562,568.1434936523438,584.57861328125
RELIANCE.NS,2019-09-25,587.0015869140625,592.0304565429688,580.0755615234375,584.9672241210938
RELIANCE.NS,2019-09-26,590.658935546875,593.7676391601562,586.7730102539062,592.8533325195312
RELIANCE.NS,2019-09-27,590.8875122070312,601.1737670898438,587.0015869140625,598.45361328125
RELIANCE.NS,2019-09-30,598.887939453125,610.6599731445312,596.853515625,609.0598754882812
RELIANCE.NS,2019-10-01,611.2314453125,613.5172729492188,591.2532348632812,596.556396484375
RELIANCE.NS,2019-10-03,587.9159545898438,601.03662109375,585.7672729492188,599.3679809570312
RELIANCE.NS,2019-10-04,603.4138793945312,607.3912353515625,596.0763549804688,598.019287109375
RELIANCE.NS,2019-10-07,598.019287109375,603.8253173828125,595.0934448242188,598.9336547851562
RELIANCE.NS,2019-10-09,598.2936401367188,608.0084228515625,590.8875122070312,605.631103515625
RELIANCE.NS,2019-10-10,605.7454223632812,625.8607177734375,603.916748046875,623.0034790039062
RELIANCE.NS,2019-10-11,623.437744140625,624.306396484375,611.0256958007812,618.3632202148438
RELIANCE.NS,2019-10-14,624.0092163085938,624.0092163085938,617.5631713867188,620.8319091796875
RELIANCE.NS,2019-10-15,622.88916015625,626.3179321289062,619.140380859375,623.6434936523438
RELIANCE.NS,2019-10-16,626.272216796875,630.7295532226562,623.437744140625,627.3922729492188
RELIANCE.NS,2019-10-17,628.603759765625,639.5757446289062,627.2322387695312,638.4328002929688
RELIANCE.NS,2019-10-18,641.861572265625,652.787841796875,639.4385986328125,647.507568359375
RELIANCE.NS,2019-10-22,651.4620361328125,656.8794555664062,641.5643920898438,646.5018310546875
RELIANCE.NS,2019-10-23,647.4847412109375,651.8963623046875,632.3296508789062,636.5584106445312
RELIANCE.NS,2019-10-24,640.4900512695312,658.9595947265625,633.884033203125,656.6965942382812
RELIANCE.NS,2019-10-25,658.8224487304688,658.982421875,645.176025390625,654.2965087890625
RELIANCE.NS,2019-10-27,658.7767333984375,660.6054077148438,653.7478637695312,655.6908569335938
RELIANCE.NS,2019-10-29,660.833984375,676.606201171875,659.2796020507812,670.6859130859375
RELIANCE.NS,2019-10-30,676.606201171875,678.6863403320312,667.6000366210938,676.1947631835938
RELIANCE.NS,2019-10-31,678.4348754882812,681.0178833007812,668.2400512695312,669.4515380859375
RELIANCE.NS,2019-11-01,665.1770629882812,668.2857666015625,658.7767333984375,666.045654296875
RELIANCE.NS,2019-11-04,670.16015625,672.49169921875,660.651123046875,666.3885498046875
RELIANCE.NS,2019-11-05,668.880126953125,671.5545043945312,658.7767333984375,661.6568603515625
RELIANCE.NS,2019-11-06,659.5538940429688,661.2682495117188,653.0621337890625,655.9879760742188
RELIANCE.NS,2019-11-07,656.0337524414062,668.8343505859375,654.753662109375,666.8228759765625
RELIANCE.NS,2019-11-08,662.43408203125,667.3028564453125,658.9138793945312,660.833984375
RELIANCE.NS,2019-11-11,657.9080810546875,660.2625122070312,650.3419799804688,652.7421264648438
RELIANCE.NS,2019-11-13,653.7478637695312,674.7318115234375,653.7478637695312,673.0859985351562
RELIANCE.NS,2019-11-14,674.7775268554688,677.337646484375,665.5427856445312,668.7200927734375
RELIANCE.NS,2019-11-15,670.0458984375,679.7149658203125,668.9029541015625,672.4231567382812
RELIANCE.NS,2019-11-18,673.2460327148438,679.3491821289062,665.3599243164062,667.09716796875
RELIANCE.NS,2019-11-19,670.6630249023438,692.5613403320312,669.7487182617188,690.2069091796875
RELIANCE.NS,2019-11-20,710.9165649414062,718.848388671875,705.4991455078125,707.5335083007812
RELIANCE.NS,2019-11-21,706.322021484375,711.350830078125,698.8016357421875,702.93896484375
RELIANCE.NS,2019-11-22,704.9962158203125,717.5225830078125,702.93896484375,707.0077514648438
RELIANCE.NS,2019-11-25,709.1336059570312,715.3739013671875,709.0650024414062,713.8881225585938
RELIANCE.NS,2019-11-26,716.882568359375,720.6541748046875,711.350830078125,713.2938232421875
RELIANCE.NS,2019-11-27,713.1566772460938,720.265625,711.3965454101562,717.6826171875
RELIANCE.NS,2019-11-28,718.962646484375,724.2200927734375,714.9853515625,722.4600219726562
RELIANCE.NS,2019-11-29,723.2142944335938,723.2142944335938,707.6249389648438,709.1336059570312
RELIANCE.NS,2019-12-02,731.4661865234375,738.0722045898438,720.9513549804688,725.29443359375
RELIANCE.NS,2019-12-03,728.1517333984375,728.72314453125,718.9398193359375,721.8199462890625
RELIANCE.NS,2019-12-04,719.1226806640625,721.179931640625,701.1788940429688,709.8422241210938
RELIANCE.NS,2019-12-05,719.579833984375,722.2085571289062,705.8648681640625,708.9964599609375
RELIANCE.NS,2019-12-06,709.9793701171875,716.8368530273438,704.5390625,710.8479614257812
RELIANCE.NS,2019-12-09,711.41943359375,721.1342163085938,707.0077514648438,718.9398193359375
RELIANCE.NS,2019-12-10,718.6883544921875,719.39697265625,710.5050659179688,714.0709838867188
RELIANCE.NS,2019-12-11,711.16796875,719.8084106445312,708.8821411132812,714.2767333984375
RELIANCE.NS,2019-12-12,717.865478515625,719.5112915039062,711.6480102539062,716.9282836914062
RELIANCE.NS,2019-12-13,722.3228149414062,726.89453125,718.848388671875,723.6486206054688
RELIANCE.NS,2019-12-16,727.808837890625,728.6774291992188,715.168212890625,716.1968383789062
RELIANCE.NS,2019-12-17,716.265380859375,721.8656616210938,711.1451416015625,714.4138793945312
RELIANCE.NS,2019-12-18,714.551025390625,722.3228149414062,714.0938720703125,720.4255981445312
RELIANCE.NS,2019-12-19,719.4426879882812,738.2779541015625,718.5740966796875,736.0149536132812
RELIANCE.NS,2019-12-20,738.3236694335938,739.4894409179688,729.6832275390625,731.0547485351562
RELIANCE.NS,2019-12-23,713.2252197265625,721.2027587890625,712.1737670898438,718.3912353515625
RELIANCE.NS,2019-12-24,717.248291015625,718.6883544921875,705.1790771484375,706.9849243164062
RELIANCE.NS,2019-12-26,704.79052734375,709.9564819335938,690.3897705078125,692.7899169921875
RELIANCE.NS,2019-12-27,698.093017578125,706.87060546875,695.4871826171875,705.1105346679688
RELIANCE.NS,2019-12-30,706.75634765625,707.5335083007812,698.5730590820312,705.956298828125
RELIANCE.NS,2019-12-31,704.9505004882812,705.7277221679688,689.4297485351562,692.1727294921875
RELIANCE.NS,2020-01-01,693.978515625,698.1387329101562,688.2639770507812,690.1383056640625
RELIANCE.NS,2020-01-02,691.2355346679688,704.4705200195312,691.2355346679688,701.8875122070312
RELIANCE.NS,2020-01-03,700.8359985351562,704.79052734375,696.2643432617188,702.7332763671875
RELIANCE.NS,2020-01-06,694.8928833007812,698.5044555664062,684.835205078125,686.435302734375
RELIANCE.NS,2020-01-07,694.4356689453125,701.5217895507812,691.9212646484375,696.995849609375
RELIANCE.NS,2020-01-08,692.6070556640625,701.4989013671875,690.3212280273438,691.7612915039062
RELIANCE.NS,2020-01-09,703.3961791992188,708.6078491210938,700.0360107421875,707.6935424804688
RELIANCE.NS,2020-01-10,709.4764404296875,712.2423095703125,703.8761596679688,707.5335083007812
RELIANCE.NS,2020-01-13,706.3449096679688,712.585205078125,703.3047485351562,705.7277221679688
RELIANCE.NS,2020-01-14,704.0361938476562,708.6078491210938,695.7386474609375,699.1902465820312
RELIANCE.NS,2020-01-15,702.1389770507812,703.990478515625,694.0928344726562,696.6529541015625
RELIANCE.NS,2020-01-16,699.0073852539062,705.5676879882812,698.5501708984375,703.0761108398438
RELIANCE.NS,2020-01-17,710.2079467773438,724.5858154296875,710.07080078125,722.780029296875
RELIANCE.NS,2020-01-20,735.5806884765625,735.5806884765625,697.8187255859375,700.5388793945312
RELIANCE.NS,2020-01-21,698.8245239257812,706.7106323242188,695.8071899414062,701.2474975585938
RELIANCE.NS,2020-01-22,705.8648681640625,707.1220703125,699.9674072265625,700.9960327148438
RELIANCE.NS,2020-01-23,702.4360961914062,704.9276733398438,695.212890625,698.0244750976562
RELIANCE.NS,2020-01-24,698.093017578125,702.3675537109375,694.22998046875,695.6015014648438
RELIANCE.NS,2020-01-27,692.5613403320312,696.92724609375,688.0353393554688,688.7439575195312
RELIANCE.NS,2020-01-28,689.68115234375,690.3212280273438,669.1087036132812,672.8345947265625
RELIANCE.NS,2020-01-29,673.8860473632812,683.1893920898438,669.3143920898438,676.5376586914062
RELIANCE.NS,2020-01-30,676.1490478515625,676.4690551757812,658.319580078125,660.033935546875
RELIANCE.NS,2020-01-31,664.2626953125,664.3770141601562,643.3245239257812,645.35888671875
RELIANCE.NS,2020-02-03,626.272216796875,640.0100708007812,623.140625,633.4039916992188
RELIANCE.NS,2020-02-04,640.0328979492188,654.8908081054688,639.0271606445312,652.1021118164062
RELIANCE.NS,2020-02-05,655.9879760742188,664.1712646484375,653.8850708007812,662.2054443359375
RELIANCE.NS,2020-02-06,664.765625,670.6630249023438,658.3652954101562,666.4570922851562
RELIANCE.NS,2020-02-07,663.348388671875,663.965576171875,652.970703125,655.4165649414062
RELIANCE.NS,2020-02-10,652.8335571289062,660.833984375,644.810302734375,656.3080444335938
RELIANCE.NS,2020-02-11,661.7025756835938,670.2973022460938,660.6282348632812,664.1484375
RELIANCE.NS,2020-02-12,665.7028198242188,674.2518310546875,665.1770629882812,672.1716918945312
RELIANCE.NS,2020-02-13,675.5775756835938,675.5775756835938,668.6514892578125,673.9317626953125
RELIANCE.NS,2020-02-14,675.3489990234375,686.4124145507812,664.3084106445312,680.0806884765625
RELIANCE.NS,2020-02-17,680.720703125,688.5610961914062,674.0003662109375,675.80615234375
RELIANCE.NS,2020-02-18,674.7318115234375,674.7318115234375,666.2742309570312,670.8458862304688
RELIANCE.NS,2020-02-19,676.3090209960938,688.6982421875,674.3660888671875,687.4867553710938
RELIANCE.NS,2020-02-20,684.3780517578125,689.4068603515625,678.3434448242188,679.3263549804688
RELIANCE.NS,2020-02-24,671.9202270507812,675.2346801757812,658.1138305664062,660.58251953125
RELIANCE.NS,2020-02-25,663.53125,663.53125,644.6045532226562,647.5304565429688
RELIANCE.NS,2020-02-26,644.6045532226562,645.6788940429688,634.249755859375,636.3755493164062
RELIANCE.NS,2020-02-27,634.546875,637.198486328125,625.8607177734375,633.7468872070312
RELIANCE.NS,2020-02-28,619.4146728515625,620.374755859375,605.7454223632812,607.4140625
RELIANCE.NS,2020-03-02,619.506103515625,625.8607177734375,594.8191528320312,601.6995239257812
RELIANCE.NS,2020-03-03,607.8941040039062,618.95751953125,604.3739013671875,613.9058227539062
RELIANCE.NS,2020-03-04,618.0889282226562,618.9118041992188,597.9278564453125,612.4657592773438
RELIANCE.NS,2020-03-05,618.1803588867188,620.80908203125,597.0592651367188,599.4136962890625
RELIANCE.NS,2020-03-06,580.6012573242188,588.8988647460938,567.38916015625,581.0584106445312
RELIANCE.NS,2020-03-09,566.9091186523438,567.3434448242188,500.59716796875,509.3518981933594
RELIANCE.NS,2020-03-11,506.5403137207031,538.7476806640625,506.5403137207031,527.3642578125
RELIANCE.NS,2020-03-12,496.0255126953125,503.34014892578125,479.43035888671875,485.96783447265625
RELIANCE.NS,2020-03-13,456.25201416015625,521.1696166992188,430.8335876464844,505.30596923828125
RELIANCE.NS,2020-03-16,484.8477783203125,493.6025085449219,459.4521789550781,464.3438720703125
RELIANCE.NS,2020-03-17,478.7674560546875,484.5963439941406,458.6293029785156,460.8236999511719
RELIANCE.NS,2020-03-18,468.732666015625,473.5786437988281,439.3368835449219,442.765625
RELIANCE.NS,2020-03-19,420.6387634277344,442.0798645019531,407.8838195800781,419.54156494140625
RELIANCE.NS,2020-03-20,429.5077819824219,473.1214599609375,425.1647033691406,465.37249755859375
RELIANCE.NS,2020-03-23,418.8558044433594,434.30804443359375,400.3177185058594,404.1579284667969
RELIANCE.NS,2020-03-24,425.1647033691406,443.45135498046875,409.5296325683594,431.2907409667969
RELIANCE.NS,2020-03-25,440.616943359375,526.4498901367188,440.3655090332031,494.7682800292969
RELIANCE.NS,2020-03-26,500.962890625,510.6091003417969,476.52734375,487.4307556152344
RELIANCE.NS,2020-03-27,500.59716796875,506.2203063964844,478.2874450683594,487.1564636230469
RELIANCE.NS,2020-03-30,475.7273254394531,491.3623962402344,466.3096923828125,471.0870666503906
RELIANCE.NS,2020-03-31,490.97381591796875,516.5065307617188,479.1103515625,509.1690368652344
RELIANCE.NS,2020-04-01,513.054931640625,514.1292724609375,477.8302917480469,493.9454040527344
RELIANCE.NS,2020-04-03,518.6323852539062,518.6323852539062,482.9048156738281,492.5738830566406
RELIANCE.NS,2020-04-07,503.8430480957031,554.9999389648438,502.88299560546875,551.3883666992188
RELIANCE.NS,2020-04-08,539.456298828125,561.8574829101562,530.31298828125,545.0108642578125
RELIANCE.NS,2020-04-09,554.9999389648438,563.5946655273438,545.3994750976562,557.7200927734375
RELIANCE.NS,2020-04-13,550.4054565429688,555.4571533203125,539.456298828125,543.639404296875
RELIANCE.NS,2020-04-15,547.2509765625,565.0576171875,522.5411376953125,525.6727294921875
RELIANCE.NS,2020-04-16,525.6727294921875,542.8621826171875,523.4555053710938,533.9931640625
RELIANCE.NS,2020-04-17,555.914306640625,562.3146362304688,545.2394409179688,559.5715942382812
RELIANCE.NS,2020-04-20,560.4859619140625,574.6580810546875,549.5139770507812,568.62353515625
RELIANCE.NS,2020-04-21,553.1712646484375,572.3722534179688,532.1416625976562,565.6748046875
RELIANCE.NS,2020-04-22,603.4595947265625,633.1296997070312,594.3162841796875,623.3920288085938
RELIANCE.NS,2020-04-23,625.1064453125,633.5640258789062,618.6832275390625,626.7293701171875
RELIANCE.NS,2020-04-24,617.2431640625,683.4408569335938,615.89453125,647.8047485351562
RELIANCE.NS,2020-04-27,655.5765380859375,674.3203735351562,650.5477294921875,653.6336059570312
RELIANCE.NS,2020-04-28,662.8912353515625,665.3827514648438,636.4441528320312,652.9021606445312
RELIANCE.NS,2020-04-29,660.5596923828125,664.5598754882812,649.1762084960938,652.353515625
RELIANCE.NS,2020-04-30,664.697021484375,683.4408569335938,657.4281005859375,670.2058715820312
RELIANCE.NS,2020-05-04,658.319580078125,669.7487182617188,648.0104370117188,656.1251831054688
RELIANCE.NS,2020-05-05,664.582763671875,676.1490478515625,661.6111450195312,667.760009765625
RELIANCE.NS,2020-05-06,669.2915649414062,678.8692016601562,660.833984375,667.8057861328125
RELIANCE.NS,2020-05-07,665.1770629882812,691.9898681640625,660.6054077148438,688.9268188476562
RELIANCE.NS,2020-05-08,706.322021484375,722.277099609375,702.7103881835938,714.00244140625
RELIANCE.NS,2020-05-11,722.3228149414062,738.3236694335938,718.8026733398438,720.8599243164062
RELIANCE.NS,2020-05-12,715.3739013671875,716.9968872070312,669.7487182617188,676.2633056640625
RELIANCE.NS,2020-05-13,704.7102661132812,704.7102661132812,671.020751953125,690.6114501953125
RELIANCE.NS,2020-05-14,677.9432373046875,690.726806640625,659.9678344726562,662.690673828125
RELIANCE.NS,2020-05-15,666.40576171875,676.8818359375,653.0684204101562,673.5128784179688
RELIANCE.NS,2020-05-18,678.40478515625,683.9427490234375,659.0217895507812,664.9058837890625
RELIANCE.NS,2020-05-19,672.4052734375,674.5743408203125,647.5996704101562,650.2070922851562
RELIANCE.NS,2020-05-20,650.7147827148438,667.7210693359375,642.8692626953125,661.65234375
RELIANCE.NS,2020-05-21,662.2522583007812,674.4589233398438,657.6372680664062,665.1366577148438
RELIANCE.NS,2020-05-22,670.0054931640625,672.8667602539062,658.3295288085938,660.6600952148438
RELIANCE.NS,2020-05-26,668.3209838867188,669.0363159179688,653.6221923828125,657.1988525390625
RELIANCE.NS,2020-05-27,660.40625,671.020751953125,651.6377563476562,667.12109375
RELIANCE.NS,2020-05-28,671.4822387695312,682.9043579101562,668.7132568359375,679.443115234375
RELIANCE.NS,2020-05-29,677.4817504882812,679.3277587890625,670.3977661132812,675.8203735351562
RELIANCE.NS,2020-06-01,683.019775390625,709.9483032226562,681.1506958007812,701.6412963867188
RELIANCE.NS,2020-06-02,704.248779296875,710.7097778320312,701.8489379882812,708.7252807617188
RELIANCE.NS,2020-06-03,713.0172729492188,719.9397583007812,707.6407470703125,711.4712524414062
RELIANCE.NS,2020-06-04,712.5557250976562,733.5540161132812,711.1712646484375,729.0774536132812
RELIANCE.NS,2020-06-05,736.0922241210938,746.7067260742188,726.2622680664062,729.9542846679688
RELIANCE.NS,2020-06-08,746.891357421875,746.891357421875,722.2472534179688,724.323974609375
RELIANCE.NS,2020-06-09,720.0781860351562,730.5542602539062,707.479248046875,709.3944702148438
RELIANCE.NS,2020-06-10,712.140380859375,728.9620971679688,710.7328491210938,725.5469970703125
RELIANCE.NS,2020-06-11,722.708740234375,723.608642578125,706.5562744140625,709.6483154296875
RELIANCE.NS,2020-06-12,692.249755859375,735.1692504882812,690.865234375,733.23095703125
RELIANCE.NS,2020-06-15,722.2472534179688,750.837158203125,720.4473876953125,745.1145629882812
RELIANCE.NS,2020-06-16,758.2442626953125,760.8055419921875,731.6156616210938,746.5682983398438
RELIANCE.NS,2020-06-17,742.2070922851562,754.7598876953125,739.368896484375,745.4837646484375
RELIANCE.NS,2020-06-18,741.6302490234375,768.397216796875,740.984130859375,764.1975708007812
RELIANCE.NS,2020-06-19,770.7047119140625,825.5308837890625,767.0127563476562,811.9628295898438
RELIANCE.NS,2020-06-22,818.423828125,832.6380004882812,800.7022094726562,805.8479614257812
RELIANCE.NS,2020-06-23,807.6246948242188,813.9703369140625,791.9798583984375,794.195068359375
RELIANCE.NS,2020-06-24,801.1175537109375,818.1007690429688,789.9492797851562,797.4024658203125
RELIANCE.NS,2020-06-25,797.0101928710938,807.1632080078125,790.572265625,792.810546875
RELIANCE.NS,2020-06-26,797.8409423828125,808.5477294921875,792.3952026367188,803.7711791992188
RELIANCE.NS,2020-06-29,797.4948120117188,802.8943481445312,791.72607421875,795.2334594726562
RELIANCE.NS,2020-06-30,801.625244140625,803.47119140625,782.4960327148438,786.44189453125
RELIANCE.NS,2020-07-01,793.7797241210938,807.1632080078125,788.2647705078125,801.902099609375
RELIANCE.NS,2020-07-02,804.3942260742188,815.7471313476562,800.7252807617188,812.4012451171875
RELIANCE.NS,2020-07-03,821.3773803710938,827.46923828125,815.9317016601562,825.1155395507812
RELIANCE.NS,2020-07-06,833.0072021484375,857.4666748046875,827.0538330078125,854.6054077148438
RELIANCE.NS,2020-07-07,858.3897094726562,860.397216796875,833.607177734375,841.5218505859375
RELIANCE.NS,2020-07-08,841.7987670898438,846.8291015625,826.084716796875,829.7767333984375
RELIANCE.NS,2020-07-09,834.8532104492188,846.8521728515625,824.3540649414062,841.8910522460938
RELIANCE.NS,2020-07-10,843.8524780273438,869.7426147460938,841.8910522460938,866.7197875976562
RELIANCE.NS,2020-07-13,878.3956909179688,898.8632202148438,876.8496704101562,893.002197265625
RELIANCE.NS,2020-07-14,892.5407104492188,896.09423828125,870.9886474609375,884.6951904296875
RELIANCE.NS,2020-07-15,894.3635864257812,913.2158813476562,829.7767333984375,851.0056762695312
RELIANCE.NS,2020-07-16,852.3901977539062,862.543212890625,836.4453735351562,850.7288208007812
RELIANCE.NS,2020-07-17,851.4672241210938,886.0797119140625,848.2366943359375,882.249267578125
RELIANCE.NS,2020-07-20,885.0643920898438,891.61767578125,876.6881713867188,886.0335083007812
RELIANCE.NS,2020-07-21,894.8482055664062,912.3851928710938,893.6944580078125,909.8699951171875
RELIANCE.NS,2020-07-22,915.1541748046875,927.6146850585938,904.8627319335938,924.845703125
RELIANCE.NS,2020-07-23,924.8225708007812,959.7811889648438,919.0076904296875,949.6743774414062
RELIANCE.NS,2020-07-24,949.7666625976562,998.22412109375,949.6743774414062,990.4478759765625
RELIANCE.NS,2020-07-27,1005.515869140625,1014.745849609375,982.0255126953125,995.0859375
RELIANCE.NS,2020-07-28,995.0859375,1012.5306396484375,992.5245971679688,1005.0081787109375
RELIANCE.NS,2020-07-29,1005.1005249023438,1007.36181640625,955.5123291015625,967.6036376953125
RELIANCE.NS,2020-07-30,968.6881713867188,987.47119140625,956.2276611328125,973.2339477539062
RELIANCE.NS,2020-07-31,975.8414306640625,982.5331420898438,947.3668823242188,953.96630859375
RELIANCE.NS,2020-08-03,946.6746215820312,949.30517578125,924.4302978515625,927.1531982421875
RELIANCE.NS,2020-08-04,932.506591796875,1000.0701293945312,923.1150512695312,992.5015258789062
RELIANCE.NS,2020-08-05,1000.9931640625,1013.45361328125,977.5950927734375,981.3563232421875
RELIANCE.NS,2020-08-06,995.4551391601562,1000.3931884765625,972.7493286132812,984.8867797851562
RELIANCE.NS,2020-08-07,982.90234375,995.8243408203125,978.4719848632812,990.5863037109375
RELIANCE.NS,2020-08-10,996.42431640625,999.1471557617188,972.8878173828125,978.3104248046875
RELIANCE.NS,2020-08-11,985.2098388671875,996.8396606445312,969.3111572265625,984.7483520507812
RELIANCE.NS,2020-08-12,978.8411254882812,989.9171752929688,972.287841796875,981.8870239257812
RELIANCE.NS,2020-08-13,982.0716552734375,987.1019897460938,973.7646484375,979.3257446289062
RELIANCE.NS,2020-08-14,979.5564575195312,995.4551391601562,964.1885375976562,975.5183715820312
RELIANCE.NS,2020-08-17,971.4571533203125,971.4571533203125,955.350830078125,965.15771484375
RELIANCE.NS,2020-08-18,962.2271728515625,984.9791259765625,961.0042114257812,977.7105102539062
RELIANCE.NS,2020-08-19,988.0711669921875,994.0706787109375,979.002685546875,983.7099609375
RELIANCE.NS,2020-08-20,978.379638671875,980.1795043945312,963.6116333007812,967.7882080078125
RELIANCE.NS,2020-08-21,977.4566650390625,979.3026733398438,958.53515625,960.7734375
RELIANCE.NS,2020-08-24,965.1807861328125,971.2263793945312,955.535400390625,967.1882934570312
RELIANCE.NS,2020-08-25,971.9186401367188,974.3646240234375,958.9966430664062,960.8887939453125
RELIANCE.NS,2020-08-26,962.2271728515625,991.278564453125,944.690185546875,986.3635864257812
RELIANCE.NS,2020-08-27,991.3016357421875,992.2246704101562,970.6495361328125,974.0415649414062
RELIANCE.NS,2020-08-28,978.379638671875,984.3330078125,972.0340576171875,976.6029052734375
RELIANCE.NS,2020-08-31,1003.3006591796875,1003.3006591796875,950.8511962890625,960.2427368164062
RELIANCE.NS,2020-09-01,969.149658203125,979.4872436523438,951.7972412109375,963.2655639648438
RELIANCE.NS,2020-09-02,965.4576416015625,986.6866455078125,962.2271728515625,982.1639404296875
RELIANCE.NS,2020-09-03,982.0716552734375,987.0327758789062,970.5341796875,974.7338256835938
RELIANCE.NS,2020-09-04,961.5579833984375,967.7420654296875,956.3199462890625,958.6505126953125
RELIANCE.NS,2020-09-07,961.7656860351562,971.8032836914062,943.4210205078125,961.1426391601562
RELIANCE.NS,2020-09-08,965.4576416015625,978.8411254882812,960.150390625,972.4263305664062
RELIANCE.NS,2020-09-09,962.2271728515625,1000.4393310546875,960.5888061523438,997.462646484375
RELIANCE.NS,2020-09-10,1007.5003051757812,1082.194091796875,1003.9236450195312,1067.91064453125
RELIANCE.NS,2020-09-11,1066.9876708984375,1078.9173583984375,1055.496337890625,1070.564208984375
RELIANCE.NS,2020-09-14,1072.9871826171875,1089.1396484375,1053.142578125,1062.62646484375
RELIANCE.NS,2020-09-15,1066.964599609375,1073.333251953125,1055.9808349609375,1070.14892578125
RELIANCE.NS,2020-09-16,1070.6795654296875,1093.45458984375,1066.3184814453125,1072.7794189453125
RELIANCE.NS,2020-09-17,1070.6795654296875,1077.002197265625,1057.6883544921875,1060.872802734375
RELIANCE.NS,2020-09-18,1068.0260009765625,1070.42578125,1050.62744140625,1064.0802001953125
RELIANCE.NS,2020-09-21,1061.4495849609375,1078.0635986328125,1037.151611328125,1041.074462890625
RELIANCE.NS,2020-09-22,1050.8350830078125,1050.8350830078125,1016.0149536132812,1020.4453735351562
RELIANCE.NS,2020-09-23,1042.9896240234375,1050.7197265625,1017.74560546875,1029.5137939453125
RELIANCE.NS,2020-09-24,1018.9454956054688,1027.298583984375,1004.2467041015625,1006.6234741210938
RELIANCE.NS,2020-09-25,1010.22314453125,1021.2068481445312,1000.2086181640625,1016.0841674804688
RELIANCE.NS,2020-09-28,1027.7601318359375,1032.836669921875,1018.55322265625,1022.7990112304688
RELIANCE.NS,2020-09-29,1026.837158203125,1044.8355712890625,1022.7990112304688,1036.0902099609375
RELIANCE.NS,2020-09-30,1042.9896240234375,1046.2200927734375,1026.837158203125,1031.1522216796875
RELIANCE.NS,2020-10-01,1044.7432861328125,1044.7432861328125,1021.7606201171875,1026.9525146484375
RELIANCE.NS,2020-10-05,1035.6055908203125,1037.9822998046875,1018.0686645507812,1020.929931640625
RELIANCE.NS,2020-10-06,1026.9525146484375,1030.9444580078125,1016.0610961914062,1020.076171875
RELIANCE.NS,2020-10-07,1031.4521484375,1065.6031494140625,1024.5296630859375,1041.8359375
RELIANCE.NS,2020-10-08,1042.528076171875,1046.681640625,1025.498779296875,1033.4134521484375
RELIANCE.NS,2020-10-09,1031.4521484375,1039.7591552734375,1023.1912841796875,1030.73681640625
RELIANCE.NS,2020-10-12,1031.4521484375,1041.0281982421875,1027.4140625,1032.398193359375
RELIANCE.NS,2020-10-13,1029.4215087890625,1054.873291015625,1027.2293701171875,1052.542724609375
RELIANCE.NS,2020-10-14,1051.7120361328125,1063.295654296875,1046.912353515625,1055.680908203125
RELIANCE.NS,2020-10-15,1056.8345947265625,1056.8345947265625,1012.9921264648438,1018.2993774414062
RELIANCE.NS,2020-10-16,1022.22216796875,1030.29833984375,1002.6776123046875,1004.13134765625
RELIANCE.NS,2020-10-19,1010.7077026367188,1028.544677734375,994.6013793945312,1004.31591796875
RELIANCE.NS,2020-10-20,1005.608154296875,1012.0691528320312,993.2630004882812,994.947509765625
RELIANCE.NS,2020-10-21,1000.5316772460938,1011.607666015625,968.1112670898438,980.5025634765625
RELIANCE.NS,2020-10-22,981.7947387695312,984.1483764648438,964.9961547851562,972.3570556640625
RELIANCE.NS,2020-10-23,971.9186401367188,985.3021240234375,967.48828125,975.1722412109375
RELIANCE.NS,2020-10-26,970.049560546875,970.049560546875,931.5374145507812,936.4293212890625
RELIANCE.NS,2020-10-27,939.1060180664062,950.6204223632812,925.3071899414062,938.9214477539062
RELIANCE.NS,2020-10-28,942.2903442382812,949.6282348632812,926.414794921875,928.2838745117188
RELIANCE.NS,2020-10-29,921.6151733398438,942.3826904296875,918.84619140625,935.4140014648438
RELIANCE.NS,2020-10-30,938.4598999023438,953.0433349609375,933.0603637695312,948.1514282226562
RELIANCE.NS,2020-11-02,935.4601440429688,935.4601440429688,857.9974365234375,866.44287109375
RELIANCE.NS,2020-11-03,872.2346801757812,881.003173828125,846.8983764648438,853.9592895507812
RELIANCE.NS,2020-11-04,847.7752075195312,890.2332153320312,847.7752075195312,882.9414672851562
RELIANCE.NS,2020-11-05,902.2091064453125,904.9780883789062,891.61767578125,902.232177734375
RELIANCE.NS,2020-11-06,918.3847045898438,941.4596557617188,912.9158935546875,936.452392578125
RELIANCE.NS,2020-11-09,951.6588134765625,954.8431396484375,939.6136474609375,946.397705078125
RELIANCE.NS,2020-11-10,958.53515625,964.53466796875,942.0134887695312,962.0194702148438
RELIANCE.NS,2020-11-11,964.0731811523438,966.8421630859375,912.892822265625,921.7074584960938
RELIANCE.NS,2020-11-12,914.231201171875,926.8993530273438,906.84716796875,913.7696533203125
RELIANCE.NS,2020-11-13,914.6926879882812,939.9136352539062,914.5773315429688,921.3382568359375
RELIANCE.NS,2020-11-14,929.8760375976562,930.0606079101562,920.8536987304688,924.0610961914062
RELIANCE.NS,2020-11-17,962.2271728515625,962.2271728515625,916.0771484375,919.884521484375
RELIANCE.NS,2020-11-18,919.884521484375,925.9994506835938,904.5858154296875,917.0924682617188
RELIANCE.NS,2020-11-19,917.0924682617188,927.8223266601562,908.323974609375,910.6083984375
RELIANCE.NS,2020-11-20,911.462158203125,915.5233764648438,874.5421752929688,876.6189575195312
RELIANCE.NS,2020-11-23,900.3861694335938,909.1546630859375,888.9640502929688,900.2477416992188
RELIANCE.NS,2020-11-24,906.3856811523438,911.0006713867188,891.61767578125,906.4087524414062
RELIANCE.NS,2020-11-25,913.7696533203125,919.74609375,896.3250122070312,898.9093627929688
RELIANCE.NS,2020-11-26,901.332275390625,906.84716796875,890.7177734375,901.1245727539062
RELIANCE.NS,2020-11-27,895.5404052734375,902.7398071289062,886.7257690429688,890.6023559570312
RELIANCE.NS,2020-12-01,895.47119140625,907.424072265625,890.7177734375,902.18603515625
RELIANCE.NS,2020-12-02,903.847412109375,905.4627075195312,893.002197265625,903.6859130859375
RELIANCE.NS,2020-12-03,910.0776977539062,914.27734375,903.9166259765625,906.4087524414062
RELIANCE.NS,2020-12-04,908.6931762695312,908.6931762695312,895.3096923828125,898.4248046875
RELIANCE.NS,2020-12-07,895.5866088867188,906.84716796875,895.5866088867188,903.708984375
RELIANCE.NS,2020-12-08,905.0704345703125,929.5760498046875,899.9246826171875,920.1152954101562
RELIANCE.NS,2020-12-09,927.5916137695312,938.598388671875,922.653564453125,935.4370727539062
RELIANCE.NS,2020-12-10,932.9680786132812,936.1524047851562,923.461181640625,926.2301635742188
RELIANCE.NS,2020-12-11,928.9991455078125,940.5366821289062,911.1160278320312,925.6763916015625
RELIANCE.NS,2020-12-14,926.6685791015625,929.9221801757812,916.7001953125,918.984619140625
RELIANCE.NS,2020-12-15,918.2462158203125,918.2462158203125,905.0473022460938,911.1622314453125
RELIANCE.NS,2020-12-16,917.461669921875,920.6691284179688,907.1702270507812,912.177490234375
RELIANCE.NS,2020-12-17,915.846435546875,925.3071899414062,912.4544067382812,916.3540649414062
RELIANCE.NS,2020-12-18,913.8158569335938,925.2610473632812,906.84716796875,919.0999755859375
RELIANCE.NS,2020-12-21,927.6146850585938,933.1526489257812,856.1975708007812,895.1712036132812
RELIANCE.NS,2020-12-22,899.4631958007812,904.0320434570312,871.5193481445312,893.7867431640625
RELIANCE.NS,2020-12-23,890.6947021484375,900.5938720703125,886.379638671875,897.0864868164062
RELIANCE.NS,2020-12-24,898.5401611328125,922.4458618164062,898.0325317382812,920.2999267578125
RELIANCE.NS,2020-12-28,926.0917358398438,931.3067016601562,920.8306274414062,924.5226440429688
RELIANCE.NS,2020-12-29,927.1531982421875,928.6761474609375,914.9464721679688,918.4077758789062
RELIANCE.NS,2020-12-30,920.8075561523438,926.3224487304688,911.7160034179688,920.9229125976562
RELIANCE.NS,2020-12-31,919.9999389648438,928.4915161132812,913.1235961914062,916.2156372070312
RELIANCE.NS,2021-01-01,917.461669921875,921.6151733398438,914.6926879882812,917.23095703125
RELIANCE.NS,2021-01-04,920.7383422851562,922.4920043945312,908.231689453125,918.7769775390625
RELIANCE.NS,2021-01-05,908.6931762695312,915.4310913085938,902.6936645507812,907.3548583984375
RELIANCE.NS,2021-01-06,907.2625122070312,907.3086547851562,879.2264404296875,883.4260864257812
RELIANCE.NS,2021-01-07,886.3104248046875,897.6171875,879.2264404296875,881.9954223632812
RELIANCE.NS,2021-01-08,885.1566772460938,894.5712890625,882.433837890625,892.4022216796875
RELIANCE.NS,2021-01-11,894.755859375,894.755859375,873.388427734375,875.58056640625
RELIANCE.NS,2021-01-12,878.2341918945312,904.5396728515625,876.8035278320312,903.1782836914062
RELIANCE.NS,2021-01-13,906.177978515625,911.4390869140625,885.3643798828125,894.755859375
RELIANCE.NS,2021-01-14,897.6171875,907.7240600585938,894.8712768554688,904.8165893554688
RELIANCE.NS,2021-01-15,904.8165893554688,910.9083862304688,886.102783203125,894.1328735351562
RELIANCE.NS,2021-01-18,899.5093383789062,921.6151733398438,887.625732421875,915.5925903320312
RELIANCE.NS,2021-01-19,920.5306396484375,937.30615234375,920.5306396484375,930.5682983398438
RELIANCE.NS,2021-01-20,932.8757934570312,949.7666625976562,923.645751953125,948.2437133789062
RELIANCE.NS,2021-01-21,960.8426513671875,978.379638671875,957.6121826171875,968.8727416992188
RELIANCE.NS,2021-01-22,974.2261352539062,976.2337036132812,939.2213745117188,945.8900756835938
RELIANCE.NS,2021-01-25,939.1290893554688,939.1290893554688,891.61767578125,895.7711791992188
RELIANCE.NS,2021-01-27,888.38720703125,888.38720703125,871.3117065429688,874.5421752929688
RELIANCE.NS,2021-01-28,867.6889038085938,887.6026611328125,863.0046997070312,866.0275268554688
RELIANCE.NS,2021-01-29,874.2191162109375,882.8953247070312,844.544677734375,850.0596313476562
RELIANCE.NS,2021-02-01,858.11279296875,879.1571655273438,852.8516845703125,874.6806640625
RELIANCE.NS,2021-02-02,883.4260864257812,895.3096923828125,856.0591430664062,888.7564086914062
RELIANCE.NS,2021-02-03,889.91015625,900.84765625,876.8496704101562,890.9946899414062
RELIANCE.NS,2021-02-04,887.9256591796875,895.3096923828125,879.1571655273438,888.0641479492188
RELIANCE.NS,2021-02-05,890.7177734375,897.4556884765625,886.0797119140625,887.810302734375
RELIANCE.NS,2021-02-08,892.1022338867188,908.6931762695312,890.2562866210938,900.5938720703125
RELIANCE.NS,2021-02-09,905.4396362304688,918.2000732421875,900.9861450195312,902.7628784179688
RELIANCE.NS,2021-02-10,901.6553344726562,915.9617919921875,889.4486083984375,911.1390991210938
RELIANCE.NS,2021-02-11,913.7696533203125,952.6279907226562,910.1930541992188,948.7052001953125
RELIANCE.NS,2021-02-12,948.6129150390625,958.9966430664062,930.1067504882812,942.1980590820312
RELIANCE.NS,2021-02-15,945.1747436523438,951.2896118164062,934.5371704101562,938.0445556640625
RELIANCE.NS,2021-02-16,941.3442993164062,959.6427612304688,939.1521606445312,950.4589233398438
RELIANCE.NS,2021-02-17,950.6896362304688,967.2805786132812,946.3515625,961.4195556640625
RELIANCE.NS,2021-02-18,962.2271728515625,973.0262451171875,950.2742919921875,954.2432250976562
RELIANCE.NS,2021-02-19,949.30517578125,971.43408203125,947.5975952148438,960.05810546875
RELIANCE.NS,2021-02-22,959.919677734375,964.488525390625,920.6691284179688,926.73779296875
RELIANCE.NS,2021-02-23,945.1516723632812,947.4130249023438,929.2760620117188,933.8218383789062
RELIANCE.NS,2021-02-24,936.8446655273438,953.112548828125,935.06787109375,951.1511840820312
RELIANCE.NS,2021-02-25,958.0736694335938,993.1476440429688,956.6891479492188,989.6171875
RELIANCE.NS,2021-02-26,976.9951782226562,984.7944946289062,955.627685546875,962.5963745117188
RELIANCE.NS,2021-03-01,973.85693359375,974.6876831054688,951.8433837890625,969.9342041015625
RELIANCE.NS,2021-03-02,979.3026733398438,982.99462890625,964.1193237304688,971.9186401367188
RELIANCE.NS,2021-03-03,978.8642578125,1024.4835205078125,972.4724731445312,1016.268798828125
RELIANCE.NS,2021-03-04,1006.0696411132812,1010.6615600585938,995.7781982421875,1004.1544189453125
RELIANCE.NS,2021-03-05,994.99365234375,1020.8145751953125,993.6322021484375,1005.4696655273438
RELIANCE.NS,2021-03-08,1000.7623901367188,1030.021484375,1000.5316772460938,1011.1923217773438
RELIANCE.NS,2021-03-09,1015.2996215820312,1021.6683349609375,990.6555786132812,1011.169189453125
RELIANCE.NS,2021-03-10,1018.5301513671875,1022.268310546875,1001.5700073242188,1006.9695434570312
RELIANCE.NS,2021-03-12,1012.9921264648438,1018.2532348632812,980.1795043945312,986.5020751953125
RELIANCE.NS,2021-03-15,987.6327514648438,991.7169799804688,960.150390625,973.2570190429688
RELIANCE.NS,2021-03-16,975.6106567382812,981.148681640625,967.0729370117188,969.4265747070312
RELIANCE.NS,2021-03-17,968.249755859375,970.5341796875,939.1983032226562,948.543701171875
RELIANCE.NS,2021-03-18,956.6430053710938,962.1348876953125,923.461181640625,927.1993408203125
RELIANCE.NS,2021-03-19,918.84619140625,967.2344360351562,915.0618896484375,960.8426513671875
RELIANCE.NS,2021-03-22,955.7661743164062,957.150634765625,938.3214721679688,951.7972412109375
RELIANCE.NS,2021-03-23,951.589599609375,973.626220703125,948.8436889648438,963.3809204101562
RELIANCE.NS,2021-03-24,959.8042602539062,959.8042602539062,941.644287109375,944.82861328125
RELIANCE.NS,2021-03-25,947.920654296875,947.920654296875,916.0771484375,919.0538330078125
RELIANCE.NS,2021-03-26,928.5376586914062,929.3222045898438,910.8622436523438,920.5306396484375
RELIANCE.NS,2021-03-30,926.691650390625,945.5670166015625,919.0999755859375,936.5216064453125
RELIANCE.NS,2021-03-31,931.3067016601562,946.0285034179688,922.5381469726562,924.4302978515625
RELIANCE.NS,2021-04-01,931.3067016601562,936.8446655273438,924.453369140625,933.0834350585938
RELIANCE.NS,2021-04-05,934.5140991210938,934.5371704101562,905.5088500976562,919.5845947265625
RELIANCE.NS,2021-04-06,924.845703125,925.2841186523438,908.6931762695312,915.754150390625
RELIANCE.NS,2021-04-07,922.9996948242188,944.64404296875,919.9076538085938,924.31494140625
RELIANCE.NS,2021-04-08,928.076171875,933.1526489257812,919.7691650390625,925.4686889648438
RELIANCE.NS,2021-04-09,922.2843627929688,925.93017578125,913.7696533203125,914.7157592773438
RELIANCE.NS,2021-04-12,904.0781860351562,905.185791015625,876.965087890625,881.9954223632812
RELIANCE.NS,2021-04-13,887.9256591796875,895.5866088867188,885.0874633789062,891.525390625
RELIANCE.NS,2021-04-15,888.9871215820312,905.0011596679688,882.8491821289062,897.2941284179688
RELIANCE.NS,2021-04-16,893.7406005859375,899.8785400390625,889.0563354492188,891.663818359375
RELIANCE.NS,2021-04-19,878.6956787109375,884.4182739257812,872.2346801757812,877.6342163085938
RELIANCE.NS,2021-04-20,881.6954345703125,885.6181640625,872.4423828125,877.3804321289062
RELIANCE.NS,2021-04-22,873.2730712890625,883.5183715820312,866.0967407226562,879.8032836914062
RELIANCE.NS,2021-04-23,879.6187133789062,885.572021484375,874.7037353515625,878.8572387695312
RELIANCE.NS,2021-04-26,886.0797119140625,905.4627075195312,882.1569213867188,894.3174438476562
RELIANCE.NS,2021-04-27,895.3096923828125,921.7074584960938,894.5020751953125,917.7616577148438
RELIANCE.NS,2021-04-28,922.0074462890625,926.691650390625,913.8389282226562,921.7536010742188
RELIANCE.NS,2021-04-29,933.5679931640625,943.5364379882812,926.36865234375,934.0987548828125
RELIANCE.NS,2021-04-30,926.9224243164062,939.6136474609375,917.2540283203125,920.46142578125
RELIANCE.NS,2021-05-03,907.3086547851562,913.3081665039062,896.7403564453125,904.1012573242188
RELIANCE.NS,2021-05-04,899.9246826171875,908.139404296875,881.9262084960938,884.5105590820312
RELIANCE.NS,2021-05-05,887.625732421875,894.617431640625,880.5647583007812,886.1258544921875
RELIANCE.NS,2021-05-06,886.9334716796875,893.002197265625,879.8955688476562,891.1561889648438
RELIANCE.NS,2021-05-07,894.2713012695312,902.5321655273438,888.8486938476562,891.5023193359375
RELIANCE.NS,2021-05-10,894.8482055664062,898.4478759765625,886.5181274414062,888.9409790039062
RELIANCE.NS,2021-05-11,883.772216796875,894.6405029296875,881.4646606445312,892.1484375
RELIANCE.NS,2021-05-12,890.7408447265625,892.0330200195312,880.0802001953125,882.9183959960938
RELIANCE.NS,2021-05-14,889.7947387695312,896.232666015625,879.6187133789062,894.0636596679688
RELIANCE.NS,2021-05-17,894.0636596679688,906.1318359375,890.8792724609375,904.7012329101562
RELIANCE.NS,2021-05-18,914.231201171875,924.1995849609375,910.3084106445312,917.4385986328125
RELIANCE.NS,2021-05-19,913.7696533203125,930.5913696289062,910.0776977539062,921.6382446289062
RELIANCE.NS,2021-05-20,922.030517578125,928.030029296875,914.231201171875,916.2617797851562
RELIANCE.NS,2021-05-21,919.3076782226562,927.4300537109375,916.5386962890625,924.176513671875
RELIANCE.NS,2021-05-24,926.691650390625,927.5223999023438,914.6926879882812,916.3771362304688
RELIANCE.NS,2021-05-25,921.3382568359375,921.6151733398438,904.5396728515625,905.993408203125
RELIANCE.NS,2021-05-26,911.462158203125,913.5389404296875,906.9856567382812,909.177734375
RELIANCE.NS,2021-05-27,909.2931518554688,919.7691650390625,905.5780639648438,911.9698486328125
RELIANCE.NS,2021-05-28,918.3847045898438,971.4571533203125,918.3847045898438,966.7498779296875
RELIANCE.NS,2021-05-31,970.0726318359375,1011.4691772460938,962.250244140625,996.9780883789062
RELIANCE.NS,2021-06-01,999.608642578125,1016.22265625,990.609375,1000.947021484375
RELIANCE.NS,2021-06-02,995.4551391601562,1019.6838989257812,995.4551391601562,1015.8765258789062
RELIANCE.NS,2021-06-03,1024.9910888671875,1038.3746337890625,1013.4998168945312,1019.7531127929688
RELIANCE.NS,2021-06-04,1022.1298217773438,1022.8912963867188,1008.031005859375,1010.9154052734375
RELIANCE.NS,2021-06-07,1016.22265625,1034.6826171875,1008.3771362304688,1027.9447021484375
RELIANCE.NS,2021-06-08,1027.5755615234375,1027.829345703125,1014.4458618164062,1022.0375366210938
RELIANCE.NS,2021-06-09,1024.068115234375,1024.9910888671875,995.8935546875,1003.7621459960938
RELIANCE.NS,2021-06-10,1012.2537231445312,1029.1446533203125,1004.93896484375,1007.4541625976562
RELIANCE.NS,2021-06-11,1007.4080200195312,1028.2216796875,1006.1157836914062,1021.3683471679688
RELIANCE.NS,2021-06-14,1022.22216796875,1042.1820068359375,1013.0151977539062,1036.02099609375
RELIANCE.NS,2021-06-15,1043.451171875,1049.865966796875,1033.8980712890625,1038.3746337890625
RELIANCE.NS,2021-06-16,1036.02099609375,1037.01318359375,1017.9993896484375,1020.6530151367188
RELIANCE.NS,2021-06-17,1015.2996215820312,1031.4521484375,1006.0234985351562,1022.5220947265625
RELIANCE.NS,2021-06-18,1027.06787109375,1031.4521484375,1008.0771484375,1027.1370849609375
RELIANCE.NS,2021-06-21,1016.9149169921875,1037.2208251953125,1015.368896484375,1032.490478515625
RELIANCE.NS,2021-06-22,1040.2205810546875,1043.451171875,1024.2296142578125,1027.1832275390625
RELIANCE.NS,2021-06-23,1038.3746337890625,1038.6514892578125,1016.0841674804688,1017.7686767578125
RELIANCE.NS,2021-06-24,1018.4609375,1022.0375366210938,987.6096801757812,993.8399047851562
RELIANCE.NS,2021-06-25,993.8399047851562,993.8399047851562,960.4273071289062,971.2033081054688
RELIANCE.NS,2021-06-28,979.3026733398438,981.37939453125,960.3811645507812,962.6886596679688
RELIANCE.NS,2021-06-29,964.3038940429688,973.3031616210938,961.8118286132812,963.5193481445312
RELIANCE.NS,2021-06-30,967.4190063476562,979.6026000976562,965.0192260742188,974.0646362304688
RELIANCE.NS,2021-07-01,977.4566650390625,979.8333740234375,966.8421630859375,968.20361328125
RELIANCE.NS,2021-07-02,967.76513671875,984.3330078125,965.8960571289062,982.5562133789062
RELIANCE.NS,2021-07-05,985.9713134765625,993.8629760742188,983.6868896484375,992.3169555664062
RELIANCE.NS,2021-07-06,989.8941040039062,991.7169799804688,978.4719848632812,980.5948486328125
RELIANCE.NS,2021-07-07,981.956298828125,981.956298828125,968.2266845703125,973.7877197265625
RELIANCE.NS,2021-07-08,976.9721069335938,976.9721069335938,960.3811645507812,965.7345581054688
RELIANCE.NS,2021-07-09,963.6116333007812,965.3192138671875,953.5048217773438,955.8584594726562
RELIANCE.NS,2021-07-12,959.8042602539062,969.8419189453125,957.3814086914062,961.8118286132812
RELIANCE.NS,2021-07-13,969.149658203125,970.5572509765625,963.6347045898438,969.01123046875
RELIANCE.NS,2021-07-14,969.3111572265625,972.3109130859375,960.4965209960938,962.6886596679688
RELIANCE.NS,2021-07-15,966.8421630859375,966.8421630859375,959.2274169921875,961.0042114257812
RELIANCE.NS,2021-07-16,963.4962768554688,975.956787109375,963.4270629882812,974.8722534179688
RELIANCE.NS,2021-07-19,969.149658203125,980.2256469726562,965.5730590820312,968.6651000976562
RELIANCE.NS,2021-07-20,968.9188842773438,972.8416748046875,961.7656860351562,966.288330078125
RELIANCE.NS,2021-07-22,977.9181518554688,980.1795043945312,968.2958984375,978.7026977539062
RELIANCE.NS,2021-07-23,985.04833984375,985.04833984375,970.095703125,971.7802124023438
RELIANCE.NS,2021-07-26,972.8416748046875,978.8411254882812,955.8123168945312,958.4659423828125
RELIANCE.NS,2021-07-27,958.44287109375,961.627197265625,942.3826904296875,948.3821411132812
RELIANCE.NS,2021-07-28,949.7666625976562,949.7666625976562,930.4990234375,940.2366943359375
RELIANCE.NS,2021-07-29,947.920654296875,957.3352661132812,943.0287475585938,947.5745239257812
RELIANCE.NS,2021-07-30,949.7666625976562,954.3585815429688,937.352294921875,939.2906494140625
RELIANCE.NS,2021-08-02,948.0591430664062,959.6427612304688,941.9904174804688,956.4584350585938
RELIANCE.NS,2021-08-03,964.53466796875,964.9961547851562,952.6279907226562,963.4962768554688
RELIANCE.NS,2021-08-04,966.5652465820312,975.6106567382812,963.150146484375,970.8803100585938
RELIANCE.NS,2021-08-05,975.7490844726562,994.4398193359375,971.1110229492188,984.9560546875
RELIANCE.NS,2021-08-06,982.9715576171875,990.8170776367188,959.3427734375,964.0962524414062
RELIANCE.NS,2021-08-09,960.3811645507812,964.4423828125,953.6893920898438,958.6043701171875
RELIANCE.NS,2021-08-10,960.8426513671875,975.149169921875,957.0352783203125,963.6347045898438
RELIANCE.NS,2021-08-11,967.7420654296875,978.379638671875,961.48876953125,977.1336059570312
RELIANCE.NS,2021-08-12,980.6409912109375,981.240966796875,971.4571533203125,973.9954223632812
RELIANCE.NS,2021-08-13,977.1336059570312,992.1785278320312,973.2800903320312,990.2171020507812
RELIANCE.NS,2021-08-16,991.9246826171875,1016.6841430664062,982.140869140625,1003.0698852539062
RELIANCE.NS,2021-08-17,1000.9239501953125,1008.4694213867188,991.232421875,998.801025390625
RELIANCE.NS,2021-08-18,1003.3006591796875,1009.2078247070312,993.424560546875,1002.6776123046875
RELIANCE.NS,2021-08-20,988.994140625,1002.3776245117188,986.2251586914062,991.4170532226562
RELIANCE.NS,2021-08-23,1003.3006591796875,1003.3006591796875,984.0560913085938,997.9241943359375
RELIANCE.NS,2021-08-24,999.1702270507812,1011.607666015625,994.8090209960938,1007.7772216796875
RELIANCE.NS,2021-08-25,1008.561767578125,1024.5296630859375,1006.1157836914062,1016.49951171875
RELIANCE.NS,2021-08-26,1018.9916381835938,1036.02099609375,1017.6071166992188,1029.352294921875
RELIANCE.NS,2021-08-27,1032.3751220703125,1035.02880859375,1022.7067260742188,1027.9447021484375
RELIANCE.NS,2021-08-30,1038.3746337890625,1050.304443359375,1032.2828369140625,1047.719970703125
RELIANCE.NS,2021-08-31,1050.7889404296875,1053.9501953125,1034.7979736328125,1042.1358642578125
RELIANCE.NS,2021-09-01,1048.9891357421875,1058.1729736328125,1044.3741455078125,1046.2662353515625
RELIANCE.NS,2021-09-02,1040.68212890625,1065.04931640625,1040.68212890625,1058.865234375
RELIANCE.NS,2021-09-03,1066.0645751953125,1105.2921142578125,1062.6033935546875,1102.2923583984375
RELIANCE.NS,2021-09-06,1113.59912109375,1144.5196533203125,1113.1375732421875,1119.4140625
RELIANCE.NS,2021-09-07,1121.444580078125,1134.3665771484375,1113.1375732421875,1126.4749755859375
RELIANCE.NS,2021-09-08,1131.59765625,1132.5206298828125,1110.6685791015625,1122.067626953125
RELIANCE.NS,2021-09-09,1120.4754638671875,1125.0673828125,1115.02978515625,1119.4140625
RELIANCE.NS,2021-09-13,1122.8291015625,1122.8291015625,1092.854736328125,1094.469970703125
RELIANCE.NS,2021-09-14,1096.0621337890625,1104.83056640625,1091.9085693359375,1093.039306640625
RELIANCE.NS,2021-09-15,1093.0623779296875,1105.63818359375,1093.0623779296875,1097.5850830078125
RELIANCE.NS,2021-09-16,1099.0849609375,1124.5596923828125,1092.3701171875,1120.6138916015625
RELIANCE.NS,2021-09-17,1128.82861328125,1133.3743896484375,1096.3389892578125,1103.2384033203125
RELIANCE.NS,2021-09-20,1094.7237548828125,1116.068115234375,1093.754638671875,1104.9921875
RELIANCE.NS,2021-09-21,1109.9071044921875,1115.260498046875,1100.215576171875,1109.7686767578125
RELIANCE.NS,2021-09-22,1111.2916259765625,1126.9825439453125,1106.7919921875,1121.6754150390625
RELIANCE.NS,2021-09-23,1129.4747314453125,1152.3651123046875,1128.597900390625,1149.0885009765625
RELIANCE.NS,2021-09-24,1155.387939453125,1156.2647705078125,1140.82763671875,1145.765625
RELIANCE.NS,2021-09-27,1147.7501220703125,1167.5484619140625,1142.3505859375,1165.033203125
RELIANCE.NS,2021-09-28,1169.4405517578125,1183.700927734375,1159.65673828125,1175.9246826171875
RELIANCE.NS,2021-09-29,1186.0545654296875,1186.0545654296875,1163.002685546875,1166.6024169921875
RELIANCE.NS,2021-09-30,1165.287109375,1169.717529296875,1153.9111328125,1162.6334228515625
RELIANCE.NS,2021-10-01,1154.6495361328125,1172.1173095703125,1151.442138671875,1164.6871337890625
RELIANCE.NS,2021-10-04,1178.2091064453125,1188.2928466796875,1170.84814453125,1179.662841796875
RELIANCE.NS,2021-10-05,1179.17822265625,1205.4376220703125,1175.6015625,1204.1453857421875
RELIANCE.NS,2021-10-06,1209.1064453125,1209.1064453125,1177.332275390625,1181.370361328125
RELIANCE.NS,2021-10-07,1197.592041015625,1199.32275390625,1184.9931640625,1187.1622314453125
RELIANCE.NS,2021-10-08,1193.0924072265625,1238.8502197265625,1191.36181640625,1232.781494140625
RELIANCE.NS,2021-10-11,1246.6956787109375,1255.279541015625,1220.82861328125,1224.197509765625
RELIANCE.NS,2021-10-12,1220.6671142578125,1238.2041015625,1218.9364013671875,1231.189208984375
RELIANCE.NS,2021-10-13,1236.3580322265625,1255.048828125,1231.8814697265625,1243.718994140625
RELIANCE.NS,2021-10-14,1246.2110595703125,1254.102783203125,1240.142333984375,1246.234130859375
RELIANCE.NS,2021-10-18,1231.5584716796875,1266.8170166015625,1228.6510009765625,1249.5570068359375
RELIANCE.NS,2021-10-19,1257.033203125,1269.74755859375,1249.7415771484375,1260.748291015625
RELIANCE.NS,2021-10-20,1265.7786865234375,1265.7786865234375,1242.1268310546875,1246.234130859375
RELIANCE.NS,2021-10-21,1258.6947021484375,1258.9715576171875,1201.3763427734375,1210.2833251953125
RELIANCE.NS,2021-10-22,1209.1295166015625,1229.8509521484375,1205.206787109375,1212.544677734375
RELIANCE.NS,2021-10-25,1236.819580078125,1236.819580078125,1186.0545654296875,1200.730224609375
RELIANCE.NS,2021-10-26,1207.791259765625,1231.6968994140625,1201.353271484375,1228.0740966796875
RELIANCE.NS,2021-10-27,1223.8975830078125,1235.3427734375,1209.1064453125,1212.544677734375
RELIANCE.NS,2021-10-28,1209.1295166015625,1217.4134521484375,1195.515380859375,1199.25341796875
RELIANCE.NS,2021-10-29,1198.122802734375,1198.122802734375,1154.5341796875,1170.47900390625
RELIANCE.NS,2021-11-01,1170.47900390625,1179.5936279296875,1151.0267333984375,1171.1943359375
RELIANCE.NS,2021-11-02,1174.51708984375,1175.901611328125,1151.5574951171875,1154.1187744140625
RELIANCE.NS,2021-11-03,1156.5416259765625,1162.9796142578125,1135.7510986328125,1146.1810302734375
RELIANCE.NS,2021-11-04,1150.4959716796875,1156.010986328125,1149.1346435546875,1153.2188720703125
RELIANCE.NS,2021-11-08,1162.70263671875,1162.9796142578125,1133.628173828125,1154.6495361328125
RELIANCE.NS,2021-11-09,1156.05712890625,1167.0869140625,1147.773193359375,1163.76416015625
RELIANCE.NS,2021-11-10,1161.4566650390625,1180.5166015625,1155.43408203125,1176.7784423828125
RELIANCE.NS,2021-11-11,1172.232666015625,1186.2852783203125,1170.1558837890625,1178.9244384765625
RELIANCE.NS,2021-11-12,1182.7779541015625,1199.32275390625,1180.0550537109375,1196.7152099609375
RELIANCE.NS,2021-11-15,1199.8995361328125,1200.9149169921875,1186.0545654296875,1189.654296875
RELIANCE.NS,2021-11-16,1187.0006103515625,1188.362060546875,1151.442138671875,1162.010498046875
RELIANCE.NS,2021-11-17,1153.2650146484375,1153.2650146484375,1135.7510986328125,1137.1356201171875
RELIANCE.NS,2021-11-18,1135.28955078125,1148.673095703125,1130.6976318359375,1141.427490234375
RELIANCE.NS,2021-11-22,1124.259765625,1130.213134765625,1084.986083984375,1090.8702392578125
RELIANCE.NS,2021-11-23,1076.7021484375,1108.176513671875,1065.6031494140625,1101.0693359375
RELIANCE.NS,2021-11-24,1098.36962890625,1112.16845703125,1081.5479736328125,1085.1707763671875
RELIANCE.NS,2021-11-25,1095.13916015625,1154.672607421875,1087.8243408203125,1150.4959716796875
RELIANCE.NS,2021-11-26,1138.8892822265625,1143.4119873046875,1108.2918701171875,1113.41455078125
RELIANCE.NS,2021-11-29,1125.644287109375,1153.7496337890625,1107.1842041015625,1126.7518310546875
RELIANCE.NS,2021-11-30,1138.9815673828125,1142.62744140625,1102.453857421875,1110.0916748046875
RELIANCE.NS,2021-12-01,1122.8291015625,1141.7506103515625,1119.1832275390625,1138.5201416015625
RELIANCE.NS,2021-12-02,1139.76611328125,1151.995849609375,1136.0279541015625,1145.8348388671875
RELIANCE.NS,2021-12-03,1153.01123046875,1153.057373046875,1107.599609375,1111.406982421875
RELIANCE.NS,2021-12-06,1114.983642578125,1119.1370849609375,1087.8243408203125,1090.3394775390625
RELIANCE.NS,2021-12-07,1096.5928955078125,1109.445556640625,1089.1396484375,1099.223388671875
RELIANCE.NS,2021-12-08,1118.7218017578125,1122.2752685546875,1110.507080078125,1115.9527587890625
RELIANCE.NS,2021-12-09,1123.7520751953125,1142.1658935546875,1119.1370849609375,1133.6512451171875
RELIANCE.NS,2021-12-10,1126.1749267578125,1138.05859375,1121.6060791015625,1134.8050537109375
RELIANCE.NS,2021-12-13,1141.5198974609375,1141.7967529296875,1109.445556640625,1112.0531005859375
RELIANCE.NS,2021-12-14,1098.36962890625,1110.36865234375,1095.32373046875,1098.4388427734375
RELIANCE.NS,2021-12-15,1100.215576171875,1109.9071044921875,1089.647216796875,1095.2314453125
RELIANCE.NS,2021-12-16,1110.2301025390625,1114.7528076171875,1093.131591796875,1109.3994140625
RELIANCE.NS,2021-12-17,1106.69970703125,1111.2916259765625,1070.6795654296875,1080.1173095703125
RELIANCE.NS,2021-12-20,1069.6873779296875,1069.6873779296875,1037.0362548828125,1050.9967041015625
RELIANCE.NS,2021-12-21,1066.6876220703125,1082.6785888671875,1057.8499755859375,1066.6414794921875
RELIANCE.NS,2021-12-22,1072.94091796875,1094.6314697265625,1071.6026611328125,1091.9547119140625
RELIANCE.NS,2021-12-23,1095.6005859375,1098.36962890625,1088.23974609375,1091.5625
RELIANCE.NS,2021-12-24,1093.754638671875,1103.9075927734375,1078.7789306640625,1095.046875
RELIANCE.NS,2021-12-27,1089.85498046875,1097.4466552734375,1083.6478271484375,1093.8699951171875
RELIANCE.NS,2021-12-28,1096.3389892578125,1109.837890625,1095.1622314453125,1106.8612060546875
RELIANCE.NS,2021-12-29,1103.4461669921875,1116.3681640625,1099.3387451171875,1108.75341796875
RELIANCE.NS,2021-12-30,1107.599609375,1109.884033203125,1082.4940185546875,1088.7242431640625
RELIANCE.NS,2021-12-31,1095.13916015625,1100.16943359375,1089.1396484375,1092.90087890625
RELIANCE.NS,2022-01-03,1091.4471435546875,1111.2685546875,1090.7779541015625,1109.3763427734375
RELIANCE.NS,2022-01-04,1114.9375,1135.7510986328125,1109.445556640625,1134.4127197265625
RELIANCE.NS,2022-01-05,1136.212646484375,1143.1351318359375,1122.8060302734375,1139.719970703125
RELIANCE.NS,2022-01-06,1131.2283935546875,1132.5206298828125,1111.7530517578125,1115.21435546875
RELIANCE.NS,2022-01-07,1121.883056640625,1134.3896484375,1112.929931640625,1124.213623046875
RELIANCE.NS,2022-01-10,1131.59765625,1133.9051513671875,1115.0067138671875,1125.1365966796875
RELIANCE.NS,2022-01-11,1124.213623046875,1142.18896484375,1123.7520751953125,1133.2359619140625
RELIANCE.NS,2022-01-12,1140.5045166015625,1165.2640380859375,1137.5970458984375,1163.4871826171875
RELIANCE.NS,2022-01-13,1163.5565185546875,1172.671142578125,1157.626220703125,1170.04052734375
RELIANCE.NS,2022-01-14,1169.902099609375,1184.8084716796875,1165.6793212890625,1171.748046875
RELIANCE.NS,2022-01-17,1171.28662109375,1183.7470703125,1170.8250732421875,1177.8629150390625
RELIANCE.NS,2022-01-18,1179.0167236328125,1182.5240478515625,1161.0181884765625,1163.810302734375
RELIANCE.NS,2022-01-19,1167.5946044921875,1173.132568359375,1157.903076171875,1163.718017578125
RELIANCE.NS,2022-01-20,1153.772705078125,1158.341552734375,1132.9820556640625,1143.3427734375
RELIANCE.NS,2022-01-21,1131.59765625,1154.7879638671875,1131.59765625,1143.52734375
RELIANCE.NS,2022-01-24,1142.2120361328125,1155.9417724609375,1086.8782958984375,1097.4005126953125
RELIANCE.NS,2022-01-25,1084.31689453125,1102.361572265625,1063.757080078125,1095.2545166015625
RELIANCE.NS,2022-01-27,1078.0635986328125,1087.3397216796875,1066.5491943359375,1079.03271484375
RELIANCE.NS,2022-01-28,1091.4471435546875,1096.4774169921875,1074.5562744140625,1077.994384765625
RELIANCE.NS,2022-01-31,1089.23193359375,1110.55322265625,1087.3858642578125,1101.41552734375
RELIANCE.NS,2022-02-01,1111.2916259765625,1117.1064453125,1083.186279296875,1097.7696533203125
RELIANCE.NS,2022-02-02,1110.830078125,1110.830078125,1096.1082763671875,1100.0079345703125
RELIANCE.NS,2022-02-03,1103.9075927734375,1108.268798828125,1083.232421875,1085.793701171875
RELIANCE.NS,2022-02-04,1080.37109375,1083.809326171875,1071.187255859375,1075.89453125
RELIANCE.NS,2022-02-07,1080.8326416015625,1087.662841796875,1063.757080078125,1069.34130859375
RELIANCE.NS,2022-02-08,1075.5946044921875,1089.1396484375,1066.0645751953125,1087.316650390625
RELIANCE.NS,2022-02-09,1094.2852783203125,1101.6923828125,1088.2166748046875,1099.98486328125
RELIANCE.NS,2022-02-10,1105.6151123046875,1105.6151123046875,1091.4932861328125,1098.854248046875
RELIANCE.NS,2022-02-11,1095.2545166015625,1100.4464111328125,1081.8017578125,1096.708251953125
RELIANCE.NS,2022-02-14,1080.0250244140625,1086.80908203125,1067.4490966796875,1079.240478515625
RELIANCE.NS,2022-02-15,1085.078369140625,1118.6295166015625,1077.9251708984375,1115.883544921875
RELIANCE.NS,2022-02-16,1121.444580078125,1122.8291015625,1105.7305908203125,1113.5760498046875
RELIANCE.NS,2022-02-17,1116.875732421875,1132.9359130859375,1112.214599609375,1127.6748046875
RELIANCE.NS,2022-02-18,1128.0902099609375,1133.628173828125,1116.8988037109375,1118.8602294921875
RELIANCE.NS,2022-02-21,1113.1375732421875,1124.9058837890625,1100.4925537109375,1107.553466796875
RELIANCE.NS,2022-02-22,1085.8629150390625,1105.70751953125,1083.2093505859375,1102.5230712890625
RELIANCE.NS,2022-02-23,1108.1072998046875,1110.6224365234375,1092.8316650390625,1095.6236572265625
RELIANCE.NS,2022-02-24,1063.757080078125,1079.863525390625,1035.3287353515625,1041.0281982421875
RELIANCE.NS,2022-02-25,1052.2657470703125,1065.1185302734375,1050.489013671875,1054.0426025390625
RELIANCE.NS,2022-02-28,1035.1441650390625,1092.5316162109375,1035.1441650390625,1088.931884765625
RELIANCE.NS,2022-03-02,1077.3482666015625,1108.0611572265625,1074.9254150390625,1106.930419921875
RELIANCE.NS,2022-03-03,1107.599609375,1114.452880859375,1093.7777099609375,1097.5850830078125
RELIANCE.NS,2022-03-04,1085.9090576171875,1091.1240234375,1070.8411865234375,1073.240966796875
RELIANCE.NS,2022-03-07,1051.61962890625,1067.0338134765625,1025.45263671875,1033.552001953125
RELIANCE.NS,2022-03-08,1020.6068725585938,1036.5286865234375,1006.0696411132812,1031.682861328125
RELIANCE.NS,2022-03-09,1031.9136962890625,1092.3701171875,1031.059814453125,1086.416748046875
RELIANCE.NS,2022-03-10,1107.599609375,1109.9071044921875,1089.1396484375,1104.02294921875
RELIANCE.NS,2022-03-11,1096.546630859375,1112.6761474609375,1096.546630859375,1107.207275390625
RELIANCE.NS,2022-03-14,1101.553955078125,1118.8602294921875,1095.6005859375,1116.298828125
RELIANCE.NS,2022-03-15,1120.49853515625,1120.49853515625,1080.3018798828125,1090.7318115234375
RELIANCE.NS,2022-03-16,1099.2926025390625,1111.2454833984375,1097.03125,1109.1456298828125
RELIANCE.NS,2022-03-17,1122.7137451171875,1152.5496826171875,1114.5682373046875,1145.30419921875
RELIANCE.NS,2022-03-21,1127.9056396484375,1146.3656005859375,1125.59814453125,1138.7047119140625
RELIANCE.NS,2022-03-22,1135.335693359375,1169.8790283203125,1132.3360595703125,1168.1253662109375
RELIANCE.NS,2022-03-23,1164.3641357421875,1183.6778564453125,1164.3641357421875,1171.84033203125
RELIANCE.NS,2022-03-24,1158.3646240234375,1192.5848388671875,1158.3646240234375,1190.0465087890625
RELIANCE.NS,2022-03-25,1191.8233642578125,1207.2835693359375,1189.2850341796875,1197.984375
RELIANCE.NS,2022-03-28,1204.5145263671875,1213.629150390625,1193.6693115234375,1210.029541015625
RELIANCE.NS,2022-03-29,1217.4365234375,1217.4365234375,1203.314697265625,1210.306396484375
RELIANCE.NS,2022-03-30,1218.3134765625,1240.5115966796875,1207.791259765625,1233.5660400390625
RELIANCE.NS,2022-03-31,1229.8740234375,1232.066162109375,1213.0985107421875,1215.9366455078125
RELIANCE.NS,2022-04-01,1216.5135498046875,1229.96630859375,1210.0526123046875,1225.67431640625
RELIANCE.NS,2022-04-04,1225.48974609375,1234.5120849609375,1219.12109375,1229.297119140625
RELIANCE.NS,2022-04-05,1223.482177734375,1232.158447265625,1209.45263671875,1211.921630859375
RELIANCE.NS,2022-04-06,1193.9462890625,1215.8212890625,1193.9462890625,1208.691162109375
RELIANCE.NS,2022-04-07,1197.63818359375,1202.6685791015625,1184.6700439453125,1187.369873046875
RELIANCE.NS,2022-04-08,1181.4395751953125,1211.4371337890625,1181.4395751953125,1207.1220703125
RELIANCE.NS,2022-04-11,1199.8995361328125,1217.6904296875,1192.0540771484375,1204.60693359375
RELIANCE.NS,2022-04-12,1193.9000244140625,1201.0994873046875,1179.316650390625,1181.9241943359375
RELIANCE.NS,2022-04-13,1188.13134765625,1196.4844970703125,1174.747802734375,1177.5860595703125
RELIANCE.NS,2022-04-18,1168.9791259765625,1181.3472900390625,1163.810302734375,1173.986328125
RELIANCE.NS,2022-04-19,1180.5166015625,1231.2816162109375,1177.3092041015625,1218.728759765625
RELIANCE.NS,2022-04-20,1226.251220703125,1261.7406005859375,1222.5592041015625,1254.564208984375
RELIANCE.NS,2022-04-21,1269.5399169921875,1287.123046875,1260.8175048828125,1283.938720703125
RELIANCE.NS,2022-04-22,1273.23193359375,1293.12255859375,1266.4478759765625,1273.185791015625
RELIANCE.NS,2022-04-25,1265.6171875,1273.0010986328125,1229.2740478515625,1243.7420654296875
RELIANCE.NS,2022-04-26,1250.66455078125,1289.89208984375,1249.6031494140625,1280.9620361328125
RELIANCE.NS,2022-04-27,1271.8243408203125,1305.12158203125,1271.455078125,1282.2081298828125
RELIANCE.NS,2022-04-28,1296.79150390625,1315.736083984375,1285.78466796875,1301.3603515625
RELIANCE.NS,2022-04-29,1318.11279296875,1318.11279296875,1281.7235107421875,1287.699951171875
RELIANCE.NS,2022-05-02,1274.66259765625,1294.73779296875,1272.839599609375,1283.17724609375
RELIANCE.NS,2022-05-04,1285.277099609375,1287.5845947265625,1235.112060546875,1243.1190185546875
RELIANCE.NS,2022-05-05,1256.894775390625,1259.89453125,1214.6676025390625,1218.77490234375
RELIANCE.NS,2022-05-06,1205.5299072265625,1227.1280517578125,1196.9228515625,1209.4295654296875
RELIANCE.NS,2022-05-09,1188.3389892578125,1198.561279296875,1156.9801025390625,1162.195068359375
RELIANCE.NS,2022-05-10,1151.442138671875,1166.0255126953125,1134.3665771484375,1142.050537109375
RELIANCE.NS,2022-05-11,1141.1275634765625,1146.8040771484375,1117.7294921875,1130.3515625
RELIANCE.NS,2022-05-12,1120.2908935546875,1123.682861328125,1093.754638671875,1107.32275390625
RELIANCE.NS,2022-05-13,1119.5986328125,1143.5965576171875,1114.68359375,1119.87548828125
RELIANCE.NS,2022-05-16,1123.498291015625,1144.9810791015625,1115.2835693359375,1120.1524658203125
RELIANCE.NS,2022-05-17,1123.7982177734375,1172.1634521484375,1122.3675537109375,1167.2022705078125
RELIANCE.NS,2022-05-18,1172.048095703125,1186.0545654296875,1157.5570068359375,1171.4481201171875
RELIANCE.NS,2022-05-19,1146.3656005859375,1159.518310546875,1138.0816650390625,1144.4503173828125
RELIANCE.NS,2022-05-20,1159.518310546875,1220.39013671875,1154.672607421875,1211.1832275390625
RELIANCE.NS,2022-05-23,1214.436767578125,1224.6129150390625,1196.6690673828125,1203.083984375
RELIANCE.NS,2022-05-24,1203.130126953125,1217.4365234375,1198.838134765625,1207.21435546875
RELIANCE.NS,2022-05-25,1216.0521240234375,1226.066650390625,1200.591796875,1205.4376220703125
RELIANCE.NS,2022-05-26,1211.16015625,1216.0059814453125,1175.901611328125,1193.9462890625
RELIANCE.NS,2022-05-27,1196.692138671875,1202.2762451171875,1172.2557373046875,1188.408203125
RELIANCE.NS,2022-05-30,1206.822021484375,1234.050537109375,1197.222900390625,1229.8048095703125
RELIANCE.NS,2022-05-31,1219.005615234375,1236.2657470703125,1207.1451416015625,1214.967529296875
RELIANCE.NS,2022-06-01,1215.72900390625,1225.3743896484375,1207.3758544921875,1215.35986328125
RELIANCE.NS,2022-06-02,1215.590576171875,1261.0252685546875,1215.590576171875,1257.2640380859375
RELIANCE.NS,2022-06-03,1266.3555908203125,1300.20654296875,1265.4324951171875,1282.73876953125
RELIANCE.NS,2022-06-06,1282.9696044921875,1298.6605224609375,1269.9552001953125,1277.223876953125
RELIANCE.NS,2022-06-07,1278.308349609375,1288.0921630859375,1270.0706787109375,1279.6236572265625
RELIANCE.NS,2022-06-08,1279.6236572265625,1283.4310302734375,1253.572021484375,1257.148681640625
RELIANCE.NS,2022-06-09,1250.66455078125,1293.583984375,1250.66455078125,1291.6226806640625
RELIANCE.NS,2022-06-10,1279.2314453125,1287.5384521484375,1246.7418212890625,1252.6259765625
RELIANCE.NS,2022-06-13,1222.974609375,1233.4967041015625,1207.4219970703125,1228.9278564453125
RELIANCE.NS,2022-06-14,1222.9976806640625,1233.058349609375,1206.106689453125,1212.86767578125
RELIANCE.NS,2022-06-15,1207.9989013671875,1217.113525390625,1192.7001953125,1198.1920166015625
RELIANCE.NS,2022-06-16,1210.5140380859375,1227.151123046875,1178.6705322265625,1181.4395751953125
RELIANCE.NS,2022-06-17,1181.4395751953125,1211.3677978515625,1179.6397705078125,1195.2845458984375
RELIANCE.NS,2022-06-20,1202.20703125,1207.791259765625,1163.4871826171875,1173.6171875
RELIANCE.NS,2022-06-21,1181.4395751953125,1196.8536376953125,1166.81005859375,1192.561767578125
RELIANCE.NS,2022-06-22,1180.562744140625,1180.655029296875,1154.2110595703125,1156.333984375
RELIANCE.NS,2022-06-23,1160.6951904296875,1165.287109375,1128.3670654296875,1137.573974609375
RELIANCE.NS,2022-06-24,1144.5196533203125,1158.8260498046875,1138.9815673828125,1153.772705078125
RELIANCE.NS,2022-06-27,1174.4940185546875,1174.4940185546875,1145.23486328125,1150.3575439453125
RELIANCE.NS,2022-06-28,1145.48876953125,1169.41748046875,1145.48876953125,1166.5330810546875
RELIANCE.NS,2022-06-29,1157.0723876953125,1198.51513671875,1154.2110595703125,1190.73876953125
RELIANCE.NS,2022-06-30,1190.6695556640625,1207.2374267578125,1184.2086181640625,1197.89208984375
RELIANCE.NS,2022-07-01,1188.31591796875,1196.20751953125,1091.4471435546875,1111.6146240234375
RELIANCE.NS,2022-07-04,1097.885009765625,1126.9825439453125,1091.9547119140625,1113.922119140625
RELIANCE.NS,2022-07-05,1118.214111328125,1137.5509033203125,1115.4912109375,1122.9444580078125
RELIANCE.NS,2022-07-06,1116.875732421875,1126.95947265625,1102.0616455078125,1113.068359375
RELIANCE.NS,2022-07-07,1119.552490234375,1122.9444580078125,1096.0621337890625,1102.1077880859375
RELIANCE.NS,2022-07-08,1115.9066162109375,1115.9066162109375,1099.54638671875,1103.6307373046875
RELIANCE.NS,2022-07-11,1096.75439453125,1120.8907470703125,1093.754638671875,1118.6295166015625
RELIANCE.NS,2022-07-12,1109.445556640625,1125.921142578125,1109.445556640625,1117.0372314453125
RELIANCE.NS,2022-07-13,1120.1986083984375,1123.2906494140625,1095.13916015625,1097.2388916015625
RELIANCE.NS,2022-07-14,1102.0616455078125,1123.267578125,1096.9620361328125,1106.2843017578125
RELIANCE.NS,2022-07-15,1114.5220947265625,1114.5220947265625,1099.80029296875,1108.4302978515625
RELIANCE.NS,2022-07-18,1117.2911376953125,1119.1370849609375,1104.0460205078125,1117.8680419921875
RELIANCE.NS,2022-07-19,1107.738037109375,1129.2901611328125,1107.738037109375,1124.7213134765625
RELIANCE.NS,2022-07-20,1172.2095947265625,1173.36328125,1147.4039306640625,1155.134033203125
RELIANCE.NS,2022-07-21,1150.9805908203125,1153.7496337890625,1138.6585693359375,1147.427001953125
RELIANCE.NS,2022-07-22,1153.7496337890625,1161.2720947265625,1151.442138671875,1155.1802978515625
RELIANCE.NS,2022-07-25,1138.727783203125,1138.727783203125,1108.984130859375,1117.01416015625
RELIANCE.NS,2022-07-26,1117.3372802734375,1127.8594970703125,1112.837646484375,1117.5218505859375
RELIANCE.NS,2022-07-27,1116.8065185546875,1120.06005859375,1108.5225830078125,1116.46044921875
RELIANCE.NS,2022-07-28,1124.213623046875,1138.95849609375,1117.2911376953125,1133.9512939453125
RELIANCE.NS,2022-07-29,1142.0736083984375,1161.6412353515625,1137.1356201171875,1158.1107177734375
RELIANCE.NS,2022-08-01,1162.5872802734375,1194.2462158203125,1157.2569580078125,1188.2928466796875
RELIANCE.NS,2022-08-02,1187.2083740234375,1203.499267578125,1182.1549072265625,1192.8155517578125
RELIANCE.NS,2022-08-03,1199.8995361328125,1204.5145263671875,1184.8778076171875,1202.830078125
RELIANCE.NS,2022-08-04,1204.5145263671875,1208.0911865234375,1169.902099609375,1186.931396484375
RELIANCE.NS,2022-08-05,1188.8236083984375,1190.11572265625,1166.18701171875,1169.4405517578125
RELIANCE.NS,2022-08-08,1168.0560302734375,1192.307861328125,1168.0560302734375,1184.7392578125
RELIANCE.NS,2022-08-10,1189.2388916015625,1195.2384033203125,1180.078125,1191.8233642578125
RELIANCE.NS,2022-08-11,1201.3302001953125,1204.4683837890625,1190.7618408203125,1195.792236328125
RELIANCE.NS,2022-08-12,1195.4229736328125,1218.9825439453125,1191.6849365234375,1215.1290283203125
RELIANCE.NS,2022-08-16,1221.2208251953125,1226.343505859375,1212.49853515625,1223.574462890625
RELIANCE.NS,2022-08-17,1229.8970947265625,1235.388916015625,1225.535888671875,1229.96630859375
RELIANCE.NS,2022-08-18,1227.589599609375,1231.7430419921875,1218.451904296875,1228.1895751953125
RELIANCE.NS,2022-08-19,1222.974609375,1228.3741455078125,1202.1839599609375,1206.2913818359375
RELIANCE.NS,2022-08-22,1207.7451171875,1214.344482421875,1193.4385986328125,1202.9454345703125
RELIANCE.NS,2022-08-23,1197.130615234375,1224.451416015625,1195.9075927734375,1221.497802734375
RELIANCE.NS,2022-08-24,1218.40576171875,1232.20458984375,1216.213623046875,1218.244140625
RELIANCE.NS,2022-08-25,1222.489990234375,1228.9278564453125,1210.3294677734375,1214.690673828125
RELIANCE.NS,2022-08-26,1215.1290283203125,1222.974609375,1203.130126953125,1208.20654296875
RELIANCE.NS,2022-08-29,1192.97705078125,1225.2821044921875,1189.7696533203125,1198.8150634765625
RELIANCE.NS,2022-08-30,1206.360595703125,1220.782470703125,1189.1004638671875,1217.4134521484375
RELIANCE.NS,2022-09-01,1191.892578125,1202.1839599609375,1177.1475830078125,1181.6241455078125
RELIANCE.NS,2022-09-02,1181.6241455078125,1188.5235595703125,1165.610107421875,1167.8253173828125
RELIANCE.NS,2022-09-05,1168.0560302734375,1191.36181640625,1168.0560302734375,1185.9622802734375
RELIANCE.NS,2022-09-06,1187.4390869140625,1202.6685791015625,1186.9775390625,1198.44580078125
RELIANCE.NS,2022-09-07,1188.362060546875,1197.5458984375,1186.0545654296875,1191.4771728515625
RELIANCE.NS,2022-09-08,1194.4769287109375,1198.9765625,1186.51611328125,1193.16162109375
RELIANCE.NS,2022-09-09,1204.5145263671875,1204.5145263671875,1183.2855224609375,1185.7315673828125
RELIANCE.NS,2022-09-12,1186.308349609375,1205.4376220703125,1186.308349609375,1198.9996337890625
RELIANCE.NS,2022-09-13,1208.20654296875,1213.6060791015625,1200.361083984375,1209.01416015625
RELIANCE.NS,2022-09-14,1188.362060546875,1204.5145263671875,1187.32373046875,1194.5230712890625
RELIANCE.NS,2022-09-15,1192.0540771484375,1201.537841796875,1179.939697265625,1182.6856689453125
RELIANCE.NS,2022-09-16,1173.940185546875,1178.2091064453125,1149.5960693359375,1153.38037109375
RELIANCE.NS,2022-09-19,1153.38037109375,1164.2255859375,1145.142578125,1154.8802490234375
RELIANCE.NS,2022-09-20,1164.1102294921875,1171.148193359375,1151.3035888671875,1155.0648193359375
RELIANCE.NS,2022-09-21,1152.249755859375,1168.9791259765625,1151.442138671875,1158.249267578125
RELIANCE.NS,2022-09-22,1147.28857421875,1155.134033203125,1140.873779296875,1147.334716796875
RELIANCE.NS,2022-09-23,1146.8271484375,1151.8804931640625,1124.259765625,1125.828857421875
RELIANCE.NS,2022-09-26,1104.8536376953125,1115.8143310546875,1096.13134765625,1097.1466064453125
RELIANCE.NS,2022-09-27,1104.83056640625,1119.5986328125,1089.185791015625,1105.8690185546875
RELIANCE.NS,2022-09-28,1089.3011474609375,1097.4466552734375,1073.956298828125,1076.42529296875
RELIANCE.NS,2022-09-29,1089.1396484375,1092.600830078125,1067.4490966796875,1073.1256103515625
RELIANCE.NS,2022-09-30,1066.526123046875,1108.5225830078125,1066.526123046875,1097.331298828125
RELIANCE.NS,2022-10-03,1103.6768798828125,1115.4219970703125,1090.524169921875,1093.52392578125
RELIANCE.NS,2022-10-04,1106.5843505859375,1115.9066162109375,1103.0538330078125,1113.69140625
RELIANCE.NS,2022-10-06,1120.983154296875,1130.674560546875,1115.975830078125,1117.7987060546875
RELIANCE.NS,2022-10-07,1114.360595703125,1127.8594970703125,1114.360595703125,1122.5291748046875
RELIANCE.NS,2022-10-10,1109.9071044921875,1115.7220458984375,1102.0616455078125,1110.2763671875
RELIANCE.NS,2022-10-11,1114.060546875,1114.060546875,1085.0322265625,1088.17041015625
RELIANCE.NS,2022-10-12,1085.4476318359375,1099.1541748046875,1081.3402099609375,1096.177490234375
RELIANCE.NS,2022-10-13,1094.4007568359375,1104.83056640625,1089.185791015625,1099.661865234375
RELIANCE.NS,2022-10-14,1114.5220947265625,1115.1451416015625,1093.3392333984375,1094.07763671875
RELIANCE.NS,2022-10-17,1086.8321533203125,1114.060546875,1081.571044921875,1111.6376953125
RELIANCE.NS,2022-10-18,1117.7525634765625,1136.674072265625,1116.8988037109375,1131.25146484375
RELIANCE.NS,2022-10-19,1132.7513427734375,1166.6024169921875,1126.8441162109375,1150.9344482421875
RELIANCE.NS,2022-10-20,1146.8271484375,1162.51806640625,1146.8271484375,1154.0264892578125
RELIANCE.NS,2022-10-21,1157.3031005859375,1161.5028076171875,1138.5201416015625,1140.6429443359375
RELIANCE.NS,2022-10-24,1135.28955078125,1154.9033203125,1133.12060546875,1144.4503173828125
RELIANCE.NS,2022-10-25,1153.2880859375,1153.2880859375,1125.1365966796875,1126.77490234375
RELIANCE.NS,2022-10-27,1134.3665771484375,1139.1893310546875,1122.73681640625,1131.205322265625
RELIANCE.NS,2022-10-28,1137.5970458984375,1169.902099609375,1135.0357666015625,1165.81787109375
RELIANCE.NS,2022-10-31,1172.671142578125,1181.8780517578125,1168.60986328125,1176.6400146484375
RELIANCE.NS,2022-11-01,1199.8995361328125,1199.8995361328125,1157.441650390625,1167.525390625
RELIANCE.NS,2022-11-02,1168.656005859375,1176.9168701171875,1160.672119140625,1174.8170166015625
RELIANCE.NS,2022-11-03,1167.525390625,1181.23193359375,1165.3101806640625,1179.2012939453125
RELIANCE.NS,2022-11-04,1178.6243896484375,1199.8995361328125,1177.332275390625,1196.5537109375
RELIANCE.NS,2022-11-07,1195.74609375,1204.653076171875,1187.900634765625,1202.9454345703125
RELIANCE.NS,2022-11-09,1204.653076171875,1210.029541015625,1195.3076171875,1201.74560546875
RELIANCE.NS,2022-11-10,1195.2845458984375,1198.307373046875,1182.8240966796875,1187.2083740234375
RELIANCE.NS,2022-11-11,1199.8995361328125,1216.5135498046875,1194.361572265625,1214.5753173828125
RELIANCE.NS,2022-11-14,1214.0906982421875,1219.2825927734375,1202.2762451171875,1208.691162109375
RELIANCE.NS,2022-11-15,1210.1910400390625,1212.0831298828125,1195.2845458984375,1203.2685546875
RELIANCE.NS,2022-11-16,1204.5145263671875,1207.260498046875,1191.2926025390625,1196.369140625
RELIANCE.NS,2022-11-17,1192.9539794921875,1205.8990478515625,1190.6695556640625,1199.461181640625
RELIANCE.NS,2022-11-18,1203.0146484375,1204.0531005859375,1186.562255859375,1198.8150634765625
RELIANCE.NS,2022-11-21,1194.361572265625,1194.361572265625,1173.6402587890625,1177.239990234375
RELIANCE.NS,2022-11-22,1174.51708984375,1185.3623046875,1170.5943603515625,1183.7701416015625
RELIANCE.NS,2022-11-23,1188.362060546875,1189.700439453125,1177.8629150390625,1180.078125
RELIANCE.NS,2022-11-24,1184.2086181640625,1197.130615234375,1175.993896484375,1190.2542724609375
RELIANCE.NS,2022-11-25,1194.8231201171875,1211.390869140625,1191.638671875,1208.02197265625
RELIANCE.NS,2022-11-28,1204.0069580078125,1255.76416015625,1154.672607421875,1249.533935546875
RELIANCE.NS,2022-11-29,1247.8724365234375,1260.656005859375,1243.280517578125,1251.6798095703125
RELIANCE.NS,2022-11-30,1251.818359375,1267.0247802734375,1245.2188720703125,1260.517578125
RELIANCE.NS,2022-12-01,1265.3402099609375,1271.4320068359375,1253.43359375,1256.802490234375
RELIANCE.NS,2022-12-02,1259.89453125,1268.2015380859375,1246.326416015625,1256.271728515625
RELIANCE.NS,2022-12-05,1251.5875244140625,1253.7796630859375,1235.8966064453125,1237.9501953125
RELIANCE.NS,2022-12-06,1229.9432373046875,1244.6650390625,1228.051025390625,1241.52685546875
RELIANCE.NS,2022-12-07,1239.1270751953125,1243.7420654296875,1219.351806640625,1223.205322265625
RELIANCE.NS,2022-12-08,1227.589599609375,1229.8970947265625,1218.40576171875,1222.62841796875
RELIANCE.NS,2022-12-09,1221.1285400390625,1227.589599609375,1200.7532958984375,1204.0992431640625
RELIANCE.NS,2022-12-12,1193.2078857421875,1210.5140380859375,1192.97705078125,1205.9451904296875
RELIANCE.NS,2022-12-13,1205.9451904296875,1215.1290283203125,1202.9915771484375,1211.4371337890625
RELIANCE.NS,2022-12-14,1217.2750244140625,1217.875,1204.97607421875,1207.0528564453125
RELIANCE.NS,2022-12-15,1201.0533447265625,1206.822021484375,1186.51611328125,1189.9080810546875
RELIANCE.NS,2022-12-16,1186.51611328125,1208.5758056640625,1180.5858154296875,1184.02392578125
RELIANCE.NS,2022-12-19,1191.131103515625,1201.74560546875,1184.5316162109375,1199.5765380859375
RELIANCE.NS,2022-12-20,1192.469482421875,1211.8985595703125,1184.2086181640625,1209.9603271484375
RELIANCE.NS,2022-12-21,1209.591064453125,1215.1290283203125,1188.8697509765625,1192.746337890625
RELIANCE.NS,2022-12-22,1198.9765625,1202.0455322265625,1184.5546875,1189.654296875
RELIANCE.NS,2022-12-23,1182.9625244140625,1195.515380859375,1150.1729736328125,1154.764892578125
RELIANCE.NS,2022-12-26,1160.5567626953125,1173.132568359375,1150.2421875,1164.8486328125
RELIANCE.NS,2022-12-27,1167.5946044921875,1176.270751953125,1160.7874755859375,1174.378662109375
RELIANCE.NS,2022-12-28,1171.28662109375,1176.7322998046875,1163.671875,1174.2633056640625
RELIANCE.NS,2022-12-29,1166.2100830078125,1176.31689453125,1165.517822265625,1173.7325439453125
RELIANCE.NS,2022-12-30,1174.563232421875,1189.2850341796875,1172.71728515625,1175.5323486328125
RELIANCE.NS,2023-01-02,1176.8245849609375,1190.2081298828125,1175.993896484375,1188.7774658203125
RELIANCE.NS,2023-01-03,1183.7701416015625,1187.4390869140625,1175.809326171875,1180.078125
RELIANCE.NS,2023-01-04,1180.0550537109375,1181.9241943359375,1160.2105712890625,1162.3104248046875
RELIANCE.NS,2023-01-05,1164.5948486328125,1170.5482177734375,1155.5955810546875,1160.233642578125
RELIANCE.NS,2023-01-06,1166.048583984375,1175.8785400390625,1162.195068359375,1170.7789306640625
RELIANCE.NS,2023-01-09,1174.655517578125,1200.8226318359375,1173.755615234375,1198.4227294921875
RELIANCE.NS,2023-01-10,1202.6685791015625,1202.6685791015625,1174.9786376953125,1180.701171875
RELIANCE.NS,2023-01-11,1177.9783935546875,1180.5166015625,1163.4871826171875,1165.81787109375
RELIANCE.NS,2023-01-12,1165.2178955078125,1168.748291015625,1137.5970458984375,1140.6429443359375
RELIANCE.NS,2023-01-13,1134.5511474609375,1141.242919921875,1123.5675048828125,1138.7969970703125
RELIANCE.NS,2023-01-16,1141.150634765625,1144.3580322265625,1120.06005859375,1127.9517822265625
RELIANCE.NS,2023-01-17,1134.3665771484375,1145.904052734375,1130.9515380859375,1143.9658203125
RELIANCE.NS,2023-01-18,1141.5198974609375,1149.6422119140625,1135.451171875,1142.0736083984375
RELIANCE.NS,2023-01-19,1141.242919921875,1145.05029296875,1133.7435302734375,1140.8507080078125
RELIANCE.NS,2023-01-20,1142.2120361328125,1142.2120361328125,1124.79052734375,1127.2825927734375
RELIANCE.NS,2023-01-23,1130.213134765625,1138.15087890625,1119.1370849609375,1121.5830078125
RELIANCE.NS,2023-01-24,1126.0595703125,1127.7440185546875,1101.7615966796875,1114.9605712890625
RELIANCE.NS,2023-01-25,1113.3453369140625,1114.3836669921875,1098.36962890625,1099.54638671875
RELIANCE.NS,2023-01-27,1100.4002685546875,1101.7615966796875,1066.8260498046875,1078.6866455078125
RELIANCE.NS,2023-01-30,1076.0792236328125,1094.6314697265625,1061.9111328125,1089.0242919921875
RELIANCE.NS,2023-01-31,1099.2926025390625,1101.900146484375,1080.37109375,1086.3013916015625
RELIANCE.NS,2023-02-01,1098.3465576171875,1098.3465576171875,1063.757080078125,1079.863525390625
RELIANCE.NS,2023-02-02,1069.756591796875,1083.6015625,1066.526123046875,1073.8870849609375
RELIANCE.NS,2023-02-03,1084.0631103515625,1084.0631103515625,1058.2191162109375,1074.8331298828125
RELIANCE.NS,2023-02-06,1068.3720703125,1071.14111328125,1064.1263427734375,1066.7337646484375
RELIANCE.NS,2023-02-07,1066.9876708984375,1074.0947265625,1058.2191162109375,1064.1724853515625
RELIANCE.NS,2023-02-08,1067.4490966796875,1089.093505859375,1064.68017578125,1085.424560546875
RELIANCE.NS,2023-02-09,1086.1168212890625,1094.1468505859375,1077.140625,1087.316650390625
RELIANCE.NS,2023-02-10,1086.7860107421875,1086.7860107421875,1071.279541015625,1078.3636474609375
RELIANCE.NS,2023-02-13,1080.001953125,1084.524658203125,1067.7030029296875,1072.2257080078125
RELIANCE.NS,2023-02-14,1075.2716064453125,1099.2464599609375,1072.3641357421875,1097.4927978515625
RELIANCE.NS,2023-02-15,1096.5235595703125,1124.7674560546875,1095.13916015625,1122.344482421875
RELIANCE.NS,2023-02-16,1130.4207763671875,1137.0433349609375,1119.16015625,1121.4676513671875
RELIANCE.NS,2023-02-17,1116.82958984375,1129.5208740234375,1112.491455078125,1126.15185546875
RELIANCE.NS,2023-02-20,1128.3670654296875,1130.5592041015625,1112.2607421875,1114.2452392578125
RELIANCE.NS,2023-02-21,1118.6756591796875,1129.19775390625,1113.299072265625,1123.3367919921875
RELIANCE.NS,2023-02-22,1119.5755615234375,1121.444580078125,1096.085205078125,1097.8619384765625
RELIANCE.NS,2023-02-23,1097.4466552734375,1105.1767578125,1089.7626953125,1092.600830078125
RELIANCE.NS,2023-02-24,1094.6776123046875,1105.8228759765625,1092.8316650390625,1100.0771484375
RELIANCE.NS,2023-02-27,1099.2926025390625,1102.8231201171875,1085.3092041015625,1092.7623291015625
RELIANCE.NS,2023-02-28,1087.3397216796875,1092.3701171875,1067.7491455078125,1071.8564453125
RELIANCE.NS,2023-03-01,1081.755615234375,1082.4478759765625,1072.179443359375,1081.70947265625
RELIANCE.NS,2023-03-02,1078.525146484375,1085.2861328125,1071.41796875,1073.4716796875
RELIANCE.NS,2023-03-03,1084.13232421875,1104.5767822265625,1080.625,1100.8616943359375
RELIANCE.NS,2023-03-06,1107.599609375,1118.9525146484375,1107.599609375,1111.6146240234375
RELIANCE.NS,2023-03-08,1111.6146240234375,1116.3681640625,1100.6771240234375,1115.606689453125
RELIANCE.NS,2023-03-09,1114.983642578125,1115.39892578125,1086.8782958984375,1088.79345703125
RELIANCE.NS,2023-03-10,1080.6019287109375,1081.755615234375,1068.3951416015625,1071.9256591796875
RELIANCE.NS,2023-03-13,1074.8331298828125,1081.755615234375,1049.912109375,1054.29638671875
RELIANCE.NS,2023-03-14,1052.2196044921875,1063.7340087890625,1047.166259765625,1050.3505859375
RELIANCE.NS,2023-03-15,1054.11181640625,1060.6650390625,1027.9447021484375,1032.398193359375
RELIANCE.NS,2023-03-16,1035.1441650390625,1040.2205810546875,1016.31494140625,1027.25244140625
RELIANCE.NS,2023-03-17,1035.9517822265625,1039.2745361328125,1021.1607055664062,1025.9603271484375
RELIANCE.NS,2023-03-20,1022.22216796875,1024.5296630859375,1006.0696411132812,1015.8765258789062
RELIANCE.NS,2023-03-21,1024.0450439453125,1049.45068359375,1023.1451416015625,1047.4661865234375
RELIANCE.NS,2023-03-22,1054.527099609375,1057.5037841796875,1047.6046142578125,1050.6505126953125
RELIANCE.NS,2023-03-23,1046.681640625,1047.5584716796875,1035.167236328125,1037.359375
RELIANCE.NS,2023-03-24,1036.1824951171875,1038.3746337890625,1014.3766479492188,1016.8225708007812
RELIANCE.NS,2023-03-27,1023.3759155273438,1040.2205810546875,1015.3919677734375,1032.62890625
RELIANCE.NS,2023-03-28,1036.067138671875,1041.3743896484375,1032.3751220703125,1037.45166015625
RELIANCE.NS,2023-03-29,1033.298095703125,1035.974853515625,1020.4223022460938,1031.313720703125
RELIANCE.NS,2023-03-31,1040.68212890625,1081.5018310546875,1040.543701171875,1075.7791748046875
RELIANCE.NS,2023-04-03,1082.2171630859375,1084.0631103515625,1068.3720703125,1075.9637451171875
RELIANCE.NS,2023-04-05,1083.6015625,1083.6015625,1065.3955078125,1073.37939453125
RELIANCE.NS,2023-04-06,1069.8258056640625,1086.37060546875,1069.8258056640625,1080.5787353515625
RELIANCE.NS,2023-04-10,1084.524658203125,1084.709228515625,1071.3948974609375,1072.9178466796875
RELIANCE.NS,2023-04-11,1077.140625,1080.37109375,1072.5487060546875,1078.22509765625
RELIANCE.NS,2023-04-12,1078.22509765625,1092.7392578125,1075.3177490234375,1082.9786376953125
RELIANCE.NS,2023-04-13,1085.9090576171875,1091.8162841796875,1080.8326416015625,1087.0628662109375
RELIANCE.NS,2023-04-17,1119.114013671875,1119.114013671875,1084.086181640625,1092.5777587890625
RELIANCE.NS,2023-04-18,1096.985107421875,1096.985107421875,1073.4486083984375,1080.0711669921875
RELIANCE.NS,2023-04-19,1079.47119140625,1088.17041015625,1076.3099365234375,1085.4476318359375
RELIANCE.NS,2023-04-20,1086.416748046875,1088.6781005859375,1076.2637939453125,1082.70166015625
RELIANCE.NS,2023-04-21,1084.8245849609375,1089.60107421875,1078.2481689453125,1084.0631103515625
RELIANCE.NS,2023-04-24,1096.0621337890625,1098.784912109375,1083.6015625,1088.2166748046875
RELIANCE.NS,2023-04-25,1091.9085693359375,1098.646484375,1084.75537109375,1096.546630859375
RELIANCE.NS,2023-04-26,1097.9080810546875,1101.184814453125,1086.3936767578125,1090.1087646484375
RELIANCE.NS,2023-04-27,1096.0621337890625,1100.215576171875,1090.985595703125,1097.0081787109375
RELIANCE.NS,2023-04-28,1099.2926025390625,1118.6295166015625,1099.17724609375,1117.060302734375
RELIANCE.NS,2023-05-02,1124.305908203125,1128.736328125,1120.5677490234375,1126.544189453125
RELIANCE.NS,2023-05-03,1128.3670654296875,1128.3670654296875,1113.6221923828125,1116.875732421875
RELIANCE.NS,2023-05-04,1117.3603515625,1131.9898681640625,1114.3375244140625,1129.7515869140625
RELIANCE.NS,2023-05-05,1126.5211181640625,1135.91259765625,1124.213623046875,1126.8671875
RELIANCE.NS,2023-05-08,1130.674560546875,1146.2041015625,1127.974853515625,1140.781494140625
RELIANCE.NS,2023-05-09,1142.2120361328125,1147.6578369140625,1136.7894287109375,1144.3118896484375
RELIANCE.NS,2023-05-10,1149.1346435546875,1153.680419921875,1145.0733642578125,1152.1805419921875
RELIANCE.NS,2023-05-11,1153.2650146484375,1158.1337890625,1142.9273681640625,1144.6580810546875
RELIANCE.NS,2023-05-12,1139.812255859375,1147.9346923828125,1133.67431640625,1146.527099609375
RELIANCE.NS,2023-05-15,1149.0885009765625,1155.849365234375,1141.3582763671875,1148.7884521484375
RELIANCE.NS,2023-05-16,1150.9805908203125,1153.56494140625,1130.7437744140625,1132.4283447265625
RELIANCE.NS,2023-05-17,1136.674072265625,1137.5970458984375,1120.983154296875,1125.736572265625
RELIANCE.NS,2023-05-18,1130.4669189453125,1133.9051513671875,1120.1292724609375,1123.313720703125
RELIANCE.NS,2023-05-19,1123.313720703125,1128.8055419921875,1116.298828125,1126.95947265625
RELIANCE.NS,2023-05-22,1123.7520751953125,1138.05859375,1122.5291748046875,1132.9820556640625
RELIANCE.NS,2023-05-23,1135.589599609375,1138.9815673828125,1131.34375,1132.7744140625
RELIANCE.NS,2023-05-24,1128.782470703125,1137.1356201171875,1123.0367431640625,1126.1749267578125
RELIANCE.NS,2023-05-25,1123.2445068359375,1130.213134765625,1115.0067138671875,1126.0364990234375
RELIANCE.NS,2023-05-26,1134.3665771484375,1157.903076171875,1131.020751953125,1156.7493896484375
RELIANCE.NS,2023-05-29,1163.4410400390625,1167.5946044921875,1157.0723876953125,1163.2564697265625
RELIANCE.NS,2023-05-30,1163.2564697265625,1171.148193359375,1160.3720703125,1162.95654296875
RELIANCE.NS,2023-05-31,1153.7496337890625,1158.29541015625,1135.7510986328125,1139.8583984375
RELIANCE.NS,2023-06-01,1144.5888671875,1146.781005859375,1134.3665771484375,1136.7894287109375
RELIANCE.NS,2023-06-02,1140.3660888671875,1145.8348388671875,1131.1361083984375,1133.0743408203125
RELIANCE.NS,2023-06-05,1138.6124267578125,1146.250244140625,1134.57421875,1143.25048828125
RELIANCE.NS,2023-06-06,1146.11181640625,1148.0731201171875,1136.212646484375,1144.2196044921875
RELIANCE.NS,2023-06-07,1147.7501220703125,1153.7496337890625,1141.1044921875,1152.8958740234375
RELIANCE.NS,2023-06-08,1156.5185546875,1161.52587890625,1149.5960693359375,1153.5880126953125
RELIANCE.NS,2023-06-09,1156.9801025390625,1157.6954345703125,1143.5965576171875,1145.4195556640625
RELIANCE.NS,2023-06-12,1142.44287109375,1148.765380859375,1137.5970458984375,1146.434814453125
RELIANCE.NS,2023-06-13,1151.442138671875,1164.57177734375,1147.4039306640625,1163.371826171875
RELIANCE.NS,2023-06-14,1163.4410400390625,1179.132080078125,1161.5950927734375,1177.6783447265625
RELIANCE.NS,2023-06-15,1177.6552734375,1182.616455078125,1170.1328125,1178.00146484375
RELIANCE.NS,2023-06-16,1181.5318603515625,1191.7772216796875,1181.5318603515625,1189.4697265625
RELIANCE.NS,2023-06-19,1192.515625,1192.515625,1173.4326171875,1177.6552734375
RELIANCE.NS,2023-06-20,1175.6939697265625,1183.2855224609375,1169.902099609375,1180.1011962890625
RELIANCE.NS,2023-06-21,1180.0550537109375,1185.9853515625,1175.901611328125,1183.424072265625
RELIANCE.NS,2023-06-22,1179.5936279296875,1187.5775146484375,1168.517578125,1170.1328125
RELIANCE.NS,2023-06-23,1167.0869140625,1169.1636962890625,1159.28759765625,1160.5567626953125
RELIANCE.NS,2023-06-26,1156.9801025390625,1160.856689453125,1148.53466796875,1151.6959228515625
RELIANCE.NS,2023-06-27,1152.157470703125,1158.1337890625,1147.588623046875,1152.111328125
RELIANCE.NS,2023-06-28,1159.7491455078125,1171.2174072265625,1152.75732421875,1167.3638916015625
RELIANCE.NS,2023-06-30,1175.1632080078125,1179.8935546875,1169.186767578125,1176.93994140625
RELIANCE.NS,2023-07-03,1180.5396728515625,1210.0526123046875,1179.2935791015625,1207.1451416015625
RELIANCE.NS,2023-07-04,1211.4371337890625,1211.4371337890625,1187.554443359375,1194.707763671875
RELIANCE.NS,2023-07-05,1204.0531005859375,1204.0531005859375,1188.7313232421875,1192.746337890625
RELIANCE.NS,2023-07-06,1188.8466796875,1220.4132080078125,1188.8466796875,1217.78271484375
RELIANCE.NS,2023-07-07,1216.0521240234375,1229.8740234375,1212.821533203125,1215.406005859375
RELIANCE.NS,2023-07-10,1240.9268798828125,1271.8935546875,1234.5120849609375,1262.22509765625
RELIANCE.NS,2023-07-11,1270.462890625,1278.3544921875,1263.4019775390625,1275.9085693359375
RELIANCE.NS,2023-07-12,1276.64697265625,1293.12255859375,1274.5009765625,1277.316162109375
RELIANCE.NS,2023-07-13,1284.7694091796875,1291.738037109375,1263.240478515625,1265.89404296875
RELIANCE.NS,2023-07-14,1269.12451171875,1274.1549072265625,1257.6331787109375,1264.8326416015625
RELIANCE.NS,2023-07-17,1267.7401123046875,1299.1451416015625,1258.9715576171875,1290.6766357421875
RELIANCE.NS,2023-07-18,1300.0450439453125,1309.482666015625,1288.968994140625,1301.63720703125
RELIANCE.NS,2023-07-19,1306.0445556640625,1318.0435791015625,1290.8150634765625,1311.5133056640625
RELIANCE.NS,2023-07-20,1290.0,1315.4749755859375,1290.0,1309.925048828125
RELIANCE.NS,2023-07-21,1304.5,1307.449951171875,1261.800048828125,1269.375
RELIANCE.NS,2023-07-24,1240.5,1257.4749755859375,1234.6500244140625,1243.699951171875
RELIANCE.NS,2023-07-25,1247.0,1252.5999755859375,1240.0,1242.9000244140625
RELIANCE.NS,2023-07-26,1242.5,1273.5,1242.5,1263.0999755859375
RELIANCE.NS,2023-07-27,1267.0250244140625,1268.824951171875,1245.175048828125,1251.3499755859375
RELIANCE.NS,2023-07-28,1256.0250244140625,1271.425048828125,1250.2750244140625,1263.925048828125
RELIANCE.NS,2023-07-31,1263.925048828125,1276.949951171875,1258.9749755859375,1274.625
RELIANCE.NS,2023-08-01,1277.5,1279.5,1252.6500244140625,1256.5999755859375
RELIANCE.NS,2023-08-02,1254.5999755859375,1256.0,1231.800048828125,1243.175048828125
RELIANCE.NS,2023-08-03,1237.6500244140625,1250.449951171875,1229.0250244140625,1237.949951171875
RELIANCE.NS,2023-08-04,1249.4000244140625,1258.0,1235.800048828125,1254.7750244140625
RELIANCE.NS,2023-08-07,1260.5,1264.199951171875,1252.5,1261.925048828125
RELIANCE.NS,2023-08-08,1264.0,1267.2249755859375,1249.7750244140625,1254.324951171875
RELIANCE.NS,2023-08-09,1252.425048828125,1264.5,1240.550048828125,1262.5999755859375
RELIANCE.NS,2023-08-10,1262.4749755859375,1275.0,1254.2249755859375,1268.2249755859375
RELIANCE.NS,2023-08-11,1266.2249755859375,1279.425048828125,1256.175048828125,1273.574951171875
RELIANCE.NS,2023-08-14,1269.5,1291.1500244140625,1262.5,1288.625
RELIANCE.NS,2023-08-16,1275.5,1291.4000244140625,1275.5,1287.574951171875
RELIANCE.NS,2023-08-17,1283.550048828125,1289.050048828125,1266.425048828125,1269.0
RELIANCE.NS,2023-08-18,1265.625,1288.800048828125,1254.2750244140625,1278.4000244140625
RELIANCE.NS,2023-08-21,1269.9749755859375,1277.7249755859375,1257.824951171875,1260.0
RELIANCE.NS,2023-08-22,1258.449951171875,1268.9749755859375,1249.5,1259.699951171875
RELIANCE.NS,2023-08-23,1262.0999755859375,1271.425048828125,1258.4749755859375,1261.0999755859375
RELIANCE.NS,2023-08-24,1269.949951171875,1269.949951171875,1235.5,1239.9000244140625
RELIANCE.NS,2023-08-25,1228.0,1252.5,1221.300048828125,1234.175048828125
RELIANCE.NS,2023-08-28,1236.0,1242.0,1215.550048828125,1221.875
RELIANCE.NS,2023-08-29,1226.0250244140625,1226.7249755859375,1204.074951171875,1210.175048828125
RELIANCE.NS,2023-08-30,1216.0,1221.5,1207.5,1209.0250244140625
RELIANCE.NS,2023-08-31,1211.5,1212.5,1199.949951171875,1203.5
RELIANCE.NS,2023-09-01,1203.2750244140625,1212.824951171875,1200.824951171875,1206.324951171875
RELIANCE.NS,2023-09-04,1206.324951171875,1211.824951171875,1202.6500244140625,1205.3499755859375
RELIANCE.NS,2023-09-05,1210.0,1216.9749755859375,1206.2249755859375,1211.800048828125
RELIANCE.NS,2023-09-06,1210.550048828125,1218.074951171875,1208.625,1214.3499755859375
RELIANCE.NS,2023-09-07,1210.8499755859375,1219.125,1205.5,1216.0
RELIANCE.NS,2023-09-08,1220.0,1228.0,1211.4749755859375,1224.0999755859375
RELIANCE.NS,2023-09-11,1226.0,1238.425048828125,1226.0,1237.300048828125
RELIANCE.NS,2023-09-12,1241.5,1241.5,1217.9749755859375,1219.425048828125
RELIANCE.NS,2023-09-13,1220.0,1231.324951171875,1213.125,1225.5250244140625
RELIANCE.NS,2023-09-14,1230.0,1232.9000244140625,1222.5,1226.6500244140625
RELIANCE.NS,2023-09-15,1234.0,1234.0,1224.75,1228.925048828125
RELIANCE.NS,2023-09-18,1220.0250244140625,1225.5,1216.0250244140625,1218.2249755859375
RELIANCE.NS,2023-09-20,1211.5250244140625,1213.800048828125,1177.5,1191.074951171875
RELIANCE.NS,2023-09-21,1187.4749755859375,1195.050048828125,1180.0,1182.4000244140625
RELIANCE.NS,2023-09-22,1188.0,1191.2249755859375,1175.0,1177.4749755859375
RELIANCE.NS,2023-09-25,1175.199951171875,1180.3499755859375,1167.550048828125,1170.2249755859375
RELIANCE.NS,2023-09-26,1169.2750244140625,1175.0999755859375,1167.800048828125,1171.25
RELIANCE.NS,2023-09-27,1171.75,1185.9000244140625,1169.25,1184.449951171875
RELIANCE.NS,2023-09-28,1191.5,1191.5,1162.5,1167.050048828125
RELIANCE.NS,2023-09-29,1170.9000244140625,1184.550048828125,1167.050048828125,1172.5
RELIANCE.NS,2023-10-03,1164.9749755859375,1167.800048828125,1158.0,1159.074951171875
RELIANCE.NS,2023-10-04,1154.5,1159.5,1147.550048828125,1157.074951171875
RELIANCE.NS,2023-10-05,1159.625,1164.699951171875,1154.5,1157.050048828125
RELIANCE.NS,2023-10-06,1158.5250244140625,1162.4000244140625,1156.0250244140625,1159.0
RELIANCE.NS,2023-10-09,1154.050048828125,1155.9749755859375,1147.5,1149.125
RELIANCE.NS,2023-10-10,1153.2750244140625,1158.949951171875,1151.875,1154.199951171875
RELIANCE.NS,2023-10-11,1157.2249755859375,1174.8499755859375,1156.5,1172.5250244140625
RELIANCE.NS,2023-10-12,1171.925048828125,1179.675048828125,1169.074951171875,1174.699951171875
RELIANCE.NS,2023-10-13,1170.0,1178.75,1164.574951171875,1174.6500244140625
RELIANCE.NS,2023-10-16,1172.5,1177.2750244140625,1168.0,1172.0250244140625
RELIANCE.NS,2023-10-17,1178.0,1179.8499755859375,1170.6500244140625,1177.625
RELIANCE.NS,2023-10-18,1177.625,1183.5,1160.5,1162.0
RELIANCE.NS,2023-10-19,1156.0,1160.9000244140625,1150.5,1153.074951171875
RELIANCE.NS,2023-10-20,1150.0,1157.3499755859375,1148.1500244140625,1149.550048828125
RELIANCE.NS,2023-10-23,1145.0,1153.125,1127.625,1131.5999755859375
RELIANCE.NS,2023-10-25,1125.0250244140625,1140.5999755859375,1121.5,1128.9749755859375
RELIANCE.NS,2023-10-26,1125.5,1129.0,1110.1500244140625,1113.25
RELIANCE.NS,2023-10-27,1120.0,1136.75,1117.9749755859375,1132.9000244140625
RELIANCE.NS,2023-10-30,1137.0,1162.5,1134.9749755859375,1156.25
RELIANCE.NS,2023-10-31,1164.0,1164.0,1141.449951171875,1143.949951171875
RELIANCE.NS,2023-11-01,1144.574951171875,1158.75,1137.5999755859375,1148.699951171875
RELIANCE.NS,2023-11-02,1156.9749755859375,1162.1500244140625,1153.9749755859375,1160.0999755859375
RELIANCE.NS,2023-11-03,1163.5999755859375,1167.4749755859375,1157.875,1159.8499755859375
RELIANCE.NS,2023-11-06,1166.1500244140625,1170.0,1162.800048828125,1169.5
RELIANCE.NS,2023-11-07,1167.0250244140625,1169.550048828125,1159.7750244140625,1161.9000244140625
RELIANCE.NS,2023-11-08,1166.0,1170.5,1160.875,1167.949951171875
RELIANCE.NS,2023-11-09,1167.925048828125,1167.949951171875,1152.0999755859375,1155.2750244140625
RELIANCE.NS,2023-11-10,1152.7750244140625,1158.175048828125,1149.0250244140625,1157.449951171875
RELIANCE.NS,2023-11-13,1161.449951171875,1162.300048828125,1155.8499755859375,1157.300048828125
RELIANCE.NS,2023-11-15,1170.0,1180.9749755859375,1163.5,1178.2249755859375
RELIANCE.NS,2023-11-16,1175.550048828125,1187.074951171875,1173.4749755859375,1180.3499755859375
RELIANCE.NS,2023-11-17,1176.449951171875,1186.625,1176.0250244140625,1177.7750244140625
RELIANCE.NS,2023-11-20,1174.2750244140625,1179.199951171875,1168.199951171875,1174.675048828125
RELIANCE.NS,2023-11-21,1183.0,1194.0,1180.0999755859375,1189.449951171875
RELIANCE.NS,2023-11-22,1187.5,1197.2249755859375,1186.0999755859375,1194.0999755859375
RELIANCE.NS,2023-11-23,1194.0999755859375,1200.0,1194.0999755859375,1197.75
RELIANCE.NS,2023-11-24,1195.800048828125,1201.300048828125,1195.5250244140625,1196.949951171875
RELIANCE.NS,2023-11-28,1196.949951171875,1199.8499755859375,1187.625,1197.199951171875
RELIANCE.NS,2023-11-29,1204.0,1205.9749755859375,1199.0250244140625,1200.3499755859375
RELIANCE.NS,2023-11-30,1197.3499755859375,1200.3499755859375,1184.949951171875,1188.7249755859375
RELIANCE.NS,2023-12-01,1189.0,1198.199951171875,1188.800048828125,1197.1500244140625
RELIANCE.NS,2023-12-04,1225.0,1225.0,1199.300048828125,1210.0999755859375
RELIANCE.NS,2023-12-05,1219.5,1220.425048828125,1210.824951171875,1218.875
RELIANCE.NS,2023-12-06,1223.550048828125,1236.4749755859375,1217.5,1230.550048828125
RELIANCE.NS,2023-12-07,1230.0,1230.4749755859375,1221.0,1228.5250244140625
RELIANCE.NS,2023-12-08,1231.925048828125,1238.3499755859375,1222.5,1227.875
RELIANCE.NS,2023-12-11,1228.0,1233.800048828125,1226.199951171875,1229.675048828125
RELIANCE.NS,2023-12-12,1230.0,1232.4749755859375,1210.074951171875,1212.0250244140625
RELIANCE.NS,2023-12-13,1211.0,1219.175048828125,1203.1500244140625,1216.9749755859375
RELIANCE.NS,2023-12-14,1227.0,1237.4749755859375,1221.324951171875,1232.074951171875
RELIANCE.NS,2023-12-15,1239.0,1250.0,1235.0250244140625,1247.800048828125
RELIANCE.NS,2023-12-18,1247.800048828125,1267.449951171875,1245.4749755859375,1260.5
RELIANCE.NS,2023-12-19,1277.5,1286.949951171875,1262.5999755859375,1279.050048828125
RELIANCE.NS,2023-12-20,1285.5250244140625,1299.425048828125,1260.0,1263.574951171875
RELIANCE.NS,2023-12-21,1263.5,1286.75,1259.125,1281.2750244140625
RELIANCE.NS,2023-12-22,1279.800048828125,1290.449951171875,1273.824951171875,1282.5250244140625
RELIANCE.NS,2023-12-26,1284.0,1295.9749755859375,1281.3499755859375,1289.0250244140625
RELIANCE.NS,2023-12-27,1291.0,1299.949951171875,1286.550048828125,1293.425048828125
RELIANCE.NS,2023-12-28,1294.9000244140625,1306.0,1293.425048828125,1302.7750244140625
RELIANCE.NS,2023-12-29,1305.550048828125,1307.0,1289.6500244140625,1292.4749755859375
RELIANCE.NS,2024-01-01,1290.2750244140625,1303.425048828125,1286.574951171875,1295.125
RELIANCE.NS,2024-01-02,1292.5,1307.5,1286.5,1305.8499755859375
RELIANCE.NS,2024-01-03,1305.0,1317.0,1288.5999755859375,1291.6500244140625
RELIANCE.NS,2024-01-04,1294.0,1304.925048828125,1289.550048828125,1298.324951171875
RELIANCE.NS,2024-01-05,1301.449951171875,1309.925048828125,1299.0,1303.8499755859375
RELIANCE.NS,2024-01-08,1305.0,1315.9749755859375,1284.4749755859375,1293.675048828125
RELIANCE.NS,2024-01-09,1300.0,1303.4000244140625,1288.5999755859375,1290.25
RELIANCE.NS,2024-01-10,1288.5,1329.5,1287.5250244140625,1325.050048828125
RELIANCE.NS,2024-01-11,1329.5,1362.5,1328.5,1359.9000244140625
RELIANCE.NS,2024-01-12,1359.9000244140625,1373.324951171875,1345.75,1370.7249755859375
RELIANCE.NS,2024-01-15,1375.0,1396.449951171875,1366.0,1394.125
RELIANCE.NS,2024-01-16,1389.9749755859375,1396.300048828125,1370.5,1374.625
RELIANCE.NS,2024-01-17,1359.5,1386.2750244140625,1355.0250244140625,1361.574951171875
RELIANCE.NS,2024-01-18,1351.4000244140625,1371.0,1351.25,1367.949951171875
RELIANCE.NS,2024-01-19,1376.0,1376.0,1359.0,1367.449951171875
RELIANCE.NS,2024-01-23,1371.75,1371.75,1322.550048828125,1328.574951171875
RELIANCE.NS,2024-01-24,1335.2249755859375,1349.5,1323.925048828125,1343.875
RELIANCE.NS,2024-01-25,1342.949951171875,1364.1500244140625,1335.199951171875,1353.074951171875
RELIANCE.NS,2024-01-29,1364.5,1452.5,1360.175048828125,1448.050048828125
RELIANCE.NS,2024-01-30,1459.949951171875,1459.9749755859375,1404.425048828125,1407.625
RELIANCE.NS,2024-01-31,1404.0,1434.25,1402.5,1426.625
RELIANCE.NS,2024-02-01,1435.0,1443.3499755859375,1418.050048828125,1426.6500244140625
RELIANCE.NS,2024-02-02,1433.175048828125,1474.9000244140625,1433.175048828125,1457.699951171875
RELIANCE.NS,2024-02-05,1460.75,1470.5,1431.5250244140625,1439.0250244140625
RELIANCE.NS,2024-02-06,1441.8499755859375,1441.8499755859375,1419.824951171875,1427.800048828125
RELIANCE.NS,2024-02-07,1435.925048828125,1449.5,1429.25,1442.1500244140625
RELIANCE.NS,2024-02-08,1450.0,1459.4749755859375,1427.5250244140625,1450.125
RELIANCE.NS,2024-02-09,1454.0,1471.9749755859375,1450.949951171875,1460.75
RELIANCE.NS,2024-02-12,1460.75,1461.0,1442.3499755859375,1452.3499755859375
RELIANCE.NS,2024-02-13,1455.5,1479.0,1454.0,1465.0999755859375
RELIANCE.NS,2024-02-14,1457.5,1483.6500244140625,1457.5,1481.375
RELIANCE.NS,2024-02-15,1483.3499755859375,1484.7249755859375,1466.5250244140625,1470.5999755859375
RELIANCE.NS,2024-02-16,1476.4749755859375,1477.0,1458.550048828125,1460.574951171875
RELIANCE.NS,2024-02-19,1462.050048828125,1479.5,1453.5250244140625,1474.0
RELIANCE.NS,2024-02-20,1475.0250244140625,1475.5,1461.800048828125,1471.0250244140625
RELIANCE.NS,2024-02-21,1474.0,1488.5250244140625,1457.550048828125,1467.699951171875
RELIANCE.NS,2024-02-22,1468.1500244140625,1484.949951171875,1458.0,1481.75
RELIANCE.NS,2024-02-23,1489.5,1497.550048828125,1483.3499755859375,1493.625
RELIANCE.NS,2024-02-26,1493.550048828125,1494.5250244140625,1482.5,1487.324951171875
RELIANCE.NS,2024-02-27,1483.0250244140625,1499.949951171875,1478.050048828125,1485.6500244140625
RELIANCE.NS,2024-02-28,1483.0,1491.2750244140625,1450.175048828125,1455.625
RELIANCE.NS,2024-02-29,1465.0,1478.9749755859375,1454.5250244140625,1460.800048828125
RELIANCE.NS,2024-03-01,1463.5,1500.0,1462.5,1492.125
RELIANCE.NS,2024-03-04,1490.4749755859375,1512.449951171875,1487.2249755859375,1507.4000244140625
RELIANCE.NS,2024-03-05,1505.7750244140625,1507.4000244140625,1486.050048828125,1500.199951171875
RELIANCE.NS,2024-03-06,1493.449951171875,1509.0,1478.5,1503.0
RELIANCE.NS,2024-03-07,1502.9749755859375,1503.0999755859375,1475.550048828125,1478.925048828125
RELIANCE.NS,2024-03-11,1489.0,1489.0,1463.5,1466.5999755859375
RELIANCE.NS,2024-03-12,1466.5999755859375,1488.0,1465.0250244140625,1475.425048828125
RELIANCE.NS,2024-03-13,1479.7750244140625,1483.0999755859375,1427.7750244140625,1432.175048828125
RELIANCE.NS,2024-03-14,1439.699951171875,1448.5250244140625,1425.5,1431.4749755859375
RELIANCE.NS,2024-03-15,1425.949951171875,1433.2249755859375,1412.9000244140625,1418.2249755859375
RELIANCE.NS,2024-03-18,1420.0,1441.7249755859375,1416.5250244140625,1439.4749755859375
RELIANCE.NS,2024-03-19,1428.75,1437.5999755859375,1417.25,1425.25
RELIANCE.NS,2024-03-20,1427.949951171875,1445.0,1424.0250244140625,1443.75
RELIANCE.NS,2024-03-21,1452.5250244140625,1457.9000244140625,1444.675048828125,1450.9749755859375
RELIANCE.NS,2024-03-22,1449.9749755859375,1460.0,1447.3499755859375,1455.0250244140625
RELIANCE.NS,2024-03-26,1445.0,1452.4000244140625,1439.0,1441.574951171875
RELIANCE.NS,2024-03-27,1448.0,1500.0,1447.0,1492.8499755859375
RELIANCE.NS,2024-03-28,1492.875,1505.949951171875,1478.6500244140625,1485.8499755859375
RELIANCE.NS,2024-04-01,1492.4749755859375,1493.9749755859375,1482.5,1484.7750244140625
RELIANCE.NS,2024-04-02,1484.0,1494.0,1475.0,1486.949951171875
RELIANCE.NS,2024-04-03,1482.074951171875,1484.449951171875,1468.9000244140625,1471.5999755859375
RELIANCE.NS,2024-04-04,1479.75,1479.75,1450.0,1462.925048828125
RELIANCE.NS,2024-04-05,1460.875,1470.800048828125,1456.0,1460.0999755859375
RELIANCE.NS,2024-04-08,1462.9749755859375,1490.9749755859375,1461.0,1485.9749755859375
RELIANCE.NS,2024-04-09,1489.0,1489.800048828125,1462.5,1463.6500244140625
RELIANCE.NS,2024-04-10,1466.3499755859375,1487.0,1466.3499755859375,1479.574951171875
RELIANCE.NS,2024-04-12,1475.875,1486.4749755859375,1463.074951171875,1467.1500244140625
RELIANCE.NS,2024-04-15,1461.0,1482.125,1446.324951171875,1464.824951171875
RELIANCE.NS,2024-04-16,1453.3499755859375,1471.175048828125,1450.925048828125,1465.75
RELIANCE.NS,2024-04-18,1463.5,1486.0,1459.3499755859375,1464.324951171875
RELIANCE.NS,2024-04-19,1456.7750244140625,1474.0,1443.0250244140625,1470.125
RELIANCE.NS,2024-04-22,1472.449951171875,1482.824951171875,1467.800048828125,1479.8499755859375
RELIANCE.NS,2024-04-23,1479.0,1493.5,1455.550048828125,1459.324951171875
RELIANCE.NS,2024-04-24,1463.5,1468.550048828125,1449.5,1450.175048828125
RELIANCE.NS,2024-04-25,1442.5,1467.9749755859375,1441.5,1459.9749755859375
RELIANCE.NS,2024-04-26,1463.949951171875,1465.0,1450.0,1452.550048828125
RELIANCE.NS,2024-04-29,1450.0,1467.9000244140625,1450.0,1465.0250244140625
RELIANCE.NS,2024-04-30,1468.0,1483.074951171875,1462.875,1467.0
RELIANCE.NS,2024-05-02,1472.0,1477.324951171875,1464.125,1466.550048828125
RELIANCE.NS,2024-05-03,1471.0,1474.949951171875,1416.1500244140625,1434.0
RELIANCE.NS,2024-05-06,1435.5,1440.0,1418.0,1419.5250244140625
RELIANCE.NS,2024-05-07,1415.9749755859375,1420.75,1392.0,1401.4749755859375
RELIANCE.NS,2024-05-08,1397.5,1432.949951171875,1397.5,1418.550048828125
RELIANCE.NS,2024-05-09,1413.0,1423.75,1390.0,1394.125
RELIANCE.NS,2024-05-10,1396.75,1410.0,1388.074951171875,1407.425048828125
RELIANCE.NS,2024-05-13,1399.9000244140625,1406.9749755859375,1384.0,1402.699951171875
RELIANCE.NS,2024-05-14,1400.9749755859375,1427.074951171875,1400.0250244140625,1420.074951171875
RELIANCE.NS,2024-05-15,1420.5,1429.9749755859375,1413.0250244140625,1416.2750244140625
RELIANCE.NS,2024-05-16,1418.550048828125,1427.5,1398.0250244140625,1425.3499755859375
RELIANCE.NS,2024-05-17,1423.050048828125,1437.199951171875,1413.25,1435.699951171875
RELIANCE.NS,2024-05-21,1425.5999755859375,1441.824951171875,1425.5999755859375,1436.125
RELIANCE.NS,2024-05-22,1436.2750244140625,1468.7750244140625,1436.2750244140625,1460.6500244140625
RELIANCE.NS,2024-05-23,1458.550048828125,1492.2249755859375,1455.0,1486.050048828125
RELIANCE.NS,2024-05-24,1483.625,1488.5,1476.0999755859375,1480.25
RELIANCE.NS,2024-05-27,1480.2249755859375,1484.9000244140625,1461.550048828125,1466.25
RELIANCE.NS,2024-05-28,1468.0,1478.5,1452.75,1456.199951171875
RELIANCE.NS,2024-05-29,1446.5,1458.0,1438.449951171875,1440.7750244140625
RELIANCE.NS,2024-05-30,1435.5,1440.4000244140625,1420.0999755859375,1424.8499755859375
RELIANCE.NS,2024-05-31,1431.300048828125,1442.25,1422.25,1430.4000244140625
RELIANCE.NS,2024-06-03,1483.0,1514.5,1459.0,1510.324951171875
RELIANCE.NS,2024-06-04,1498.050048828125,1498.050048828125,1359.300048828125,1397.2750244140625
RELIANCE.NS,2024-06-05,1422.0,1431.1500244140625,1384.0999755859375,1420.75
RELIANCE.NS,2024-06-06,1435.0,1443.699951171875,1421.3499755859375,1431.5999755859375
RELIANCE.NS,2024-06-07,1428.5,1472.0,1426.5,1469.949951171875
RELIANCE.NS,2024-06-10,1469.949951171875,1493.3499755859375,1468.074951171875,1471.4000244140625
RELIANCE.NS,2024-06-11,1469.0,1473.675048828125,1454.675048828125,1456.675048828125
RELIANCE.NS,2024-06-12,1457.5,1476.0,1455.175048828125,1463.324951171875
RELIANCE.NS,2024-06-13,1472.0,1472.25,1460.0999755859375,1465.25
RELIANCE.NS,2024-06-14,1470.0,1479.675048828125,1457.2249755859375,1477.550048828125
RELIANCE.NS,2024-06-18,1487.3499755859375,1487.4000244140625,1471.3499755859375,1481.0250244140625
RELIANCE.NS,2024-06-19,1487.5,1487.5,1456.0,1458.6500244140625
RELIANCE.NS,2024-06-20,1459.0,1482.8499755859375,1450.0999755859375,1473.699951171875
RELIANCE.NS,2024-06-21,1473.625,1474.699951171875,1440.574951171875,1454.199951171875
RELIANCE.NS,2024-06-24,1445.5250244140625,1449.5,1437.5,1441.4749755859375
RELIANCE.NS,2024-06-25,1443.0,1455.925048828125,1441.0,1454.1500244140625
RELIANCE.NS,2024-06-26,1446.050048828125,1518.9749755859375,1445.125,1514.0250244140625
RELIANCE.NS,2024-06-27,1513.75,1537.5,1506.0,1530.550048828125
RELIANCE.NS,2024-06-28,1531.0250244140625,1581.0,1531.0250244140625,1565.4000244140625
RELIANCE.NS,2024-07-01,1562.5250244140625,1579.4000244140625,1555.675048828125,1560.1500244140625
RELIANCE.NS,2024-07-02,1569.5,1573.5,1557.0,1565.175048828125
RELIANCE.NS,2024-07-03,1566.324951171875,1575.0,1542.7750244140625,1552.425048828125
RELIANCE.NS,2024-07-04,1557.0,1567.5,1550.800048828125,1554.0250244140625
RELIANCE.NS,2024-07-05,1553.824951171875,1598.5,1548.0,1588.625
RELIANCE.NS,2024-07-08,1589.0,1608.800048828125,1582.5250244140625,1600.9000244140625
RELIANCE.NS,2024-07-09,1597.5999755859375,1600.5,1580.5,1590.2750244140625
RELIANCE.NS,2024-07-10,1595.0,1597.5,1563.1500244140625,1584.2249755859375
RELIANCE.NS,2024-07-11,1587.5,1604.25,1570.5,1580.6500244140625
RELIANCE.NS,2024-07-12,1584.5,1605.1500244140625,1574.5,1596.7249755859375
RELIANCE.NS,2024-07-15,1604.449951171875,1605.8499755859375,1585.5,1597.2249755859375
RELIANCE.NS,2024-07-16,1593.5,1600.0,1569.125,1576.25
RELIANCE.NS,2024-07-18,1576.0,1593.9000244140625,1557.824951171875,1586.675048828125
RELIANCE.NS,2024-07-19,1586.0,1589.9749755859375,1552.800048828125,1555.1500244140625
RELIANCE.NS,2024-07-22,1537.25,1537.5,1499.2750244140625,1500.675048828125
RELIANCE.NS,2024-07-23,1501.0,1505.75,1463.0,1487.9000244140625
RELIANCE.NS,2024-07-24,1485.0,1509.5,1476.4000244140625,1495.699951171875
RELIANCE.NS,2024-07-25,1481.0,1500.4749755859375,1477.074951171875,1492.4000244140625
RELIANCE.NS,2024-07-26,1492.4000244140625,1512.425048828125,1490.3499755859375,1509.0250244140625
RELIANCE.NS,2024-07-29,1511.949951171875,1527.5,1511.7750244140625,1520.0999755859375
RELIANCE.NS,2024-07-30,1517.0250244140625,1525.0,1510.0,1513.1500244140625
RELIANCE.NS,2024-07-31,1504.0,1510.449951171875,1501.1500244140625,1505.425048828125
RELIANCE.NS,2024-08-01,1512.0,1518.0,1504.300048828125,1515.300048828125
RELIANCE.NS,2024-08-02,1505.0,1509.324951171875,1493.2750244140625,1499.324951171875
RELIANCE.NS,2024-08-05,1480.0,1483.9000244140625,1433.25,1447.324951171875
RELIANCE.NS,2024-08-06,1455.1500244140625,1477.5,1451.324951171875,1456.050048828125
RELIANCE.NS,2024-08-07,1469.0,1472.5,1461.5,1464.824951171875
RELIANCE.NS,2024-08-08,1457.5250244140625,1465.0,1445.925048828125,1449.125
RELIANCE.NS,2024-08-09,1460.0,1476.5,1456.0,1474.300048828125
RELIANCE.NS,2024-08-12,1470.0,1473.0,1457.75,1460.625
RELIANCE.NS,2024-08-13,1460.75,1470.074951171875,1458.0,1463.625
RELIANCE.NS,2024-08-14,1463.550048828125,1472.0,1453.699951171875,1461.8499755859375
RELIANCE.NS,2024-08-16,1468.6500244140625,1480.4000244140625,1458.050048828125,1478.199951171875
RELIANCE.NS,2024-08-19,1482.5,1498.300048828125,1480.5,1488.4000244140625
RELIANCE.NS,2024-08-20,1497.2249755859375,1503.925048828125,1490.0250244140625,1495.949951171875
RELIANCE.NS,2024-08-21,1493.25,1507.875,1490.0,1498.675048828125
RELIANCE.NS,2024-08-22,1503.0,1506.5,1490.6500244140625,1498.125
RELIANCE.NS,2024-08-23,1503.75,1511.324951171875,1498.425048828125,1499.9749755859375
RELIANCE.NS,2024-08-26,1506.9749755859375,1523.0,1503.0,1512.5999755859375
RELIANCE.NS,2024-08-27,1510.5,1513.4749755859375,1499.449951171875,1500.449951171875
RELIANCE.NS,2024-08-28,1505.0,1507.4749755859375,1493.0,1498.300048828125
RELIANCE.NS,2024-08-29,1503.0999755859375,1537.0,1494.0,1520.925048828125
RELIANCE.NS,2024-08-30,1534.0,1539.7249755859375,1503.324951171875,1509.625
RELIANCE.NS,2024-09-02,1510.875,1526.800048828125,1506.625,1516.25
RELIANCE.NS,2024-09-03,1521.25,1523.0,1507.5,1509.125
RELIANCE.NS,2024-09-04,1500.699951171875,1517.5,1499.5,1514.550048828125
RELIANCE.NS,2024-09-05,1519.050048828125,1525.7750244140625,1487.050048828125,1492.9749755859375
RELIANCE.NS,2024-09-06,1492.5,1497.0,1461.625,1464.824951171875
RELIANCE.NS,2024-09-09,1466.5,1469.925048828125,1455.5999755859375,1462.449951171875
RELIANCE.NS,2024-09-10,1460.5,1472.050048828125,1457.574951171875,1461.5250244140625
RELIANCE.NS,2024-09-11,1463.050048828125,1468.75,1447.550048828125,1451.5
RELIANCE.NS,2024-09-12,1457.0,1486.0,1445.875,1479.800048828125
RELIANCE.NS,2024-09-13,1476.4000244140625,1483.1500244140625,1469.5,1472.625
RELIANCE.NS,2024-09-16,1477.550048828125,1480.9000244140625,1464.75,1471.3499755859375
RELIANCE.NS,2024-09-17,1474.0,1477.4749755859375,1466.625,1472.300048828125
RELIANCE.NS,2024-09-18,1470.0,1482.0,1460.550048828125,1463.449951171875
RELIANCE.NS,2024-09-19,1466.25,1476.5,1455.550048828125,1469.675048828125
RELIANCE.NS,2024-09-20,1474.0,1495.0,1471.375,1485.925048828125
RELIANCE.NS,2024-09-23,1491.0,1501.5,1488.949951171875,1493.375
RELIANCE.NS,2024-09-24,1488.5,1500.5,1487.875,1489.375
RELIANCE.NS,2024-09-25,1483.9000244140625,1496.5,1480.199951171875,1493.949951171875
RELIANCE.NS,2024-09-26,1490.6500244140625,1504.0,1488.050048828125,1497.949951171875
RELIANCE.NS,2024-09-27,1499.0,1533.4749755859375,1492.0,1526.175048828125
RELIANCE.NS,2024-09-30,1519.4000244140625,1524.9749755859375,1474.4000244140625,1476.574951171875
RELIANCE.NS,2024-10-01,1480.6500244140625,1487.949951171875,1462.824951171875,1464.824951171875
RELIANCE.NS,2024-10-03,1436.574951171875,1449.4000244140625,1402.074951171875,1406.9749755859375
RELIANCE.NS,2024-10-04,1403.925048828125,1417.3499755859375,1381.7750244140625,1386.5250244140625
RELIANCE.NS,2024-10-07,1393.5,1396.5,1361.375,1370.7249755859375
RELIANCE.NS,2024-10-08,1372.9749755859375,1401.0,1365.0999755859375,1397.3499755859375
RELIANCE.NS,2024-10-09,1397.5250244140625,1400.9749755859375,1372.5,1374.5999755859375
RELIANCE.NS,2024-10-10,1380.0250244140625,1386.0,1369.425048828125,1371.050048828125
RELIANCE.NS,2024-10-11,1370.0,1383.2750244140625,1368.824951171875,1372.0999755859375
RELIANCE.NS,2024-10-14,1379.449951171875,1380.074951171875,1368.25,1372.5250244140625
RELIANCE.NS,2024-10-15,1358.5250244140625,1371.699951171875,1340.699951171875,1344.0250244140625
RELIANCE.NS,2024-10-16,1340.0,1364.0,1337.625,1354.074951171875
RELIANCE.NS,2024-10-17,1365.699951171875,1368.449951171875,1352.050048828125,1356.425048828125
RELIANCE.NS,2024-10-18,1352.175048828125,1368.425048828125,1341.324951171875,1359.300048828125
RELIANCE.NS,2024-10-21,1367.125,1374.0,1357.7249755859375,1369.199951171875
RELIANCE.NS,2024-10-22,1369.199951171875,1376.0,1340.2249755859375,1343.3499755859375
RELIANCE.NS,2024-10-23,1337.5,1357.4749755859375,1335.0,1338.5250244140625
RELIANCE.NS,2024-10-24,1335.2750244140625,1343.699951171875,1323.125,1339.800048828125
RELIANCE.NS,2024-10-25,1343.5,1344.3499755859375,1322.0,1327.8499755859375
RELIANCE.NS,2024-10-28,1337.0,1353.0,1322.0999755859375,1334.3499755859375
RELIANCE.NS,2024-10-29,1328.0999755859375,1343.199951171875,1320.300048828125,1340.0
RELIANCE.NS,2024-10-30,1335.0,1350.0,1325.3499755859375,1343.9000244140625
RELIANCE.NS,2024-10-31,1340.0,1343.0,1326.1500244140625,1332.050048828125
RELIANCE.NS,2024-11-01,1333.050048828125,1341.949951171875,1333.0,1338.6500244140625
RELIANCE.NS,2024-11-04,1337.8499755859375,1340.0,1285.0999755859375,1302.1500244140625
RELIANCE.NS,2024-11-05,1293.0,1309.550048828125,1286.1500244140625,1305.300048828125
RELIANCE.NS,2024-11-06,1310.0,1328.300048828125,1300.199951171875,1325.3499755859375
RELIANCE.NS,2024-11-07,1324.0,1324.0,1302.5999755859375,1305.6500244140625
RELIANCE.NS,2024-11-08,1297.6500244140625,1301.6500244140625,1275.0,1283.75
RELIANCE.NS,2024-11-11,1278.949951171875,1286.0,1267.0,1272.699951171875
RELIANCE.NS,2024-11-12,1275.550048828125,1289.300048828125,1267.5,1274.25
RELIANCE.NS,2024-11-13,1270.25,1275.449951171875,1249.5,1252.050048828125
RELIANCE.NS,2024-11-14,1253.5999755859375,1272.5999755859375,1251.0999755859375,1267.5999755859375
RELIANCE.NS,2024-11-18,1267.5999755859375,1272.9000244140625,1243.9000244140625,1260.75
RELIANCE.NS,2024-11-19,1260.75,1281.5,1235.1500244140625,1241.6500244140625
RELIANCE.NS,2024-11-21,1241.6500244140625,1243.949951171875,1217.25,1223.0
RELIANCE.NS,2024-11-22,1229.4000244140625,1268.8499755859375,1222.449951171875,1265.4000244140625
RELIANCE.NS,2024-11-25,1290.0,1304.449951171875,1282.449951171875,1287.0
RELIANCE.NS,2024-11-26,1294.949951171875,1297.8499755859375,1284.199951171875,1295.699951171875
RELIANCE.NS,2024-11-27,1293.5,1303.8499755859375,1286.0,1293.199951171875
RELIANCE.NS,2024-11-28,1289.949951171875,1296.5999755859375,1269.050048828125,1270.800048828125
RELIANCE.NS,2024-11-29,1280.0,1299.5,1275.25,1292.199951171875
RELIANCE.NS,2024-12-02,1288.0,1311.3499755859375,1277.050048828125,1309.1500244140625
RELIANCE.NS,2024-12-03,1317.0,1326.800048828125,1307.0,1323.300048828125
RELIANCE.NS,2024-12-04,1326.0,1328.4000244140625,1304.050048828125,1308.949951171875
RELIANCE.NS,2024-12-05,1314.3499755859375,1329.949951171875,1306.1500244140625,1322.050048828125
RELIANCE.NS,2024-12-06,1323.9000244140625,1323.9000244140625,1310.0,1311.550048828125
RELIANCE.NS,2024-12-09,1303.0,1315.0,1293.0999755859375,1295.1500244140625
RELIANCE.NS,2024-12-10,1289.25,1294.9000244140625,1280.199951171875,1284.8499755859375
RELIANCE.NS,2024-12-11,1285.0,1290.0,1276.050048828125,1278.199951171875
RELIANCE.NS,2024-12-12,1270.0,1278.199951171875,1260.5999755859375,1262.9000244140625
RELIANCE.NS,2024-12-13,1260.0,1275.199951171875,1239.5999755859375,1272.8499755859375
RELIANCE.NS,2024-12-16,1275.0,1281.0,1266.550048828125,1268.300048828125
RELIANCE.NS,2024-12-17,1261.050048828125,1263.9000244140625,1242.800048828125,1245.300048828125
RELIANCE.NS,2024-12-18,1240.6500244140625,1259.949951171875,1240.6500244140625,1253.25
RELIANCE.NS,2024-12-19,1239.0,1244.9000244140625,1229.0,1230.449951171875
RELIANCE.NS,2024-12-20,1224.0,1239.5,1201.5,1205.300048828125
RELIANCE.NS,2024-12-23,1215.0,1227.199951171875,1213.199951171875,1222.300048828125
RELIANCE.NS,2024-12-24,1222.300048828125,1233.550048828125,1221.0,1222.75
RELIANCE.NS,2024-12-26,1224.25,1227.699951171875,1214.25,1216.550048828125
RELIANCE.NS,2024-12-27,1218.300048828125,1227.9000244140625,1217.0,1221.050048828125
RELIANCE.NS,2024-12-30,1216.4000244140625,1223.199951171875,1208.0999755859375,1210.699951171875
RELIANCE.NS,2024-12-31,1208.0,1219.0999755859375,1206.1500244140625,1215.449951171875
RELIANCE.NS,2025-01-01,1214.8499755859375,1226.300048828125,1211.5999755859375,1221.25
RELIANCE.NS,2025-01-02,1221.25,1244.449951171875,1220.0,1241.800048828125
RELIANCE.NS,2025-01-03,1243.9000244140625,1262.050048828125,1235.5,1251.1500244140625
RELIANCE.NS,2025-01-06,1253.949951171875,1262.0,1215.0,1218.0
RELIANCE.NS,2025-01-07,1222.0,1244.5,1221.25,1240.8499755859375
RELIANCE.NS,2025-01-08,1249.0,1271.050048828125,1245.3499755859375,1265.5
RELIANCE.NS,2025-01-09,1267.0,1269.75,1248.050048828125,1254.75
RELIANCE.NS,2025-01-10,1253.8499755859375,1256.75,1236.0,1241.9000244140625
RELIANCE.NS,2025-01-13,1230.0,1245.25,1226.4000244140625,1239.8499755859375
RELIANCE.NS,2025-01-14,1244.0999755859375,1253.3499755859375,1227.25,1238.75
RELIANCE.NS,2025-01-15,1244.949951171875,1257.0,1241.8499755859375,1252.199951171875
RELIANCE.NS,2025-01-16,1258.9000244140625,1275.0,1251.300048828125,1266.449951171875
RELIANCE.NS,2025-01-17,1322.25,1326.0,1285.0,1302.3499755859375
RELIANCE.NS,2025-01-20,1316.0,1316.0,1300.25,1305.449951171875
RELIANCE.NS,2025-01-21,1310.5,1313.0,1270.199951171875,1273.699951171875
RELIANCE.NS,2025-01-22,1278.300048828125,1282.9000244140625,1268.699951171875,1277.0999755859375
RELIANCE.NS,2025-01-23,1270.0,1277.3499755859375,1261.5999755859375,1263.6500244140625
RELIANCE.NS,2025-01-24,1266.0,1273.0,1243.5,1246.300048828125
RELIANCE.NS,2025-01-27,1239.0999755859375,1240.449951171875,1220.0,1229.3499755859375
RELIANCE.NS,2025-01-28,1238.0,1244.75,1218.5,1234.4000244140625
RELIANCE.NS,2025-01-29,1236.0,1242.75,1228.050048828125,1235.5
RELIANCE.NS,2025-01-30,1235.550048828125,1257.0,1232.4000244140625,1253.050048828125
RELIANCE.NS,2025-01-31,1255.8499755859375,1267.0,1249.0,1265.0999755859375
RELIANCE.NS,2025-02-01,1265.0999755859375,1270.550048828125,1241.0,1264.5999755859375
RELIANCE.NS,2025-02-03,1251.0,1256.0,1237.550048828125,1245.9000244140625
RELIANCE.NS,2025-02-04,1248.050048828125,1288.800048828125,1246.5999755859375,1285.199951171875
RELIANCE.NS,2025-02-05,1282.6500244140625,1290.5,1276.699951171875,1278.199951171875
RELIANCE.NS,2025-02-06,1273.699951171875,1288.0,1270.3499755859375,1281.550048828125
RELIANCE.NS,2025-02-07,1276.1500244140625,1283.699951171875,1262.0,1266.699951171875
RELIANCE.NS,2025-02-10,1264.5,1266.5,1245.550048828125,1253.6500244140625
RELIANCE.NS,2025-02-11,1264.550048828125,1264.550048828125,1230.0999755859375,1234.8499755859375
RELIANCE.NS,2025-02-12,1219.449951171875,1226.9000244140625,1193.3499755859375,1216.550048828125
RELIANCE.NS,2025-02-13,1217.050048828125,1228.0,1212.0,1216.0999755859375
RELIANCE.NS,2025-02-14,1219.0,1224.0,1205.449951171875,1217.25
RELIANCE.NS,2025-02-17,1211.0999755859375,1227.5,1204.5,1224.9000244140625
RELIANCE.NS,2025-02-18,1224.8499755859375,1229.9000244140625,1216.0999755859375,1225.4000244140625
RELIANCE.NS,2025-02-19,1219.5,1232.75,1217.550048828125,1227.449951171875
RELIANCE.NS,2025-02-20,1223.949951171875,1239.3499755859375,1222.0,1233.0
RELIANCE.NS,2025-02-21,1228.699951171875,1240.0,1222.1500244140625,1228.1500244140625
RELIANCE.NS,2025-02-24,1216.550048828125,1223.25,1210.5,1214.550048828125
RELIANCE.NS,2025-02-25,1211.0,1221.0,1201.5,1204.0
RELIANCE.NS,2025-02-27,1212.800048828125,1215.0,1200.6500244140625,1207.0999755859375
RELIANCE.NS,2025-02-28,1202.0,1217.3499755859375,1193.300048828125,1200.0999755859375
RELIANCE.NS,2025-03-03,1204.0,1206.449951171875,1156.0,1171.25
RELIANCE.NS,2025-03-04,1162.199951171875,1174.0,1159.550048828125,1161.9000244140625
RELIANCE.NS,2025-03-05,1161.0,1183.0,1157.0,1175.5999755859375
RELIANCE.NS,2025-03-06,1197.0,1213.949951171875,1185.1500244140625,1209.5999755859375
RELIANCE.NS,2025-03-07,1216.0,1254.800048828125,1212.0,1249.800048828125
RELIANCE.NS,2025-03-10,1245.0,1258.0,1235.4000244140625,1238.4000244140625
RELIANCE.NS,2025-03-11,1240.0,1249.5,1229.75,1247.300048828125
RELIANCE.NS,2025-03-12,1258.0,1263.0,1244.0,1257.050048828125
RELIANCE.NS,2025-03-13,1260.050048828125,1264.1500244140625,1243.8499755859375,1247.9000244140625
RELIANCE.NS,2025-03-17,1242.1500244140625,1257.4000244140625,1233.0999755859375,1238.8499755859375
RELIANCE.NS,2025-03-18,1238.8499755859375,1238.8499755859375,1238.8499755859375,1238.8499755859375
RELIANCE.NS,2025-03-19,1241.050048828125,1253.25,1238.800048828125,1247.1500244140625
RELIANCE.NS,2025-03-20,1251.8499755859375,1273.0,1250.050048828125,1269.1500244140625
RELIANCE.NS,2025-03-21,1275.0,1281.0,1270.0999755859375,1276.3499755859375
RELIANCE.NS,2025-03-24,1291.0,1306.0,1284.25,1302.0999755859375
RELIANCE.NS,2025-03-25,1307.699951171875,1307.699951171875,1282.5999755859375,1285.449951171875
RELIANCE.NS,2025-03-26,1291.0,1293.800048828125,1268.75,1273.050048828125
RELIANCE.NS,2025-03-27,1278.1500244140625,1285.0,1271.300048828125,1278.199951171875
RELIANCE.NS,2025-03-28,1280.0,1295.75,1269.0,1275.0999755859375
RELIANCE.NS,2025-04-01,1264.5999755859375,1277.9000244140625,1249.300048828125,1252.5999755859375
RELIANCE.NS,2025-04-02,1247.550048828125,1255.550048828125,1243.9000244140625,1251.1500244140625
RELIANCE.NS,2025-04-03,1233.050048828125,1251.800048828125,1233.050048828125,1248.699951171875
RELIANCE.NS,2025-04-04,1241.0999755859375,1245.449951171875,1193.1500244140625,1204.699951171875
RELIANCE.NS,2025-04-07,1132.199951171875,1171.25,1114.8499755859375,1165.699951171875
RELIANCE.NS,2025-04-08,1172.0,1196.5999755859375,1163.300048828125,1182.199951171875
RELIANCE.NS,2025-04-09,1169.5,1189.800048828125,1168.0,1185.3499755859375
RELIANCE.NS,2025-04-11,1195.1500244140625,1222.6500244140625,1195.1500244140625,1218.949951171875
RELIANCE.NS,2025-04-15,1251.0,1251.0,1237.0999755859375,1240.0999755859375
RELIANCE.NS,2025-04-16,1234.0999755859375,1240.9000244140625,1229.0,1239.300048828125
RELIANCE.NS,2025-04-17,1240.199951171875,1280.199951171875,1227.5999755859375,1274.5
RELIANCE.NS,2025-04-21,1270.0,1300.9000244140625,1267.0,1295.5
RELIANCE.NS,2025-04-22,1300.0,1303.9000244140625,1286.300048828125,1291.199951171875
RELIANCE.NS,2025-04-23,1297.0,1306.0,1285.4000244140625,1300.0
RELIANCE.NS,2025-04-24,1292.4000244140625,1304.5,1290.300048828125,1301.5999755859375
RELIANCE.NS,2025-04-25,1303.5,1325.199951171875,1288.0999755859375,1300.4000244140625
RELIANCE.NS,2025-04-28,1340.0,1374.5999755859375,1320.199951171875,1368.800048828125
RELIANCE.NS,2025-04-29,1371.0,1410.9000244140625,1370.0,1399.699951171875
RELIANCE.NS,2025-04-30,1402.0,1412.4000244140625,1369.0,1405.0
RELIANCE.NS,2025-05-02,1414.0,1426.699951171875,1409.0999755859375,1419.800048828125
RELIANCE.NS,2025-05-05,1431.0,1439.5,1426.9000244140625,1431.300048828125
RELIANCE.NS,2025-05-06,1431.0,1432.0,1410.5999755859375,1420.9000244140625
RELIANCE.NS,2025-05-07,1420.9000244140625,1424.4000244140625,1402.699951171875,1406.0
RELIANCE.NS,2025-05-08,1404.0999755859375,1420.800048828125,1398.0,1407.0
RELIANCE.NS,2025-05-09,1385.5,1394.800048828125,1374.5,1377.199951171875
RELIANCE.NS,2025-05-12,1400.0,1439.0,1400.0,1436.5
RELIANCE.NS,2025-05-13,1433.5,1447.699951171875,1412.4000244140625,1415.699951171875
RELIANCE.NS,2025-05-14,1420.0,1429.9000244140625,1415.5,1424.4000244140625
RELIANCE.NS,2025-05-15,1425.0,1461.4000244140625,1412.699951171875,1454.199951171875
RELIANCE.NS,2025-05-16,1453.199951171875,1461.0,1447.300048828125,1456.4000244140625
RELIANCE.NS,2025-05-19,1452.0999755859375,1454.5999755859375,1438.199951171875,1440.800048828125
RELIANCE.NS,2025-05-20,1438.199951171875,1445.0,1421.800048828125,1424.5999755859375
RELIANCE.NS,2025-05-21,1423.9000244140625,1436.199951171875,1418.0999755859375,1429.199951171875
RELIANCE.NS,2025-05-22,1421.199951171875,1423.800048828125,1396.9000244140625,1409.4000244140625
RELIANCE.NS,2025-05-23,1406.5999755859375,1433.800048828125,1406.5999755859375,1426.800048828125
RELIANCE.NS,2025-05-26,1432.0,1441.0,1425.0999755859375,1434.800048828125
RELIANCE.NS,2025-05-27,1426.0999755859375,1437.0,1413.9000244140625,1422.0999755859375
RELIANCE.NS,2025-05-28,1420.0999755859375,1422.5999755859375,1410.699951171875,1412.9000244140625
RELIANCE.NS,2025-05-29,1412.0999755859375,1420.0,1408.5999755859375,1417.800048828125
RELIANCE.NS,2025-05-30,1418.0,1430.5999755859375,1409.699951171875,1420.9000244140625
RELIANCE.NS,2025-06-02,1412.0999755859375,1417.5,1395.5999755859375,1413.699951171875
RELIANCE.NS,2025-06-03,1422.300048828125,1426.5,1403.4000244140625,1405.5
RELIANCE.NS,2025-06-04,1414.699951171875,1425.699951171875,1406.0999755859375,1423.5
RELIANCE.NS,2025-06-05,1428.0,1454.699951171875,1423.5999755859375,1442.4000244140625
RELIANCE.NS,2025-06-06,1441.0,1451.5,1437.0,1443.5
RELIANCE.NS,2025-06-09,1457.0,1457.5,1445.300048828125,1448.800048828125
RELIANCE.NS,2025-06-10,1450.0,1453.9000244140625,1436.0,1438.5
RELIANCE.NS,2025-06-11,1445.800048828125,1468.5999755859375,1443.0999755859375,1448.9000244140625
RELIANCE.NS,2025-06-12,1453.5,1457.0,1434.4000244140625,1441.5999755859375
RELIANCE.NS,2025-06-13,1424.0,1435.5,1414.300048828125,1427.9000244140625
RELIANCE.NS,2025-06-16,1426.9000244140625,1442.4000244140625,1424.4000244140625,1437.800048828125
RELIANCE.NS,2025-06-17,1448.0,1448.0,1425.800048828125,1431.199951171875
RELIANCE.NS,2025-06-18,1430.0,1442.800048828125,1425.699951171875,1430.0999755859375
RELIANCE.NS,2025-06-19,1430.0999755859375,1439.9000244140625,1425.699951171875,1433.300048828125
RELIANCE.NS,2025-06-20,1431.0,1471.0,1428.0999755859375,1466.199951171875
RELIANCE.NS,2025-06-23,1453.0,1463.800048828125,1442.0,1456.800048828125
RELIANCE.NS,2025-06-24,1465.0,1475.0,1443.0999755859375,1450.800048828125
RELIANCE.NS,2025-06-25,1464.0,1472.4000244140625,1460.5,1467.300048828125
RELIANCE.NS,2025-06-26,1469.0999755859375,1498.800048828125,1465.0999755859375,1495.300048828125
RELIANCE.NS,2025-06-27,1499.4000244140625,1522.0,1496.9000244140625,1515.4000244140625
RELIANCE.NS,2025-06-30,1513.800048828125,1524.800048828125,1496.0,1500.5999755859375
RELIANCE.NS,2025-07-01,1500.5999755859375,1531.4000244140625,1500.0999755859375,1528.4000244140625
RELIANCE.NS,2025-07-02,1528.4000244140625,1530.0,1508.699951171875,1518.800048828125
RELIANCE.NS,2025-07-03,1520.800048828125,1531.9000244140625,1513.0,1517.800048828125
RELIANCE.NS,2025-07-04,1524.0,1530.0,1517.199951171875,1527.300048828125
RELIANCE.NS,2025-07-07,1526.5999755859375,1544.800048828125,1525.0,1541.5
RELIANCE.NS,2025-07-08,1536.0,1544.9000244140625,1530.199951171875,1537.5999755859375
RELIANCE.NS,2025-07-09,1536.699951171875,1551.0,1510.0999755859375,1519.0
RELIANCE.NS,2025-07-10,1519.699951171875,1524.699951171875,1507.5,1517.199951171875
RELIANCE.NS,2025-07-11,1512.0,1515.0,1490.300048828125,1495.199951171875
RELIANCE.NS,2025-07-14,1492.199951171875,1500.0,1479.0999755859375,1483.699951171875
RELIANCE.NS,2025-07-15,1486.199951171875,1496.5,1482.4000244140625,1485.4000244140625
RELIANCE.NS,2025-07-16,1473.0,1491.0,1471.5,1485.5999755859375
RELIANCE.NS,2025-07-17,1487.4000244140625,1489.5999755859375,1473.9000244140625,1476.4000244140625
RELIANCE.NS,2025-07-18,1484.800048828125,1484.800048828125,1469.0999755859375,1476.0
RELIANCE.NS,2025-07-21,1465.0,1476.0,1423.0999755859375,1428.5999755859375
RELIANCE.NS,2025-07-22,1427.4000244140625,1431.9000244140625,1410.699951171875,1412.800048828125
RELIANCE.NS,2025-07-23,1426.0,1426.0,1414.4000244140625,1424.5999755859375
RELIANCE.NS,2025-07-24,1419.199951171875,1423.0,1396.0,1402.9000244140625
RELIANCE.NS,2025-07-25,1398.9000244140625,1401.0,1384.0999755859375,1391.699951171875
RELIANCE.NS,2025-07-28,1392.300048828125,1407.800048828125,1385.0,1387.5999755859375
RELIANCE.NS,2025-07-29,1383.0,1420.199951171875,1383.0,1417.0999755859375
RELIANCE.NS,2025-07-30,1418.0999755859375,1423.300048828125,1401.300048828125,1410.0999755859375
RELIANCE.NS,2025-07-31,1388.0999755859375,1402.5999755859375,1382.199951171875,1390.199951171875
RELIANCE.NS,2025-08-01,1386.9000244140625,1405.9000244140625,1384.300048828125,1393.699951171875
RELIANCE.NS,2025-08-04,1395.0999755859375,1416.0999755859375,1391.699951171875,1411.5
RELIANCE.NS,2025-08-05,1411.0,1411.0,1388.0999755859375,1391.699951171875
RELIANCE.NS,2025-08-06,1391.9000244140625,1395.9000244140625,1383.300048828125,1392.800048828125
RELIANCE.NS,2025-08-07,1387.699951171875,1393.699951171875,1366.0,1389.4000244140625
RELIANCE.NS,2025-08-08,1385.0,1397.199951171875,1365.0,1367.800048828125
RELIANCE.NS,2025-08-11,1370.0,1388.0,1361.199951171875,1386.199951171875
RELIANCE.NS,2025-08-12,1381.9000244140625,1401.9000244140625,1375.199951171875,1380.4000244140625
RELIANCE.NS,2025-08-13,1388.0,1391.800048828125,1377.5,1382.5999755859375
RELIANCE.NS,2025-08-14,1377.300048828125,1380.699951171875,1370.0999755859375,1373.800048828125
RELIANCE.NS,2025-08-18,1390.0,1394.9000244140625,1377.0,1381.699951171875
RELIANCE.NS,2025-08-19,1390.0,1421.0,1389.0999755859375,1420.0999755859375
RELIANCE.NS,2025-08-20,1413.0,1424.9000244140625,1410.0,1413.0
RELIANCE.NS,2025-08-21,1425.0,1431.9000244140625,1420.300048828125,1424.800048828125
RELIANCE.NS,2025-08-22,1420.0,1423.4000244140625,1407.9000244140625,1409.199951171875
RELIANCE.NS,2025-08-25,1414.699951171875,1419.5,1405.699951171875,1412.5999755859375
RELIANCE.NS,2025-08-26,1408.0,1410.0,1381.5999755859375,1384.9000244140625
RELIANCE.NS,2025-08-28,1389.9000244140625,1392.199951171875,1366.5,1385.9000244140625
RELIANCE.NS,2025-08-29,1381.0999755859375,1403.5,1350.0,1357.199951171875
RELIANCE.NS,2025-09-01,1356.0,1363.199951171875,1340.5999755859375,1353.9000244140625
RELIANCE.NS,2025-09-02,1354.800048828125,1384.5,1354.5,1366.5
RELIANCE.NS,2025-09-03,1369.699951171875,1376.5,1360.5,1372.5999755859375
RELIANCE.NS,2025-09-04,1371.800048828125,1374.0,1357.0999755859375,1359.300048828125
RELIANCE.NS,2025-09-05,1363.0,1381.0,1359.300048828125,1375.0
RELIANCE.NS,2025-09-08,1380.0,1386.0,1372.4000244140625,1378.5
RELIANCE.NS,2025-09-09,1376.5999755859375,1381.199951171875,1368.699951171875,1376.199951171875
RELIANCE.NS,2025-09-10,1383.9000244140625,1388.5,1374.0999755859375,1377.0
RELIANCE.NS,2025-09-11,1376.0,1385.5,1375.0,1383.300048828125
RELIANCE.NS,2025-09-12,1383.300048828125,1396.300048828125,1380.5,1395.0
RELIANCE.NS,2025-09-15,1393.0,1400.800048828125,1388.5999755859375,1399.300048828125
RELIANCE.NS,2025-09-16,1404.699951171875,1408.0,1398.199951171875,1405.300048828125
RELIANCE.NS,2025-09-17,1407.0,1416.199951171875,1406.9000244140625,1413.800048828125
RELIANCE.NS,2025-09-18,1420.4000244140625,1422.0,1410.699951171875,1415.0
RELIANCE.NS,2025-09-19,1414.9000244140625,1417.0,1403.5999755859375,1407.4000244140625
RELIANCE.NS,2025-09-22,1403.9000244140625,1410.699951171875,1388.0,1390.5999755859375
RELIANCE.NS,2025-09-23,1391.0,1395.0,1376.800048828125,1389.800048828125
RELIANCE.NS,2025-09-24,1385.300048828125,1396.0,1380.4000244140625,1383.0
RELIANCE.NS,2025-09-25,1381.300048828125,1384.5,1369.0,1372.4000244140625
RELIANCE.NS,2025-09-26,1372.0,1382.699951171875,1366.0,1377.5999755859375
RELIANCE.NS,2025-09-29,1381.5999755859375,1389.0,1368.0,1372.800048828125
RELIANCE.NS,2025-09-30,1377.0999755859375,1377.0999755859375,1362.800048828125,1364.0
RELIANCE.NS,2025-10-01,1367.0,1378.5999755859375,1362.699951171875,1368.699951171875
RELIANCE.NS,2025-10-03,1363.199951171875,1371.5999755859375,1356.9000244140625,1363.4000244140625
RELIANCE.NS,2025-10-06,1360.0,1377.4000244140625,1359.0,1375.0
RELIANCE.NS,2025-10-07,1376.0,1395.9000244140625,1375.9000244140625,1384.800048828125
RELIANCE.NS,2025-10-08,1384.800048828125,1389.0,1364.5,1367.4000244140625
RELIANCE.NS,2025-10-09,1374.0,1380.0,1369.0999755859375,1377.800048828125
RELIANCE.NS,2025-10-10,1377.800048828125,1388.0,1375.0999755859375,1381.699951171875
RELIANCE.NS,2025-10-13,1376.9000244140625,1377.699951171875,1367.800048828125,1375.0
RELIANCE.NS,2025-10-14,1380.0,1388.0,1370.0999755859375,1375.9000244140625
RELIANCE.NS,2025-10-15,1383.0,1384.0,1372.699951171875,1374.300048828125
RELIANCE.NS,2025-10-16,1375.0999755859375,1400.5,1375.0,1398.300048828125
RELIANCE.NS,2025-10-17,1401.0,1423.300048828125,1399.0999755859375,1416.800048828125
RELIANCE.NS,2025-10-20,1440.0,1473.800048828125,1433.300048828125,1466.800048828125
RELIANCE.NS,2025-10-21,1468.0,1474.0,1460.0,1465.199951171875
RELIANCE.NS,2025-10-23,1475.0,1482.9000244140625,1444.5999755859375,1448.4000244140625
RELIANCE.NS,2025-10-24,1450.0,1459.800048828125,1441.0,1451.5999755859375
RELIANCE.NS,2025-10-27,1463.0,1485.0,1458.0,1484.0999755859375
RELIANCE.NS,2025-10-28,1484.0999755859375,1492.0,1477.5999755859375,1486.9000244140625
RELIANCE.NS,2025-10-29,1490.0,1508.300048828125,1488.0999755859375,1504.199951171875
RELIANCE.NS,2025-10-30,1500.0,1503.0999755859375,1484.0,1488.5
RELIANCE.NS,2025-10-31,1490.4000244140625,1497.5,1482.300048828125,1486.4000244140625
RELIANCE.NS,2025-11-03,1486.0,1495.0,1479.300048828125,1484.699951171875
RELIANCE.NS,2025-11-04,1483.9000244140625,1492.800048828125,1470.0999755859375,1473.0999755859375
RELIANCE.NS,2025-11-06,1484.0,1501.5999755859375,1476.199951171875,1496.0999755859375
RELIANCE.NS,2025-11-07,1494.5999755859375,1498.4000244140625,1475.9000244140625,1478.0
RELIANCE.NS,2025-11-10,1477.9000244140625,1501.0,1475.5,1489.300048828125
RELIANCE.NS,2025-11-11,1497.0,1498.800048828125,1480.199951171875,1493.4000244140625
RELIANCE.NS,2025-11-12,1505.0,1524.699951171875,1500.0,1511.5
RELIANCE.NS,2025-11-13,1515.0,1522.0999755859375,1506.800048828125,1510.9000244140625
RELIANCE.NS,2025-11-14,1505.5,1520.9000244140625,1505.5,1518.9000244140625
RELIANCE.NS,2025-11-17,1520.9000244140625,1523.699951171875,1511.5,1518.300048828125
RELIANCE.NS,2025-11-18,1521.699951171875,1527.800048828125,1510.5,1519.4000244140625
RELIANCE.NS,2025-11-19,1517.4000244140625,1522.300048828125,1512.0,1518.9000244140625
RELIANCE.NS,2025-11-20,1530.0,1550.9000244140625,1526.699951171875,1549.0999755859375
RELIANCE.NS,2025-11-21,1541.0,1557.800048828125,1540.0999755859375,1546.5999755859375
RELIANCE.NS,2025-11-24,1550.0,1550.0,1531.800048828125,1535.9000244140625
RELIANCE.NS,2025-11-25,1535.9000244140625,1559.5999755859375,1525.0999755859375,1539.699951171875
RELIANCE.NS,2025-11-26,1542.300048828125,1571.5999755859375,1540.5,1569.9000244140625
RELIANCE.NS,2025-11-27,1575.0,1575.5,1556.0,1563.4000244140625
RELIANCE.NS,2025-11-28,1568.0,1581.300048828125,1563.0,1567.5
RELIANCE.NS,2025-12-01,1575.0,1577.5,1563.5999755859375,1566.0999755859375
RELIANCE.NS,2025-12-02,1561.0999755859375,1567.5,1542.0,1546.300048828125
RELIANCE.NS,2025-12-03,1545.199951171875,1552.4000244140625,1533.0,1538.800048828125
RELIANCE.NS,2025-12-04,1536.0,1560.5,1517.5999755859375,1535.5999755859375
RELIANCE.NS,2025-12-05,1530.4000244140625,1545.800048828125,1520.5999755859375,1540.5999755859375
RELIANCE.NS,2025-12-08,1539.199951171875,1551.0,1535.0,1543.0
RELIANCE.NS,2025-12-09,1540.300048828125,1542.5,1520.0999755859375,1529.4000244140625
RELIANCE.NS,2025-12-10,1534.0,1547.5,1531.4000244140625,1536.9000244140625
RELIANCE.NS,2025-12-11,1536.9000244140625,1550.0,1524.0,1545.0
RELIANCE.NS,2025-12-12,1550.800048828125,1559.800048828125,1546.0999755859375,1556.5
RELIANCE.NS,2025-12-15,1551.199951171875,1558.5999755859375,1546.5,1556.199951171875
RELIANCE.NS,2025-12-16,1545.0,1551.699951171875,1538.800048828125,1542.300048828125
RELIANCE.NS,2025-12-17,1550.0,1550.0,1539.300048828125,1544.4000244140625
RELIANCE.NS,2025-12-18,1535.199951171875,1551.5,1535.199951171875,1544.4000244140625
RELIANCE.NS,2025-12-19,1554.4000244140625,1574.199951171875,1551.0,1565.0999755859375
RELIANCE.NS,2025-12-22,1573.5,1577.5,1565.300048828125,1575.4000244140625
RELIANCE.NS,2025-12-23,1580.9000244140625,1580.9000244140625,1568.0999755859375,1570.699951171875
RELIANCE.NS,2025-12-24,1572.699951171875,1575.699951171875,1553.5999755859375,1558.199951171875
RELIANCE.NS,2025-12-26,1554.699951171875,1561.0,1554.300048828125,1559.199951171875
RELIANCE.NS,2025-12-29,1554.9000244140625,1558.0999755859375,1543.5999755859375,1545.5999755859375
RELIANCE.NS,2025-12-30,1547.0,1553.5999755859375,1537.800048828125,1539.800048828125
RELIANCE.NS,2025-12-31,1541.0,1577.0,1541.0,1570.4000244140625
RELIANCE.NS,2026-01-01,1573.699951171875,1592.5,1571.0999755859375,1575.5999755859375
RELIANCE.NS,2026-01-02,1580.0,1594.5999755859375,1578.199951171875,1592.300048828125
RELIANCE.NS,2026-01-05,1593.0,1611.800048828125,1575.300048828125,1578.0999755859375
RELIANCE.NS,2026-01-06,1569.0,1569.0,1496.300048828125,1507.5999755859375
RELIANCE.NS,2026-01-07,1510.0,1520.0,1498.0,1504.199951171875
RELIANCE.NS,2026-01-08,1500.0,1503.9000244140625,1468.800048828125,1470.5999755859375
RELIANCE.NS,2026-01-09,1465.0,1479.9000244140625,1465.0,1475.300048828125
RELIANCE.NS,2026-01-12,1475.300048828125,1485.300048828125,1451.0,1483.199951171875
RELIANCE.NS,2026-01-13,1485.0,1485.800048828125,1444.699951171875,1452.800048828125
RELIANCE.NS,2026-01-14,1444.0,1467.0,1440.199951171875,1458.800048828125
RELIANCE.NS,2026-01-15,1458.800048828125,1458.800048828125,1458.800048828125,1458.800048828125
RELIANCE.NS,2026-01-16,1458.800048828125,1480.0,1455.0999755859375,1457.9000244140625
RELIANCE.NS,2026-01-19,1450.5999755859375,1450.5999755859375,1403.300048828125,1413.5999755859375
RELIANCE.NS,2026-01-20,1410.699951171875,1416.0,1390.0,1394.0
RELIANCE.NS,2026-01-21,1389.5,1412.9000244140625,1373.0,1404.5999755859375
RELIANCE.NS,2026-01-22,1410.0999755859375,1419.5,1395.0,1402.5
RELIANCE.NS,2026-01-23,1401.800048828125,1407.0,1381.0,1386.0999755859375
RELIANCE.NS,2026-01-27,1380.0,1391.5999755859375,1368.0,1380.5
RELIANCE.NS,2026-01-28,1385.0,1409.9000244140625,1384.9000244140625,1396.699951171875
RELIANCE.NS,2026-01-29,1402.9000244140625,1402.9000244140625,1384.0,1391.0
RELIANCE.NS,2026-01-30,1382.5999755859375,1398.0,1378.5,1395.4000244140625
RELIANCE.NS,2026-02-02,1340.0,1392.9000244140625,1335.5,1390.4000244140625
RELIANCE.NS,2026-02-03,1473.9000244140625,1489.5,1430.199951171875,1437.0999755859375
RELIANCE.NS,2026-02-04,1444.0,1464.0,1440.300048828125,1456.800048828125
RELIANCE.NS,2026-02-05,1457.0,1461.5,1439.5,1443.4000244140625
RELIANCE.NS,2026-02-06,1441.5,1452.800048828125,1433.5,1450.800048828125
RELIANCE.NS,2026-02-09,1458.0,1465.9000244140625,1453.0,1461.5999755859375
RELIANCE.NS,2026-02-10,1471.0,1471.0,1452.199951171875,1458.5
RELIANCE.NS,2026-02-11,1459.5999755859375,1470.0,1453.5999755859375,1468.699951171875
RELIANCE.NS,2026-02-12,1470.0,1473.0,1445.5,1448.9000244140625
RELIANCE.NS,2026-02-13,1445.5,1450.699951171875,1416.300048828125,1419.5999755859375
RELIANCE.NS,2026-02-16,1420.0999755859375,1439.5999755859375,1409.300048828125,1437.0999755859375
RELIANCE.NS,2026-02-17,1431.0999755859375,1431.800048828125,1418.5999755859375,1423.0
RELIANCE.NS,2026-02-18,1427.0,1442.0999755859375,1419.199951171875,1441.300048828125
RELIANCE.NS,2026-02-19,1443.0,1443.0,1400.0,1409.5
RELIANCE.NS,2026-02-20,1409.5,1427.4000244140625,1406.0999755859375,1419.4000244140625
RELIANCE.NS,2026-02-23,1425.0,1434.9000244140625,1418.300048828125,1428.0
RELIANCE.NS,2026-02-24,1425.300048828125,1433.300048828125,1415.0,1428.800048828125
RELIANCE.NS,2026-02-25,1435.0,1440.5,1393.5,1398.5
RELIANCE.NS,2026-02-26,1398.5,1412.9000244140625,1391.9000244140625,1406.800048828125
RELIANCE.NS,2026-02-27,1398.0,1410.4000244140625,1388.0999755859375,1393.9000244140625
RELIANCE.NS,2026-03-02,1375.5,1378.5999755859375,1341.5,1358.0
RELIANCE.NS,2026-03-04,1330.0,1352.800048828125,1307.0,1345.0
RELIANCE.NS,2026-03-05,1353.0999755859375,1399.0,1353.0999755859375,1389.4000244140625
RELIANCE.NS,2026-03-06,1396.5,1424.300048828125,1390.300048828125,1404.800048828125
RELIANCE.NS,2026-03-09,1375.0,1429.4000244140625,1370.0,1424.0
RELIANCE.NS,2026-03-10,1430.5999755859375,1431.5,1400.5999755859375,1408.800048828125
RELIANCE.NS,2026-03-11,1424.9000244140625,1434.0,1383.5999755859375,1390.199951171875
RELIANCE.NS,2026-03-12,1390.0,1410.9000244140625,1381.0999755859375,1392.199951171875
RELIANCE.NS,2026-03-13,1385.199951171875,1400.800048828125,1378.4000244140625,1380.699951171875
RELIANCE.NS,2026-03-16,1380.0,1397.300048828125,1363.5,1395.0999755859375
RELIANCE.NS,2026-03-17,1399.0,1405.9000244140625,1388.199951171875,1397.5999755859375
RELIANCE.NS,2026-03-18,1397.199951171875,1412.9000244140625,1397.199951171875,1408.0999755859375
RELIANCE.NS,2026-03-19,1388.0,1415.699951171875,1376.0999755859375,1384.800048828125
RELIANCE.NS,2026-03-20,1398.0,1430.0,1396.0999755859375,1414.4000244140625
RELIANCE.NS,2026-03-23,1400.0,1415.5999755859375,1391.0,1407.800048828125
RELIANCE.NS,2026-03-24,1420.0,1422.4000244140625,1406.5999755859375,1411.800048828125
RELIANCE.NS,2026-03-25,1420.0,1430.5,1408.4000244140625,1413.0999755859375
RELIANCE.NS,2026-03-27,1401.0,1404.699951171875,1345.0,1348.0999755859375
RELIANCE.NS,2026-03-30,1335.0,1365.0,1334.0999755859375,1343.9000244140625
RELIANCE.NS,2026-04-01,1384.199951171875,1384.4000244140625,1362.9000244140625,1369.199951171875
RELIANCE.NS,2026-04-02,1357.0,1358.199951171875,1328.0,1350.5
RELIANCE.NS,2026-04-06,1359.0,1359.0,1290.0,1304.699951171875
RELIANCE.NS,2026-04-07,1295.0,1308.300048828125,1291.0,1304.5999755859375
RELIANCE.NS,2026-04-08,1349.0,1350.5999755859375,1326.199951171875,1347.800048828125
RELIANCE.NS,2026-04-09,1346.0,1350.0,1326.300048828125,1330.0
RELIANCE.NS,2026-04-10,1337.0,1352.300048828125,1331.5,1350.199951171875
RELIANCE.NS,2026-04-13,1321.199951171875,1327.5999755859375,1310.0,1315.0999755859375
RELIANCE.NS,2026-04-15,1337.0,1347.0,1334.199951171875,1344.0999755859375
RELIANCE.NS,2026-04-16,1352.0,1353.800048828125,1330.0,1343.300048828125
RELIANCE.NS,2026-04-17,1340.0,1368.4000244140625,1340.0,1365.0
RELIANCE.NS,2026-04-20,1363.199951171875,1373.0,1352.800048828125,1363.300048828125
RELIANCE.NS,2026-04-21,1359.0,1369.800048828125,1350.0999755859375,1353.300048828125
RELIANCE.NS,2026-04-22,1350.300048828125,1366.0,1349.0999755859375,1362.0999755859375
RELIANCE.NS,2026-04-23,1346.0,1355.5,1340.699951171875,1343.4000244140625
RELIANCE.NS,2026-04-24,1340.0,1345.9000244140625,1325.0,1327.800048828125
RELIANCE.NS,2026-04-27,1313.0,1371.5999755859375,1311.0,1365.800048828125
RELIANCE.NS,2026-04-28,1358.0,1395.199951171875,1357.0,1388.9000244140625
RELIANCE.NS,2026-04-29,1392.0,1433.800048828125,1391.300048828125,1425.4000244140625
RELIANCE.NS,2026-04-30,1409.0,1437.0,1393.0999755859375,1430.800048828125
RELIANCE.NS,2026-05-01,1430.800048828125,1430.800048828125,1430.800048828125,1430.800048828125
RELIANCE.NS,2026-05-04,1433.4000244140625,1467.4000244140625,1433.4000244140625,1463.0999755859375
RELIANCE.NS,2026-05-05,1460.0,1473.4000244140625,1450.0,1463.5999755859375
RELIANCE.NS,2026-05-06,1463.0,1473.300048828125,1427.5,1437.9000244140625
RELIANCE.NS,2026-05-07,1438.800048828125,1449.5,1430.300048828125,1436.199951171875
RELIANCE.NS,2026-05-08,1426.0,1442.800048828125,1417.5,1435.199951171875
RELIANCE.NS,2026-05-11,1420.0,1428.0,1382.0,1388.199951171875
RELIANCE.NS,2026-05-12,1392.0,1393.5,1360.300048828125,1364.0
RELIANCE.NS,2026-05-13,1361.4000244140625,1372.4000244140625,1352.4000244140625,1358.800048828125
RELIANCE.NS,2026-05-14,1365.199951171875,1378.0,1358.4000244140625,1361.800048828125
RELIANCE.NS,2026-05-15,1356.800048828125,1364.800048828125,1329.199951171875,1336.4000244140625
RELIANCE.NS,2026-05-18,1334.0,1342.0,1318.699951171875,1335.9000244140625
RELIANCE.NS,2026-05-19,1338.699951171875,1344.0,1318.4000244140625,1322.699951171875
RELIANCE.NS,2026-05-20,1318.699951171875,1362.9000244140625,1312.5999755859375,1359.699951171875
RELIANCE.NS,2026-05-21,1367.199951171875,1370.9000244140625,1345.199951171875,1349.5999755859375
RELIANCE.NS,2026-05-22,1350.0,1367.4000244140625,1349.0999755859375,1354.5
RELIANCE.NS,2026-05-25,1366.800048828125,1371.0999755859375,1357.0,1367.0
RELIANCE.NS,2026-05-26,1360.0999755859375,1368.5,1352.4000244140625,1356.300048828125
RELIANCE.NS,2026-05-27,1353.0,1361.0,1348.5999755859375,1350.5
RELIANCE.NS,2026-05-28,1350.5,1350.5,1350.5,1350.5
RELIANCE.NS,2026-05-29,1364.0,1369.0,1317.0,1321.199951171875
RELIANCE.NS,2026-06-01,1332.5,1335.5,1318.5,1320.0
RELIANCE.NS,2026-06-02,1307.699951171875,1327.800048828125,1300.300048828125,1314.5999755859375
RELIANCE.NS,2026-06-03,1315.0,1324.0,1301.0,1313.199951171875
RELIANCE.NS,2026-06-04,1301.0,1311.199951171875,1293.0999755859375,1303.699951171875
RELIANCE.NS,2026-06-05,1304.5,1306.0,1288.0,1291.0
RELIANCE.NS,2026-06-08,1277.0,1282.5999755859375,1259.199951171875,1263.300048828125
RELIANCE.NS,2026-06-09,1269.0,1274.199951171875,1257.5,1269.199951171875
RELIANCE.NS,2026-06-10,1275.0,1300.5,1254.4000244140625,1258.800048828125
RELIANCE.NS,2026-06-11,1258.0,1276.0,1253.199951171875,1263.0
RELIANCE.NS,2026-06-12,1277.0,1297.0,1262.5,1293.0
RELIANCE.NS,2026-06-15,1315.300048828125,1325.0,1303.300048828125,1307.0
RELIANCE.NS,2026-06-16,1313.4000244140625,1333.4000244140625,1306.4000244140625,1328.800048828125
RELIANCE.NS,2026-06-17,1333.0,1334.0,1317.0,1332.699951171875
RELIANCE.NS,2026-06-18,1330.0,1333.9000244140625,1322.0,1328.0999755859375
RELIANCE.NS,2026-06-19,1328.0,1338.199951171875,1305.300048828125,1309.5
RELIANCE.NS,2026-06-22,1316.699951171875,1344.9000244140625,1314.0999755859375,1326.5
RELIANCE.NS,2026-06-23,1328.9000244140625,1333.0,1304.0,1309.5
RELIANCE.NS,2026-06-24,1305.699951171875,1322.0,1297.5,1313.5999755859375
RELIANCE.NS,2026-06-25,1318.0,1328.0,1314.5999755859375,1318.0999755859375
RELIANCE.NS,2026-06-26,1318.0999755859375,1318.0999755859375,1318.0999755859375,1318.0999755859375
RELIANCE.NS,2026-06-29,1308.0,1313.699951171875,1292.5999755859375,1301.0
RELIANCE.NS,2026-06-30,1306.9000244140625,1306.9000244140625,1290.0,1293.9000244140625
RELIANCE.NS,2026-07-01,1298.9000244140625,1312.199951171875,1296.5,1308.0
RELIANCE.NS,2026-07-02,1310.0,1313.199951171875,1299.0,1303.5
RELIANCE.NS,2026-07-03,1312.0,1312.0,1302.0,1304.0
RELIANCE.NS,2026-07-06,1304.0,1325.5999755859375,1299.4000244140625,1321.300048828125
RELIANCE.NS,2026-07-07,1323.5,1328.0,1304.0999755859375,1308.4000244140625
RELIANCE.NS,2026-07-08,1297.0,1302.300048828125,1271.5999755859375,1275.9000244140625
RELIANCE.NS,2026-07-09,1277.0999755859375,1296.5,1274.199951171875,1279.800048828125
RELIANCE.NS,2026-07-10,1291.9000244140625,1311.0999755859375,1287.800048828125,1307.800048828125
RELIANCE.NS,2026-07-13,1300.0,1306.4000244140625,1295.0,1296.9000244140625
RELIANCE.NS,2026-07-14,1290.0,1308.0,1286.9000244140625,1293.0
RELIANCE.NS,2026-07-15,1294.0999755859375,1310.9000244140625,1294.0999755859375,1295.5
RELIANCE.NS,2026-07-16,1295.5,1309.4000244140625,1291.800048828125,1296.5999755859375
RELIANCE.NS,2026-07-17,1300.0,1330.300048828125,1296.0999755859375,1327.199951171875
RELIANCE.NS,2026-07-20,1317.199951171875,1345.9000244140625,1314.9000244140625,1323.0999755859375
RELIANCE.NS,2026-07-21,1321.0,1326.9000244140625,1302.699951171875,1303.699951171875
RELIANCE.NS,2026-07-22,1302.0,1304.5999755859375,1280.699951171875,1288.5999755859375
RELIANCE.NS,2026-07-23,1283.0,1287.300048828125,1268.0,1272.199951171875
RELIANCE.NS,2026-07-24,1265.0,1283.4000244140625,1249.800048828125,1278.0
RELIANCE.NS,2026-07-27,1288.199951171875,1288.699951171875,1278.0,1280.0
RELIANCE.NS,2026-07-28,1275.0,1279.199951171875,1265.9000244140625,1267.699951171875
RELIANCE.NS,2026-07-29,1275.0,1282.4000244140625,1268.699951171875,1275.9000244140625
RELIANCE.NS,2026-07-30,1279.800048828125,1297.0,1275.300048828125,1292.9000244140625
RELIANCE.NS,2026-07-31,1295.0,1309.699951171875,1293.5999755859375,1307.800048828125
RELIANCE.NS,2026-08-03,1315.199951171875,1319.0,1306.0,1319.0
RELIANCE.NS,2026-08-04,1315.0,1315.0,1286.4000244140625,1290.9000244140625
RELIANCE.NS,2026-08-05,1293.0,1299.0,1270.0999755859375,1280.0
RELIANCE.NS,2026-08-06,1285.0,1325.199951171875,1281.199951171875,1325.0
RELIANCE.NS,2026-08-07,1320.0,1337.0,1316.5999755859375,1334.800048828125
RELIANCE.NS,2026-08-10,1330.0999755859375,1332.9000244140625,1321.300048828125,1327.300048828125
